"Tier","Subsystem","ShortSha","Date","Author","Subject","FullSha"
"2","Combat & Spells","448df9ba0","2026-09-08","schell244","Roll daze before sending SMSG_ATTACKERSTATEUPDATE.","448df9ba06d2b2b1678fcfd782a77e1e3ebf26b9"
"2","Combat & Spells","3997d1698","2026-09-08","schell244","Pass CalcDamageInfo to RollMeleeOutcomeAgainst instead of returning outcome.","3997d1698c71aad6451166ee645e2fefd9efbc4f"
"2","Combat & Spells","24db7802e","2026-09-07","schell244","Fix Scourge Invasion world state, attack timer and event teardown.","24db7802e7a1e4a2ef974fde01a7c8a7e5bd84b1"
"4","AI & Movement","ba8639e28","2026-09-07","schell244","Fix Scourge Invasion zone invasions never being retried after a failed load.","ba8639e283741668ac07551e839664fedaa66338"
"1","Crashes & Security","5887d67fe","2026-09-07","schell244","Fix memory leak of hardcoded events in GameEventMgr.","5887d67fed0d05790d568e61228bf540df5bf5c8"
"1","Crashes & Security","ed2da0582","2026-09-07","schell244","Fix memory leaks of spell mods and aura scripts.","ed2da058243062f61b6a6b22c3ffab17191099f9"
"1","Crashes & Security","84f1bbccd","2026-09-06","Gamemechanic","Small changes to Formulas.h (#3556)","84f1bbccdbb1921a8ca49e5ab19e6c504ce2d721"
"5","Encounters & World","92e1a69c6","2026-09-06","schell244","Add more missing gameobjects.","92e1a69c6180ae6ca5ae9c8d882886d9fcc21c2d"
"5","General Systems","c78268059","2026-09-05","Gamemechanic","Fix buyback replacing items. (#3555)","c782680596f238447bec47dacd874752db1c6e13"
"5","Encounters & World","7b601d1c4","2026-09-05","Gamemechanic","Corrections to IsVendorItemValid, (#3554)","7b601d1c43d6cafc79aeb050a74af13329a95148"
"5","General Systems","b7a6ef7ea","2026-09-05","FlagFlayer","Correct gossip option texts for Felwood cleansed plants (#3553)","b7a6ef7eacdb82ab97d0b633507bfa839ffeca18"
"2","Combat & Spells","9d28d2848","2026-09-04","schell244","Add remaining missing gameobjects summoned by spells.","9d28d2848dc80702f10fc7898c3c4bedce04d1ba"
"5","Encounters & World","e13afe5b5","2026-09-04","schell244","Add gameobject template for Pillaclencher's Ornate Pillow.","e13afe5b5374a8868672d0cff27dd8b205bce6c5"
"1","Crashes & Security","ef7b84552","2026-09-04","schell244","Change follow angle for escorts.","ef7b84552fe903f71f27408c4485802e43109d41"
"4","AI & Movement","a11272f8b","2026-09-04","schell244","Only adjust follower speed for pets.","a11272f8b5fd84973b121636eecda8a3cf9273a1"
"5","Encounters & World","25fac6b48","2026-09-04","schell244","New script for quest Mist.","25fac6b48291a8443c5deed15568baf1e12ed463"
"4","AI & Movement","7ff0d5faf","2026-09-02","schell244","Fix Pyroguard Emberseer event failure condition.","7ff0d5faf0088b9b40ae6247f654602972cb5088"
"5","Encounters & World","8784e6761","2026-09-02","schell244","Restore wrongfully deleted firework gameobject.","8784e676184c93ad6241dd2251b59c53aafd75ad"
"5","Encounters & World","7d45f7a84","2026-09-02","schell244","Fix Dragons of Nightmare script when not all dragons are created yet.","7d45f7a8466f025712e56378a98afab278a1e75d"
"5","General Systems","d24661116","2026-09-02","schell244","Fix mistakes in recent migrations.","d24661116c06f6d2592ea3698a1f3a9731b322b3"
"5","General Systems","a94f8bbf8","2026-09-01","schell244","Fix no pch build.","a94f8bbf87a9ad8e54f8da146fccd21f4f1d2c8c"
"2","Combat & Spells","c7c8d5a0f","2026-09-01","schell244"," Fix issues in new spell packet classes","c7c8d5a0f2d9f97e00823a631345b4885f776ed6"
"4","AI & Movement","a35242b33","2026-09-01","schell244","Cleanup unused scripts and assign EventAI to mobs that should use it.","a35242b3325974c1585105d8e3f9c5a4b37d1a49"
"5","Encounters & World","bae0a8c3a","2026-09-01","schell244","Add scripts for neutral banners in arathi basin too.","bae0a8c3a45f6b408274ce4c88d0b0f240b90805"
"5","General Systems","dc3f14769","2026-09-01","schell244","Fix Snowfall Banner.","dc3f14769ef81657ee6742479b2a4bebab3b62d0"
"2","Combat & Spells","fec5b583c","2026-09-01","schell244","Add classes for more spell packets.","fec5b583c94047d32c1652ce2a31758ca5ae3418"
"5","General Systems","8428500c2","2026-08-29","schell244","Fix typo in previous commit.","8428500c2a67cece1755839359289ba6855f0ab1"
"2","Combat & Spells","fb4127e73","2026-08-28","schell244","Add classes for spell start and go packets.","fb4127e73e1aa7970b97cadb79d97d95b00cf430"
"5","General Systems","e5f3fd09e","2026-08-26","schell244","Fix Uldaman altars.","e5f3fd09e4cf3df82805c748de7c4ae959d817f6"
"1","Crashes & Security","5b5f8abea","2026-08-24","schell244","Fix Tame Beast after recent change to channel spells.","5b5f8abea77dd72c9ae0215007c99691e9c4842b"
"4","AI & Movement","406e8a502","2026-08-22","schell244","Cleanup broken creature groups.","406e8a5025f6fb4a1b708f5669777a0adbe22ecc"
"2","Combat & Spells","049419602","2026-08-22","schell244","Add missing above and under water spell cast checks.","049419602b52c2a9ba6f86c604a885c2c25ccaee"
"5","Encounters & World","053bf21e0","2026-08-22","schell244","Fix looting items under threshold when using master loot.","053bf21e06480994787bd402c92a0511bcc631b8"
"5","General Systems","853e99ba7","2026-08-22","schell244","Fix battleground spirit heal visual.","853e99ba71fd30924698b691b440006c238e7bff"
"2","Combat & Spells","b84c4a16c","2026-08-22","schell244","Correct creature static flags based on 1.7 wdb files.","b84c4a16ce771b5226527b68c084ca2bad1e02de"
"5","Core Architecture","78a723207","2026-08-21","schell244","Fix wrong scale when players are transformed.","78a723207631381cb73930413737cbd2743b7550"
"5","Encounters & World","5a30f330f","2026-08-21","moyashi","Prevent visual bug on older clients where mobs appear to teleport (#3533)","5a30f330fb1e86cff67eb70fe625e13e0c95119c"
"5","General Systems","5c577a93e","2026-08-20","schell244","Regenerate update fields to fix offset in comments.","5c577a93e2dc7c851af1a75dd606318bf7d7cd9b"
"5","Encounters & World","6052f801f","2026-08-20","schell244","New scripts for Myzrael and Prismatic Exiles.","6052f801f10ba860e6fb2e05983915e5a2242194"
"5","Encounters & World","8dfb2d895","2026-08-20","Daribon","Prevent master respawn on slave aggro. (#3535)","8dfb2d895004adb56c9237b5460c3f30b13af1ad"
"5","General Systems","19a77eb11","2026-08-19","schell244","Fix BWL Suppression Devices.","19a77eb11b5f7ba87c5e7094d4c34f52bae09aee"
"5","Encounters & World","10b20b59b","2026-08-18","schell244","No loot flag was added progressively in some cases.","10b20b59b3f5b03de55bc108c40c38fd4af1e267"
"5","General Systems","dcc98337f","2026-08-17","Daribon","Fix Scholomance Occultist HP not carrying over on Dark Shade transform. (#3531)","dcc98337f1f18403bb7f24b03e5ec092b8d794e1"
"5","General Systems","03e04b287","2026-08-16","Daribon","Correct Black Guard Swordsmith position. (#3529)","03e04b287f7f4621aef5670dc74b5410871be40c"
"4","AI & Movement","45f7ae71c","2026-08-16","Daribon","Add forgotten Call of Air NPCs in Thousand Needles. (#3528)","45f7ae71c3ece5f618ff0b95802283d0b7d1ddde"
"4","AI & Movement","18e37d1fe","2026-08-14","schell244","Store separate copy of creature groups per map.","18e37d1fe736a46ff916404d13e58302b5f05ef0"
"3","Bounds & Exploits","2f7bb2ef2","2026-08-14","schell244","Warden: Prevent reading out of bounds in some scans.","2f7bb2ef2ea4d129e738eed232c2e8fe97ae6e25"
"5","General Systems","bf5c2271c","2026-08-14","schell244","Warden: Fix max size of string hash check.","bf5c2271c97da357f0850b6147dd906982a1ba48"
"5","Encounters & World","04af39351","2026-08-14","schell244","Warden: Fix broken request and reply size check.","04af39351054c4a7bd89bd8488e9c4e3616ab5b9"
"5","Encounters & World","68edebe90","2026-08-14","schell244","Warden: Prevent duplicating scripted scans on reload.","68edebe906c0535fb89045a2e86c741bc0ed5506"
"5","Encounters & World","040852ad9","2026-08-14","schell244","Add missing setting descriptions to config file.","040852ad95b1d1ade4905c4c5bee70dd55a24cc0"
"4","AI & Movement","cd473e858","2026-08-13","schell244","Don't log movement packets when anticheat is disabled.","cd473e858d271733476e76a0157c3d08ce85cb3a"
"5","Core Architecture","aafe6f01a","2026-08-13","schell244","Rename character db cleanup options and disable removal of group and guild rows.","aafe6f01a9f2ef9b2d04490fd20bf2c683d45e83"
"5","Encounters & World","1246926c8","2026-08-13","schell244","Add script for Raze during Shadoweaver quest.","1246926c8bf02a60d00c4c6ba36f798051c4ad08"
"4","AI & Movement","9839bd2e2","2026-08-13","schell244","Creatures should flee in a random direction.","9839bd2e2a672ef748ebd9cf282d500a7035ea86"
"2","Combat & Spells","b78b6c3ae","2026-08-13","schell244","Fix Phasing Stealth triggering in combat.","b78b6c3ae61954d23956a3aadc12fadbfb8225e8"
"2","Combat & Spells","d92328256","2026-08-11","schell244","Move injured friendly heals from EventAI to spell list.","d92328256f321bd840feb130d5d4905970d4d901"
"4","AI & Movement","a72bb440e","2026-08-10","schell244","Cleanup orphaned rows in character db on maintenance day.","a72bb440ebf2d26ee8afef89bcd380e76dbdd370"
"1","Crashes & Security","a10102850","2026-08-08","Silent-Walrus","Fix quest log corruption in SendQuestUpdateAddItem (#3526)","a10102850006195c1dda88f311195d67f520af76"
"1","Crashes & Security","e66174ef3","2026-08-07","Silent-Walrus","Fix memory leak in ReadableBuffer assignment operators. (#3525)","e66174ef3c519ceca59575a157555b6a63fe0188"
"4","AI & Movement","e65e48e3c","2026-08-03","NickTyrer","Fix Door Not Closing (#3512)","e65e48e3c506e745b74f4706389570d897dd6a9a"
"4","AI & Movement","2d0928bd9","2026-08-03","Daribon","Fix Obsidian Destroyer's Drain Mana. (#3518)","2d0928bd9cd86c795781f59d2bcd7f61a06cac9a"
"5","General Systems","4fdf2f773","2026-08-03","Daribon","Fix Moam mana at spawn. (#3517)","4fdf2f7736007981da652d4389007dd67da0cf0d"
"2","Combat & Spells","91c920d40","2026-07-31","Gamemechanic","Fix swapped arguments in Unit::ApplySpellImmune (#3516)","91c920d402ff1d4f99cb8292e5a9ed86715309f9"
"4","AI & Movement","db7450c6e","2026-07-29","schell244","Fix Nature's Grasp talent getting unlearned upon training rank 2.","db7450c6e4cc255cffa2620e5d0dd7d2f179d2d2"
"2","Combat & Spells","90793c7c6","2026-07-26","Richard Higgins","Remove stalked-target auras from the target when the caster dies (#3499)","90793c7c6c4b6104ab56097192a1f6b1c79250bf"
"2","Combat & Spells","2a56e5ebb","2026-07-26","schell244","Correct position and movement of two critters.","2a56e5ebbad6854d636ab02ed7aba052f85895ec"
"1","Crashes & Security","4cb4f86ac","2026-07-26","schell244","Some more changes to Stitches script.","4cb4f86ac5e1e93ebcd5f3306ca8fef6535118b3"
"4","AI & Movement","804cf5ae3","2026-07-26","schell244","Reset position of Watcher Dodds and Paige after stiches dies.","804cf5ae36e5966ecd18f1a5fc209e036e0b947f"
"5","Core Architecture","5485f93d3","2026-07-26","Gamemechanic","Small refactors in Unit.cpp (#3510)","5485f93d30313a87cd8ccc59f9264e1d79935346"
"1","Crashes & Security","ebf2ae06f","2026-07-24","schell244","Fix spell reflection crashes before 1.6.","ebf2ae06fdf70a1a774b0338aba9ecc5b55b3802"
"2","Combat & Spells","dbe65d3ec","2026-07-24","schell244","Fix spell miss info for 1.5 client.","dbe65d3ec1597bd218268d9fc97cb9e290dc3363"
"2","Combat & Spells","3e75e00fe","2026-07-23","Nishad","Send melee attack state before doing the damage (#3505)","3e75e00fe5aa8683ee7b3067a1e6bf257b248b3e"
"2","Combat & Spells","11837a71c","2026-07-23","Spit","Clear emote state from creatures on entering combat. (#3507)","11837a71cc221d37cab28e1d4de3d4080cb662eb"
"2","Combat & Spells","ca760e76f","2026-07-21","schell244","Send SMSG_ATTACKERSTATEUPDATE when casting on next melee spells.","ca760e76f0bba21f63d05a4adf36e95eba0f26b3"
"4","AI & Movement","d6ed90d82","2026-07-21","schell244","Pet family was assigned to Son of Hakkar and Soulflayer in 1.8.","d6ed90d82cc70cf933ef186af78e4ee1cb847eaf"
"1","Crashes & Security","49960c45e","2026-07-21","schell244","More changes to ogre models.","49960c45e5d52fcd80732f5924dceaece040fcc2"
"4","AI & Movement","6961c0f2a","2026-07-21","schell244","Correct creature data based on 1.2 wdb files.","6961c0f2abaa9671632ed0991f0fc01ac2cc99e4"
"5","Encounters & World","80d3b7bee","2026-07-20","Simp-N","Prevent pickpocketing humanoids and undead with no pickpocket loot (#2729)","80d3b7beeb0e3cba02d02ec9f09f806a247d12d3"
"4","AI & Movement","8f6018a01","2026-07-20","Richard Higgins","Share vendor item visibility between list and purchase paths (#3502)","8f6018a01dbe1b7e972955bd72e88acf00b02c16"
"4","AI & Movement","9e006e0ce","2026-07-20","Richard Higgins","Delay Mograine's death so Forgiveness visual displays properly (#3503)","9e006e0ce668934d9740b99da3823f02ec16524f"
"3","Bounds & Exploits","6f9d86f66","2026-07-19","Richard Higgins","Clamp auction time left to the client's signed 32-bit millisecond range (#3497)","6f9d86f6660b7f79dc9d2780df237b350f48c99c"
"3","Bounds & Exploits","af30a92a9","2026-07-19","Richard Higgins","Validate the master looter GUID in CMSG_LOOT_METHOD (#3500)","af30a92a9c218f0d50917e5eac5d00d6cebad442"
"3","Bounds & Exploits","8bfe3c483","2026-07-19","Richard Higgins","Accept the stock 1,000,000 random roll upper bound (#3498)","8bfe3c4835335e15e44d770eaa3826473671adc6"
"1","Crashes & Security","12c737967","2026-07-19","Richard Higgins","Allow multiple Nefarius's Corruption accepters per scepter run (#3504)","12c73796774a1e2d4f366fbcc950b0a95e134151"
"5","Encounters & World","1468bbe02","2026-07-19","Gamemechanic","Fix output for loading instance custom encounters. (#3496)","1468bbe0209f444a307c22d4700866c105183df6"
"1","Crashes & Security","5f356a98f","2026-07-18","schell244","Type of forsaken npcs changed from undead to humanoid in 1.5.","5f356a98ffa8a6fb9ae8467d215b29db33492a43"
"2","Combat & Spells","46d789256","2026-07-17","Gamemechanic","GetHeightStatic: Add a delta to Z before choosing vmap height over map height (#3487)","46d78925688bb68ddd2ce9ed64d971a703d5598c"
"4","AI & Movement","d2a9e2c6d","2026-07-17","Daribon","Fix stabling for dismissed and dead pets. (#3488)","d2a9e2c6d0c0171c94ca2d8197b55f72dd13b2e3"
"5","Core Architecture","e3fff0aef","2026-07-17","Wall","Remove offline players from BG queue (#3489)","e3fff0aefbf4746943304f5e8d1681f2caf9dd93"
"5","General Systems","b57309a3d","2026-07-13","schell244","Fix target of target missing after create update","b57309a3df48050f85334429d5c16768a8157ebe"
"4","AI & Movement","a6755e42a","2026-07-13","schell244","Fix lost wakeup race in WorldSocket send queue","a6755e42acb88608294eb044b59249049b000039"
"2","Combat & Spells","ce5a1a267","2026-07-11","schell244","Add missing rates for crit and dodge.","ce5a1a2678907ced2ad2bc664c2295b8039fe047"
"5","General Systems","d8a163621","2026-07-11","schell244","Fix dodge per agility rates.","d8a16362104d992436a4dbeca9734631c04e6f01"
"2","Combat & Spells","b54bbd030","2026-07-11","schell244","Add packet class for melee attacking state update.","b54bbd03073239abff71f3e4fbd18c61acfb1024"
"2","Combat & Spells","9e797df89","2026-07-11","schell244","Fix melee damage packet before 1.6.","9e797df894145908018a6941112d28cf7b08cb62"
"5","Core Architecture","f13dfcb5f","2026-07-10","Stoabrogga","Add new option for map extractor (#3480)","f13dfcb5f694d594f84f24fdc1a5674d500e2f65"
"4","AI & Movement","1cf3d4622","2026-07-10","Spit","Fix trainer type for trainers that only have recipes (#3481)","1cf3d462217bd4322c9784376ca08c76bfd8ae71"
"5","Core Architecture","f67d54409","2026-07-08","Michael Serajnik","Fix mmap generator aborting with the default configuration. (#3479)","f67d5440903a668c63c8a4959d7bb8df4511c3dc"
"5","General Systems","66b158405","2026-07-08","schell244","Fix opening gurubashi chest before 1.7.","66b158405593852880469c69084e63b58616f51d"
"5","Encounters & World","b974755c0","2026-07-08","Spit","Fix empty loot after group loot roll ends (#3476)","b974755c0f92ab59c1fa6803db534834797d1504"
"4","AI & Movement","16251fe28","2026-07-08","schell244","Improve map extraction tools and fix navmesh generation bugs (#3473)","16251fe28bacb42711d95d9b96f0edceb66cbe83"
"5","General Systems","467fc53f6","2026-07-04","schell244","Fix Mana Shield before patch 1.12.","467fc53f6d8e48a0380b8a2734e66cc7f71e9dd8"
"2","Combat & Spells","2c8df6bb4","2026-07-04","schell244","Fix crit per agility rates.","2c8df6bb446844c929863d4b40d08a0ff69d2275"
"4","AI & Movement","bae871a66","2026-07-03","schell244","Individual raid instance reset timers before patch 1.9","bae871a66e3b450ebccb28f772a71e5c37084e80"
"5","Encounters & World","37ba9a343","2026-04-17","schell244","Fix DungeonReset false-positive ERRORs at startup","37ba9a34315d9ffb79ee0e985d46b1d01149a83c"
"4","AI & Movement","9597c399b","2026-06-25","schell244","Remove orphaned closed-door collision check helpers","9597c399bc6f2bb1f47de01a085301a15b43973d"
"4","AI & Movement","5d92ec02a","2026-07-03","Gamemechanic","Improve dynamic tree for movement (#3463)","5d92ec02a1a540c439d2c4afe22c85a20095948c"
"5","General Systems","ee963a63a","2026-06-29","NickTyrer","Fix DB Errors (#3470)","ee963a63a18562aaf77e8b740927d1447b273b35"
"5","Encounters & World","b0c82f425","2026-06-29","schell244","Delete many unused gameobjects.","b0c82f425668c39855a29c3a6fbcf5721d643a0f"
"5","General Systems","b3b6cbaa1","2026-06-29","schell244","Revert ""Implement Volume Caching (#3447)""","b3b6cbaa166d81400384e3cf3f1fd760b0fc03ba"
"5","General Systems","cd6004c73","2026-06-29","schell244","Revert ""Add missing header files (#3452)""","cd6004c73c738fb2ef0de3eda36fa4314704e332"
"5","General Systems","dc3efdcff","2026-06-28","NickTyrer","Misc DB Fixes (#3175)","dc3efdcffd632b37761c09dd67169e649bd58b5f"
"4","AI & Movement","d73066b4f","2026-06-23","NickTyrer","Respawn Wretched Lost One (credit cmangos) (#3437)","d73066b4f2ad7e1a6e225f06164ed3467d6456d1"
"5","Encounters & World","679c49521","2026-06-21","schell244","Correct gameobject data based on 1.2 wdb files.","679c495216e8eebc8543e9f5dadf9694b8827db8"
"4","AI & Movement","165377484","2026-06-12","Daribon","Correct Revive Pet and Call Pet behavior. (#3456)","165377484bc8bce71cba5d513c6a81cf9f792493"
"4","AI & Movement","f660ba09f","2026-06-12","schell244","Fix Eyes of the Beast cast visual on pet.","f660ba09f7466bb2862390ee021d938ef2685724"
"5","Encounters & World","8939ce4f2","2026-06-09","Michael Serajnik","Build transport gameobject models in mmap_extract.py. (#3449)","8939ce4f29f3a18335e51fe5415fbb5e4aec8fb9"
"2","Combat & Spells","05d516709","2026-06-09","schell244","Store spells on pet bar while charmed in separate table. (#3453)","05d516709f189e276a38c3783d3da8379c6308f0"
"4","AI & Movement","6b34a36dc","2026-05-31","MantisLord","Aurora Skycaller + fishing trainer gossip fix (#3446)","6b34a36dc8a188e9407283bc93cad67fc2e4b2e8"
"2","Combat & Spells","5d67ee574","2026-05-29","Michael Serajnik","Fix wand hit calculation to use the Wands skill. (#3439)","5d67ee5748188c87a056a56caf50eed100dfa677"
"5","General Systems","d41b70fb6","2026-05-29","Daribon","Correct old spawn position for 3 NPCs. (#3433)","d41b70fb6a71232665e4b5e37d5b56979b93ef94"
"5","General Systems","bf57d4f2c","2026-05-27","ratkosrb","Fix startup errors when max level is set below 60.","bf57d4f2cfb0f2378c3fc2df7f92d400aaef7485"
"4","AI & Movement","d0808ba41","2026-05-26","NickTyrer","Add Ashenvale Creature Waypoints (credit cmangos) (#3379)","d0808ba4159c3b834a46894754a0245689ab8590"
"5","Encounters & World","d41221931","2026-05-26","roowow","Prevent Twin Emperors from respawning. (#3428)","d412219313183ac917bdfd3af9fd06ec714c9e46"
"5","General Systems","e006bc36d","2026-05-25","ratkosrb","Fixes for Raging Moonkin.","e006bc36db98f8f5da31ab892bc4d60dff45004e"
"3","Bounds & Exploits","cd3605e53","2026-05-25","Gamemechanic","Fall back to distance to center check in interaction distance check if no bounds defined (#3425)","cd3605e53971936980103a80adaf1b773b91c137"
"4","AI & Movement","c02ddcffa","2026-05-25","ratkosrb","Fixes for Blink.","c02ddcffacd791ee0e847fa8a91b43197dc14f52"
"5","General Systems","86197e510","2026-05-25","Daribon","Fix max patch on old chest. (#3424)","86197e51031552cf5199dbfbac14a5f3be166320"
"5","Encounters & World","4eda3fe98","2026-05-24","Ellington Santos","Add missing quest greeting for Blind Mary (#3421)","4eda3fe98ac777e2a2c268cc5091c8f3677e9a05"
"5","General Systems","c37c4be56","2026-05-24","Daribon","Fix misc early patch NPCs and objects. (#3419)","c37c4be565cf05deffb52bcc7ade0806991c9547"
"2","Combat & Spells","2add4aa2e","2026-05-23","ratkosrb","Fix pet cooldowns not being saved and sent properly.","2add4aa2ecd88bcc3723653cd2bbfb5d385d6a57"
"2","Combat & Spells","4ee66d9e1","2026-05-23","_BLU","Add packet classes for spell packets. (#3414)","4ee66d9e11fd2bf193eab7a18940f116d0ba473f"
"5","General Systems","98419f0e8","2026-05-22","ratkosrb","Fix swapping non empty bags.","98419f0e834026fc556f18ee40254e5801997e43"
"5","General Systems","10c97613e","2026-05-22","_BLU","Update G3DLite (#3410)","10c97613e4d658c8efb1b058d91d4a0d0b17d20d"
"5","General Systems","6966e93a2","2026-05-22","ratkosrb","Fixes for mingw32.","6966e93a2ca5772f9e22f9e4aeea48aa7fad89ea"
"5","General Systems","ef0b5bcb5","2026-05-20","ratkosrb","Fix usage of IsDead field in AttackStop.","ef0b5bcb59b9ac844d2999d8bb93a64b78fe5dcd"
"5","General Systems","b6449c4f3","2026-05-20","jianggn","Fix pdump loading.","b6449c4f3158b57e9885ecce71b5a0913d0ee16f"
"4","AI & Movement","2c26d7450","2026-05-20","ratkosrb","Fix cases of creature spawn too far from first waypoint.","2c26d74508056ea6aa5eef1ae9e3661edffa1bfc"
"5","Encounters & World","6a04483b0","2026-05-19","ratkosrb","Simpler partybot loot fix.","6a04483b08277268d7e68f55bbbe740d291a48d6"
"5","Core Architecture","c20931e06","2026-05-18","_BLU","Refactor Unit related ServerPackets (#3406)","c20931e064b11258db5d9d0c207365fed623f4ef"
"4","AI & Movement","0c09dae58","2026-05-18","ratkosrb","Fix order of waypoints for Mountaineer Kalmir.","0c09dae58af96b837cd2cb2375651ed5cffa3ba6"
"5","General Systems","9d5cd3ddc","2026-05-18","_BLU","Fixes some warnings. (#3413)","9d5cd3ddc54c3724ee2d46271802d71b97a85eb5"
"5","Encounters & World","7a83b34d0","2026-05-17","_BLU","Fix always false expression in gluth script (#3411)","7a83b34d051797f4ba9be7317c7540024a8f3b98"
"5","General Systems","c3919aa8e","2026-05-14","Michael Serajnik","Fix Imp Fire Shield owner targeting while grouped. (#3329)","c3919aa8e80e7173fceef3f3163a6e2adb4f878d"
"4","AI & Movement","d632d2ad8","2026-05-14","Wall","Remove walk mode on confused movement end (#3401)","d632d2ad8e14ee24d44cf4c9981de0cea18a66b3"
"5","Encounters & World","16cb8a669","2026-05-14","ratkosrb","Make partybots loot nearby corpses.","16cb8a669ff873730a6fecad9c39cf3a7dc2d745"
"5","General Systems","f0bbcbf59","2026-05-14","ratkosrb","Fix migration error.","f0bbcbf59264d1ca5f3e2fba2cf4a9121f67f71f"
"1","Crashes & Security","015a11058","2026-05-14","ratkosrb","Changes to spell_threat table.","015a110587196e20022e91cb5da41f882c608960"
"1","Crashes & Security","c68b36813","2026-05-14","ratkosrb","Fix wrong logic change in remove cooldown script command.","c68b368131191572ff5e8941eaf280c912c814f4"
"2","Combat & Spells","e9a7ba69b","2026-05-12","_BLU","Use SpellEntry pointer instead of reference in cooldown manager (#3405)","e9a7ba69ba8b4ed6b06bc9790260c6338c6b87e5"
"5","General Systems","5286a14b0","2026-05-06","0blu","fix build","5286a14b00ede91f650bb6b0cd585b29ae79552d"
"5","General Systems","19b90306c","2026-05-06","_BLU","Enable all warnings. Mark them as error. Hide unfixed errors. (#3391)","19b90306cd4caa8d5813e879538cfc89ce1a4544"
"5","Encounters & World","e4cd7efe2","2026-05-06","ratkosrb","Add distance check when looting corpse.","e4cd7efe21bb994d75ed5683427e7ed7e1aade18"
"5","General Systems","3189b3ad9","2026-05-05","ratkosrb","Fix build error.","3189b3ad9a6847b9be9d7067dfcab1d1e67298e1"
"5","Encounters & World","8d98375e1","2026-05-05","ratkosrb","Add conditions to Eva Sarkhoff gossip and quest.","8d98375e135b95526a45a863ee1385dcaa2adb96"
"5","Core Architecture","59cf5cc3b","2026-05-02","Gamemechanic","Fix GetRandomPoint for flying units (#3390)","59cf5cc3b7de88a87dccc272a1dee9e9276b1f92"
"5","General Systems","29f5d0df7","2026-05-01","_BLU","Enable strict checks of char const* (#3386)","29f5d0df78d0723f88f92e6484b03eae193c574e"
"5","General Systems","454afdc0b","2026-04-29","_BLU","Update utf8cpp (#3383)","454afdc0b4325bc7815c3c9531f5c7e6633217b2"
"4","AI & Movement","20fd7fdca","2026-04-29","ratkosrb","Grey quests should not give less reputation loss.","20fd7fdca91ab901a3012f0fb7298aaa61ae83c2"
"1","Crashes & Security","e876cbab3","2026-04-27","schell244","Harden realmd against crashes and password brute force attempts (#3377)","e876cbab39436d734f531c72fd85ae1850f9c147"
"4","AI & Movement","3fb7d6295","2026-04-24","Wall","Fix Intimidating Shout skipping the main target. (#3378)","3fb7d6295c12a3ee23a14edbff33e3648c997666"
"5","General Systems","78113d8a7","2026-04-23","ratkosrb","Fix case where nodiscard does not exist.","78113d8a7a07514e537cafd0f1af88edd33b0afe"
"5","General Systems","164622a36","2026-04-22","GrenderG","Proper fix for CMake 3.13 (#3376)","164622a36bb777fe7ff0a4d01be9258c9de7a722"
"1","Crashes & Security","6da41d495","2026-04-22","schell244","Reject oversized auth packets to prevent heap buffer overflow (#3374)","6da41d49503403693913f22d6ff98367ccb36c60"
"4","AI & Movement","6bd4a6785","2026-04-20","NickTyrer","Add Tanaris Creature Waypoints (#3369)","6bd4a6785312be5b3fb8e4a83137a42ebd1b7dad"
"5","General Systems","ff16e3e65","2026-04-19","Stoabrogga","Support cmake versions before 3.14 (#3372)","ff16e3e65b98cd8a0d12424c2066023e4a2abccf"
"5","General Systems","767c09d53","2026-04-19","ratkosrb","Fix some signed unsigned mismatch warnings.","767c09d5355a7fda6dafff4f638758743cd07567"
"3","Bounds & Exploits","401af7c4a","2026-04-19","ratkosrb","Do not invalidate quest template pointers on reload.","401af7c4a7c6fa81d29694f7332e958ad43f1592"
"5","General Systems","e93ebf8f1","2026-04-19","GrenderG","Fix Linux build. (#3370)","e93ebf8f11965a8ea6c824ef03a82c678de6c335"
"5","Encounters & World","2464ce252","2026-04-17","_BLU","Refactor GMTICKET, GUILD and QUEST related packet to ServerPacket (#3368)","2464ce252712e81c56b78c8804bd705aac87bb0b"
"4","AI & Movement","fd26ff8bb","2026-04-17","ratkosrb","Fix 1.4.2 build and remove fake runmode spline flag.","fd26ff8bbb2307de33646c7784b65d88b5b16f29"
"4","AI & Movement","5ff65dcc5","2026-04-16","ratkosrb","Fix broken movement packet timestamps.","5ff65dcc5445130edcda1931b817417f82c5afcb"
"4","AI & Movement","c1efa4796","2026-04-16","ratkosrb","Reputation loss from kills is not affected by level difference.","c1efa4796f156ddcd361b324627367f812d82112"
"2","Combat & Spells","3e7f52230","2026-04-16","ratkosrb","Use correct spells for quest The Stones That Bind Us.","3e7f52230b36ab83ef1d7713d11e346fcacffd7c"
"5","General Systems","824c23a23","2026-04-12","NickTyrer","Update Azshara Pool Naming Schema (#3358)","824c23a2349af8a188ef7d46a6eee30f5e809b8d"
"4","AI & Movement","aa7669665","2026-04-11","Michael Serajnik","CI: Use service container for MySQL. (#3356)","aa766966548add8405b9b29169ab78e781e00d9d"
"5","General Systems","26c61f2bd","2026-04-11","NickTyrer","Update WPL Pool Naming Schema (#3357)","26c61f2bdee0208ebc8cda36e07df7eaa5af3968"
"5","General Systems","68560acc9","2026-04-11","NickTyrer","Fix Error (#3355)","68560acc91a70c3b17fde7bfa59eb5dd54e57ec8"
"5","General Systems","b78eb9de5","2026-04-10","ratkosrb","Add initial support for 1.4.2 client.","b78eb9de52162017a5ceb0dcae6a190e9bce1a5c"
"5","General Systems","4819ec044","2026-04-10","ratkosrb","Fix saving account data to db.","4819ec04491c370b16e43376055c130fef1d71ac"
"5","General Systems","01bd3b3a8","2026-04-09","NickTyrer","Correct Pool Name (#3351)","01bd3b3a8e1c68dc7fc4af52466ee924b367501c"
"5","Encounters & World","b3a91b6ee","2026-04-06","schell244","Fix log format string mismatches and some script errors (#3343)","b3a91b6ee66b1d1013a2d286a3955dd457abaf3f"
"5","General Systems","9d59a59f9","2026-04-06","schell244","Fix HMAC-SHA1 compatibility with OpenSSL 1.1.x (#3342)","9d59a59f9a600e8a319d78d93e4078f892d7d7de"
"3","Bounds & Exploits","94cd8da97","2026-04-06","ratkosrb","Add bounds checking to sTaxiPathNodesByPath.","94cd8da97c424bec8ee538a9a9aeed10de532e57"
"5","General Systems","990843996","2026-04-05","IamTirion","Fix Warrior bots not being able to Charge (#3334)","9908439969b584feefcec11e58fc72edb425a75c"
"4","AI & Movement","4b132379b","2026-04-05","Michael Serajnik","Prevent Shadowfang Keep escort delay race condition. (#3333)","4b132379bdfc76d8f204cb113ca2fb71cfedac5d"
"5","Encounters & World","e70ef6753","2026-04-05","ratkosrb","Cleanup AV scripts.","e70ef67535504b0d105f1bf11a7f5ccd35e3adb8"
"4","AI & Movement","506c301d6","2026-04-05","ratkosrb","Diplomacy racial should not affect rep loss.","506c301d6c8f1e0f48f11eb83ec1f6c456760430"
"1","Crashes & Security","ff48cdce9","2026-04-04","ratkosrb","Fix player broadcaster crash.","ff48cdce94d68de3b65a70caa22c2849d4d772c1"
"5","Core Architecture","20389e730","2026-04-03","_BLU","Use new ClientPackets in PlayerBots code (#3323)","20389e730ecd91d2ca544ddda965d24566e1d830"
"5","General Systems","518ad0fd4","2026-04-03","_BLU","Add optional checksum handling to ZLib Decompress (#3322)","518ad0fd4bfa5f9e365b1820e97ed2cf1b392b16"
"2","Combat & Spells","cef24fc3f","2026-04-02","Michael Serajnik","Process all outstanding honor maintenance periods in a single run. (#3248)","cef24fc3f760595b81173367cb5881f3497002c9"
"5","General Systems","dabc3e3e6","2026-04-02","Michael Serajnik","CI: Test build for all supported client versions. (#2987)","dabc3e3e6f4a30198e3c415c2f09cbe697c7325d"
"5","Core Architecture","781c639f5","2026-04-02","ratkosrb","Only add bot to cache after adding to map.","781c639f5d0008aec1d1917b949084c99f8ef938"
"5","General Systems","9d008bb05","2026-04-02","ratkosrb","Fix some uninitialized variables.","9d008bb05f7ff7602baa4627fe9434444b6ec85e"
"5","General Systems","e24cefd49","2026-04-02","ratkosrb","Ironhand Guardians should have a chance to activate.","e24cefd497d452e5a2adafdbd986434888ed433d"
"5","General Systems","1e3e2b6e7","2026-03-31","_BLU","Fix some packets (#3314)","1e3e2b6e79c0f19bcfda74e125b8364795481712"
"5","General Systems","feaa60208","2026-03-30","Michael Serajnik","Attempt to fix Clang build.","feaa60208fe7e290154dd25735c6a8f651e66f79"
"5","General Systems","40bd0dbd0","2026-03-30","Michael Serajnik","Fix 1.9.4 build.","40bd0dbd01fb27a4e020a840e9440a0d01c1a7fd"
"5","General Systems","71bc34ade","2026-03-30","Michael Serajnik","Fix 1.5.1 build.","71bc34ade9bc128f56bc26961b4377f892c6483c"
"1","Crashes & Security","a9d12aa6e","2026-03-29","evil-at-wow","Fix memory leak in MassMailerQueryHandler.","a9d12aa6ebda2e772b5c6eb9ceee7fe8f7ee94d6"
"3","Bounds & Exploits","5dce8bdfa","2026-03-29","Michael Serajnik","Explicitly set workflow permissions. (#3304)","5dce8bdfa2c35e361d6e17d468b61557bc798c83"
"5","General Systems","379e9ced3","2026-03-29","ratkosrb","Fix project not running on Windows XP.","379e9ced36ed468629d9ae03f24998238e4f4d9a"
"1","Crashes & Security","a0cf98f31","2026-03-29","ratkosrb","Fix crash on login to kicked character.","a0cf98f317c3fba760f6c44ec0c1a43406d50dbb"
"3","Bounds & Exploits","9a2f1674b","2026-03-29","ratkosrb","Fix kick not disconnecting client if packet broadcaster is enabled.","9a2f1674bd7623dc09aa139a33f00a846f9b9f87"
"5","General Systems","6f25c89c0","2026-03-29","_BLU","Remove packet parsing logic out of PacketHandler (#3225)","6f25c89c03f5a3033b2c10cd4cab5e6dd33dd231"
"2","Combat & Spells","2977b229a","2026-03-29","Gamemechanic","Fix missing pet stats after first summon (#3302)","2977b229a6254d627a8209a18ea95ba0ad0da945"
"5","General Systems","8956ba11f","2026-03-29","IamTirion","Some fixes for warrior bots (#3301)","8956ba11f24519064ad3f314698d0f899d0e3171"
"4","AI & Movement","86de7373d","2026-03-28","Gamemechanic","Correct subname of some creatures (#3299)","86de7373d9ec55038d2c5c36f9c4adcada0ebe5c"
"5","General Systems","d11f5a0ef","2026-03-27","NickTyrer","Correct Some Pool Names (#3294)","d11f5a0efa84276cc616a881347523aa80c07d56"
"5","General Systems","097449be6","2026-03-20","NickTyrer","Fix Pool Rename Error (#3272)","097449be6e4ee617cf2bbb1bfcf6c9486171aa18"
"5","Encounters & World","6a82ed9e3","2026-03-20","IamTirion","Add missing weapon strength enchant to GM Island Enchanting vendor (#3269)","6a82ed9e37391d48b5ce6dfe6a6b396ae31bf56c"
"5","Encounters & World","abebf5be0","2026-03-20","IamTirion","Add missing gloves strength enchant to GM Island Enchanting vendor (#3266)","abebf5be0e505b614ef6b46d90f0f979f8a670a4"
"5","General Systems","3de62e0be","2026-03-19","ratkosrb","Fix Mosh'Ogg Witch Doctor spamming Ward of Laze.","3de62e0be50abdc0bb7a211db5c13a40efd85de6"
"1","Crashes & Security","3171bf80d","2026-03-18","ratkosrb","More changes to target mask validation.","3171bf80de3fd41df751f1a580f53c2b043ccc4e"
"5","Encounters & World","67919224a","2026-03-17","ratkosrb","Cleanup custom scripts.","67919224a4308f7a5acf1c945b07e86cc0046277"
"5","General Systems","98a20febe","2026-03-17","ratkosrb","Fixes for The Balance of Light and Shadow.","98a20febee68d696bfa24583bfebfe700ea1605b"
"4","AI & Movement","42fa6135a","2026-03-15","Gamemechanic","Fix chain heal broken chain (#3257)","42fa6135a27f8569f44fffdada507832376a9e54"
"5","General Systems","4f9ff5c66","2026-03-15","ratkosrb","Fix lockpicking.","4f9ff5c66facbed3248c001df21d5a8fd4555592"
"5","General Systems","5c9c22766","2026-03-14","Stoabrogga","Fix cmake warning (#3255)","5c9c227661f6956173ccfd47a251c1cd68d09372"
"4","AI & Movement","e733bac5c","2026-03-13","ratkosrb","Fix account manager returning email instead of name.","e733bac5cbc0e331a4e5ecc142fe0d558fe592ad"
"2","Combat & Spells","568bdfd3f","2026-03-12","ratkosrb","Sync auto attack delay to spell batching interval.","568bdfd3f749333641b5c58d6676f8ee4822444a"
"1","Crashes & Security","b7bb37cea","2026-03-12","ratkosrb","Fix pets being unable to auto cast some spells due to recent changes.","b7bb37cea1d48d58a480d5e479b076af3f474cdd"
"5","General Systems","fc29aef58","2026-03-12","ratkosrb","Revert ""Remove unused variable. (#3228)""","fc29aef583e5cbb2a1b0340debcc07809111ca4b"
"1","Crashes & Security","5ba1a6a90","2026-03-11","ratkosrb","More changes to spell target mask validation.","5ba1a6a90446c8b62262cc454cd2dc8bce9b86d9"
"2","Combat & Spells","4f4db67f6","2026-03-10","ratkosrb","Prevent client from sending spell targets in cases server should decide.","4f4db67f6a8ca681cfd45ba0a51175458715df43"
"3","Bounds & Exploits","206a481a2","2026-03-10","evil-at-wow","SRP6: fix potential out-of-bounds access.","206a481a28309452281e73ff2d517e8ba4e26d65"
"2","Combat & Spells","f54db6b4a","2026-03-10","Kyle ≡ƒÉå","Fix Naxxramas slime damage using WMO ID instead of filename parsing (#3118)","f54db6b4a82f40929c13868f61f0fa1e40c974c7"
"5","General Systems","080ab2106","2026-03-10","Gamemechanic","Improve accuracy of packed XYZ by rounding instead of truncating (#3206)","080ab21061205564f16d02fe2d0b3c6a4f919768"
"2","Combat & Spells","644de13f8","2026-03-10","Wall","Fix Spectral Essence spell_area to include Scholomance (#3218)","644de13f8ba999ed3ec940a051b39f4cfe0f37f5"
"4","AI & Movement","55f747a23","2026-03-10","Wall","Check itr in DeleteCharacterPetById (#3222)","55f747a23ef89b5f2eb06f3a1c05d60a6d0cb3b1"
"5","General Systems","a6616e2e1","2026-03-10","schell244","Update key ring slots count to match client (#3231)","a6616e2e1073e4f45a2a384c3f1b7b0670e73ff9"
"3","Bounds & Exploits","20273354e","2026-03-10","schell244","Prevent exploits with quest sharing (#3232)","20273354ec5af6e6df4412b3fbef5e4623679737"
"4","AI & Movement","c368cb65b","2026-03-10","Stoabrogga","Use different main thread names for realmd and mangosd (#3233)","c368cb65b6f1aea4d4a61a3374c41a1518b3fcaa"
"4","AI & Movement","ef538bd86","2026-03-09","NickTyrer","Pool WPL Mountain Silversage (credit cmangos) (#3243)","ef538bd868e9614710a3304e8cd1d199a8ab466c"
"4","AI & Movement","a29bfbc34","2026-03-08","NickTyrer","Pool Silithus Mountain Silversage (credit cmangos) (#3237)","a29bfbc348ad94bf668ab2b9560ed2dd9c74f3c4"
"4","AI & Movement","2f1b10445","2026-02-21","0blu","fix(Cheat): Block sending mail while trading","2f1b104457d342cebf1a06f21cddf39eb7265906"
"4","AI & Movement","c731b7b55","2026-02-21","0blu","chore(reformat): `MailHandler.cpp`","c731b7b554588bb7b9b77117d6fad463b65f8518"
"5","General Systems","4aa72b460","2026-02-15","_BLU","fix(build): Fix non-pre-compiled-headers build","4aa72b460bf89e9cc6e9c1eb95f84c67fbebb20b"
"4","AI & Movement","bbc08de86","2026-02-14","Michael Serajnik","fix(IO/Network): Dangling context switch causing socket not to fully close (#3224)","bbc08de8666cd503d530958552fe4b54ab0d629e"
"2","Combat & Spells","33ead32a3","2026-02-08","schell244","Fix wand dmg incorrectly affected by Curse of Weakness (#3221)","33ead32a39894f00211fcc1bed3dca58118d74e6"
"5","Encounters & World","98a38d27c","2026-02-04","Wall","Remove transforms on script taxi calls (#3217)","98a38d27c7565078b1e9a6ecdeac0674fe668f97"
"4","AI & Movement","29fb21c57","2026-01-31","Stoabrogga","Fix unit underwater pathing (#3209)","29fb21c57c6c831bea4d3475afc16c5484c294d7"
"5","Core Architecture","82edaee41","2026-01-13","_BLU","Fix players using OpenGL getting kicked (#3202)","82edaee41485778920586fcb97e3e80e2ad493f0"
"2","Combat & Spells","e3047563d","2026-01-12","schell244","Add missing effect index checks in aura scripts (#3196)","e3047563dedb5b2cd972a0c4e881dfa5333468b6"
"4","AI & Movement","95497a6ac","2026-01-10","schell244","Clean up remaining ACE references (#3197)","95497a6acc9c773fdff1fb4b7a7eb89a18e55beb"
"5","Core Architecture","2816bde4e","2026-01-09","schell244","Improvements for extraction tools (vmap/mmap) (#3192)","2816bde4e7e1a2cf3c83d5f4a018c478d824133e"
"1","Crashes & Security","0be4616ef","2026-01-09","_BLU","Make base32 functions safer and fix some crashes. (#3195)","0be4616ef720684cadb0dbdc02ae4f1a0008d1b0"
"5","General Systems","4bd673658","2026-01-09","ratkosrb","Add 1.5.1 to list of supported builds.","4bd673658769e16ba96f3b350d9874ead7ed9853"
"5","General Systems","dd61b5b66","2026-01-09","ratkosrb","Fix Frenzied Pterrodax stuck inside rock.","dd61b5b66eeec3e7464284a03728ab5cc7ec8b33"
"2","Combat & Spells","2254f8579","2026-01-09","ratkosrb","Add spell script for Combustion.","2254f8579efd4a5dd469188573f9d9812f39d740"
"4","AI & Movement","8d5055238","2026-01-09","ratkosrb","Fix creatures getting an attack in before Sap applies.","8d5055238c691df2a7d11b91d50d1b63e82f9fa2"
"2","Combat & Spells","f669c5038","2026-01-05","schell244","Convert more spells to aura scripts. (#3193)","f669c5038a8fcca7ad4a737ef9caf5eb0f144f26"
"5","General Systems","2148fbf39","2026-01-04","ratkosrb","Fix degrees shown in error message.","2148fbf39ece18d2c8a7bcaab23fd1809b8eb544"
"2","Combat & Spells","46337ee28","2026-01-04","ratkosrb","Add spell cones table.","46337ee2869dffc6eef6dfd2d6fd60fe4445f836"
"2","Combat & Spells","738d75561","2026-01-02","ratkosrb","Add command to stop party bots from casting spells.","738d7556174a5c3069d886aef6031f2f695758d7"
"2","Combat & Spells","53b108605","2026-01-01","ratkosrb","Add missing area requirements to spells.","53b1086053fb24c94e367259b3f78aa68608b6eb"
"5","General Systems","79c1e87b3","2026-01-01","ratkosrb","Fix new startup errors.","79c1e87b3ab7264c0b064d01d65abf58adaa3f77"
"2","Combat & Spells","3e53ee4db","2026-01-01","ratkosrb","Shooting with Wand should trigger GCD.","3e53ee4dbac928b27002e188bb2803e5e5b65e4e"
"4","AI & Movement","e81280857","2025-12-31","Daribon","Correct Ironforge Mountain spawns. (#3156)","e81280857a48fee6abe9fa9a591e8e28f2ae9d9b"
"5","Encounters & World","40b735059","2025-12-31","ratkosrb","Disable AV Mines script outside of AV.","40b735059e3e9393a5faa7d75928ff791f923142"
"5","General Systems","d37c40601","2025-12-31","ratkosrb","Update some variable and function names to match naming style.","d37c40601d981163ec0bc9d21592bd059283c618"
"2","Combat & Spells","725423b9e","2025-12-31","schell244","Convert Nefarian class call logic to spell scripts. (#3180)","725423b9e3869de945a15ca0b0cad7fbd1f2d7f3"
"2","Combat & Spells","6633dbb9d","2025-12-29","ratkosrb","Rename SendPlaySpellVisual for clarity.","6633dbb9dff7a9bd73a8bac337df813ff38f1f49"
"5","Encounters & World","f9686f443","2025-12-29","schell244","Fix iterator invalidation in loot notification functions (#3181)","f9686f44378b0203e10077b34ebe327b94d957ec"
"5","Core Architecture","e52575e76","2025-12-27","ratkosrb","Fix Guard Slip'kik not buffing players when frozen.","e52575e7697d2b38fa8dfd203628c499ffd90a59"
"4","AI & Movement","aef3aa4e8","2025-12-27","ratkosrb","Yetis should flee at low health before 1.3.","aef3aa4e8b2ab9a1355c3e41ce3846e2dac5cc5d"
"5","Encounters & World","e8839d684","2025-12-27","schell244","Remove unused boss scripts. (#3174)","e8839d684e5290cb20168fc81a947b79895ff6fe"
"5","Encounters & World","c6ee13375","2025-12-27","ratkosrb","Move Magmadar script to database.","c6ee1337577cc8af37d98b4897bd0d3808f43ac5"
"5","General Systems","fc8c63108","2025-12-26","Wall","Fix Void Bolt used by Kazzak.","fc8c63108328a07fa51cf19821cf9d8021f0b834"
"5","General Systems","829f0e31f","2025-12-23","ratkosrb","Fix build with new ACE versions.","829f0e31f77d805a932e8223fc054064e3c8510e"
"5","Core Architecture","dafce863f","2025-12-23","ratkosrb","Only Orgrimmar, Ironforge and Gadgetzan had auctioneers before 1.9.","dafce863f8e9c54bf33d83fdb33fc1fc0c37c560"
"5","General Systems","b9be669ee","2025-12-22","schell244","Fix problems spotted by code analysis. (#3171)","b9be669ee5cbc2b147a5c380c9a68fedd135e77c"
"5","General Systems","b1a9f5a71","2025-12-23","ratkosrb","Corrections to Hillsbrad Fields spawns.","b1a9f5a716a966c24ecada7d5df9a14ec3e1716c"
"4","AI & Movement","526dbe45e","2025-12-22","schell244","Fix Sapphiron bones not being visible when entering his lair (#3167)","526dbe45e7a465a92721108d4476af97fbf835a5"
"2","Combat & Spells","2ab471ee3","2025-12-19","ratkosrb","Creature aoe should put you in combat for 5 seconds.","2ab471ee33d7a03ab9120973727ceeb0a3fefe38"
"5","General Systems","74eed45d0","2025-12-19","ratkosrb","Fix merge error.","74eed45d0e151d645ae26f7ce2ee7aca89066fd9"
"2","Combat & Spells","d725babd1","2025-12-19","ratkosrb","Move some CheckCast cases spell scripts.","d725babd132349d6a005cec5d94c034cbf95d142"
"2","Combat & Spells","cef010edf","2025-12-18","schell244","Move Cannibalize and Wolfshead Helm Energy to spell scripts (#3164)","cef010edf06e63638c7cced3a43d7a59255751fa"
"2","Combat & Spells","cc5080ef6","2025-12-18","ratkosrb","Move precast and triggered spells to scripts.","cc5080ef671774ee72ece1577de722a4c69b59a9"
"5","General Systems","155d121f4","2025-12-18","Michael Serajnik","Fix gender selection for bots. (#3162)","155d121f42c38a9aa4368bcca45df4f0e3afc44a"
"4","AI & Movement","1ef034b35","2025-12-18","ratkosrb","Remove redundant part of blink through door check.","1ef034b3564f4c3c259cd48ea2fb6ea22741d8da"
"5","General Systems","06cd870aa","2025-12-18","ratkosrb","Small improvements to previous commits.","06cd870aa692782a0e3bf4a8a4068ccad1da86e1"
"2","Combat & Spells","654eb1f8e","2025-12-17","ratkosrb","Do not treat positive spell hit as attack.","654eb1f8ea3bcbb6d9e552f032d0a6c8852f1c19"
"5","General Systems","835b41754","2025-12-17","ratkosrb","Remove nullptr check from distance functions.","835b4175450348038b7f0cf9156667a08494ad4f"
"2","Combat & Spells","963ef7a15","2025-12-18","Spit","Negative damage bonus field should be signed (#3160)","963ef7a156b782071d54f07477ba2f14212e31fb"
"4","AI & Movement","7ae72b32e","2025-12-17","ratkosrb","Prevent blinking through closed doors.","7ae72b32eedce1884fb64db28a88ccdccf56e8b2"
"2","Combat & Spells","377121d8b","2025-12-14","codestothestars","Allow interrupting channeling creatures on damage (#1817)","377121d8b3c0e2c8b1cae681b359818c2c6eead0"
"5","General Systems","81d9bceb5","2025-12-14","ratkosrb","Fixes for Razorgore fight.","81d9bceb52aa00b50e5ecb47ee64bfc42ba4e65b"
"5","Encounters & World","c9bc927b6","2025-12-07","ratkosrb","Add missing quest items to gameobjects.","c9bc927b69348bf9e42613c3416c38d4343bc3a0"
"5","General Systems","b0658631e","2025-12-05","ratkosrb","Corrections to Strahnbrad spawns.","b0658631eb8bba2335d4052ae0a18bbd7cd76bb2"
"4","AI & Movement","022926884","2025-12-05","ratkosrb","Add missing spawn points for Jailor Borhuin.","0229268846bc1e752b9a7468172bd7d0c290199f"
"5","General Systems","f14d11026","2025-12-04","ratkosrb","Correct respawn time of many mobs.","f14d110264719ac8d9fe76f5d2ba367afe3a4cc0"
"5","Core Architecture","2d346a73b","2025-11-29","ratkosrb","Fix typo in map name.","2d346a73b4b412fe8111b3bffc68eb5735cbc56e"
"5","General Systems","c760ea15c","2025-11-29","ratkosrb","Fix factions of some mobs in early patches.","c760ea15c8f37a0cbe0df5c0f748885873cc8193"
"1","Crashes & Security","995ec6eaa","2025-11-26","ratkosrb","Fix crash when trading stackable items to bots.","995ec6eaa305368edd82c4c06083844254ae7965"
"1","Crashes & Security","b32798d89","2025-11-26","ratkosrb","Fix crash when scourge invasion is enabled.","b32798d893540be4da35e17c80177d95983a1059"
"5","Encounters & World","ef01b10c2","2025-11-25","Michael Serajnik","Remove leftover locale for deleted gameobject. (#3148)","ef01b10c2afb254cd81ec1a90558c651ee8aa292"
"4","AI & Movement","5e066ecf8","2025-11-25","killerwife","Implement usage of SMSG_OPEN_CONTAINER.","5e066ecf813bce50bf3dd7b4741d6330347714a2"
"5","Core Architecture","fab77e1a3","2025-11-25","killerwife","Define and implement missing player field byte flags.","fab77e1a31d8cf5d7fb1a4d66adc7f5934d9baef"
"5","General Systems","47ccc519b","2025-11-21","Luke Yoo","Fix parsing of a log-related parameter (#3152)","47ccc519b48f25d1becfc84e0ba81609c2fe0bd1"
"5","Encounters & World","abbb1a8d0","2025-11-18","ratkosrb","Correct despawn time of gameobjects used for quest When Smokey Sings, I Get Violent.","abbb1a8d0c51f13a66a12c8043d4fa9ec51c0d9c"
"5","General Systems","51841ef44","2025-11-18","ratkosrb","Add missing gossips for Hydraxian Honor Guard.","51841ef44498b043eee6a80fb827b736be825fcb"
"5","Encounters & World","5d1c59692","2025-11-18","ratkosrb","Add missing gameobjects for quest When Smokey Sings, I Get Violent.","5d1c5969201ae1701b73f45bf0730f395b048dd0"
"5","General Systems","082260565","2025-11-14","ratkosrb","Fixes for 1.5.1 client.","082260565e79eb6077124963d3023213acd96712"
"4","AI & Movement","09a9a84ae","2025-11-14","ratkosrb","Small improvements to pet related code.","09a9a84ae949b6016053258624f7498a6e3b3a02"
"1","Crashes & Security","13cee8250","2025-11-06","ratkosrb","Health and respawn time of Bankers and Auctioneers changed in 1.3.","13cee8250667dcf4509cbc8456b08c7ed4d343ff"
"5","Core Architecture","3f62579ee","2025-11-05","insunaa","Fix query in ObjectMgr with ambiguous column in join.","3f62579eee457449f1676f69cbeb3d803e92c139"
"5","Encounters & World","abad9111e","2025-11-04","David Skywalker","Fix some Hallow's End quests (#3142)","abad9111e5ea09a51ea7e5cca2bdaeb7a51b1407"
"5","General Systems","ec2f9f2c7","2025-11-04","Michael Serajnik","Fix migration name. (#3145)","ec2f9f2c7216db47ab4992af2f35290b5d23b277"
"5","Encounters & World","8d693b14b","2025-11-04","ratkosrb","Do not create transports during startup.","8d693b14baef94726d506425363c945eca360ba2"
"4","AI & Movement","e62e59002","2025-11-03","ratkosrb","Pets were not disabled while mounted before 1.6.","e62e590026cb9c0c75c64e882ef398f369cbf523"
"2","Combat & Spells","077294be5","2025-11-03","ratkosrb","Spell miss chance due to level difference is capped.","077294be59781e6c38ef446dd38218c4b881e0fa"
"2","Combat & Spells","7f5b500e3","2025-11-02","ratkosrb","More corrections to environmental damage.","7f5b500e30265baca095cf8a2ee829eceda28bb1"
"2","Combat & Spells","769f11d2e","2025-11-02","ratkosrb","Environment damage should not cancel stealth before 1.6.","769f11d2eb0f6acf90caa8a79e4707c245855bfc"
"5","Encounters & World","4de428f53","2025-10-31","ratkosrb","Remove wrong quest end script from Skirmish at Echo Ridge.","4de428f53c2c4481beaa648be04a2c064f44d3e6"
"2","Combat & Spells","76696239f","2025-10-30","ratkosrb","Do not write gameobject guid as caster unit in spell casts.","76696239f3fbaa0ef2701f55d27c5793396b3df8"
"5","Encounters & World","97279997a","2025-10-30","ratkosrb","Fix gameobject id.","97279997aae88f464d800f1c6dbeba3aa2ded3a0"
"5","Encounters & World","74fa106e5","2025-10-30","ratkosrb","Fix cannon from quest Death From Below.","74fa106e570d1ee68328b576c94f50282a8ae52d"
"5","Encounters & World","4220a521c","2025-10-28","ratkosrb","Prevent float rounding errors from accumulating in some update fields.","4220a521cf943de4797cdef412a0a1608ba730d0"
"4","AI & Movement","587ea6e26","2025-10-26","ratkosrb","Add missing texts said during Cenarion Hold attack event.","587ea6e26e1438c241eafb89e5e1f2a8db33814e"
"5","Core Architecture","496a15085","2025-10-24","schell244","Sync some function names in vmap extractors with TC (#3131)","496a1508553fc21f825498355f3af5cd96f7a253"
"5","General Systems","4a82d0710","2025-10-22","ratkosrb","Fix last migration.","4a82d0710230a2238e4b5fce451fe5971467f751"
"4","AI & Movement","02b110190","2025-10-17","ratkosrb","Add some missing creature spawns.","02b110190528c02ac4fab732c6989cf27595b6bf"
"5","Encounters & World","20a8489f4","2025-10-14","ratkosrb","Add more missing gameobject spawns.","20a8489f4e8b5a255c456402910ce6e0fb49127d"
"5","General Systems","2992373c7","2025-10-14","ratkosrb","Correct position for Talon Den spawns.","2992373c738711604666fe1e501e70226d3d6f4a"
"5","General Systems","a3d1074b5","2025-10-12","ratkosrb","Fix error some people get when applying migration.","a3d1074b5a0d921cca9f2208b46737ae389d1129"
"5","Encounters & World","5afaae404","2025-10-12","ratkosrb","Add missing completion script for quest The Star, the Hand and the Heart.","5afaae4042007acf2af807c0cd54ba9fd89e06e3"
"5","Encounters & World","a1f0a10aa","2025-10-10","ratkosrb","GameObject data fields should be signed.","a1f0a10aad75d4601a73ddf811de887bc9bde7b8"
"5","Encounters & World","2b8103a39","2025-10-10","ratkosrb","Add missing icon field to gameobject template.","2b8103a393eaac5e4dfbafac64c1376b0efa9540"
"5","General Systems","bc87ddf42","2025-10-09","ratkosrb","Improve free guids preloading logic.","bc87ddf420a9d06433444171d65db6668a47d532"
"1","Crashes & Security","9bb66034f","2025-10-08","schell244","MMaps: Fx some memory leaks and refactor code for async tile processing (#3122)","9bb66034ff0645f64846814613ce25820b7f401c"
"2","Combat & Spells","d556d4a29","2025-10-07","hashed-person","Fix chat channels in 1.5.1 client (#3117)","d556d4a29bcc6dc7d93f32f2600d2049c07ec489"
"5","General Systems","34b22f4eb","2025-10-07","Gamemechanic","Anticheat: Optimize wallclimb checks (#3114)","34b22f4eb916c6050a60c2a594cec0e08e540cde"
"4","AI & Movement","ce01365f8","2025-10-07","ratkosrb","Fix LoS checks for GameObjects without size data in db.","ce01365f8d079f809e273f6b123049105df354a3"
"4","AI & Movement","9245ce2fd","2025-10-07","ratkosrb","Prevent losing money due to gold cap when trading.","9245ce2fd45961b70f3a1e029a1cf57fa54709ef"
"5","General Systems","888e41fd4","2025-10-07","ratkosrb","Fixes for item data based on cache from 1.2.","888e41fd481cc6bd2c8ec5a095ff481b53ee5f2b"
"2","Combat & Spells","6d94153b0","2025-08-31","Gamemechanic","Fix boolean logic in HostileReference::updateOnlineStatus (#3115)","6d94153b0fe12315f5c3475250b4b1f6ade9f047"
"5","Encounters & World","58aa06ac0","2025-08-30","ratkosrb","Flag Stand and Fishing Hole gameobjects were added in 1.6 and 1.7.","58aa06ac0baacc767777898161664c5467e612e5"
"5","General Systems","df2a6c8bd","2025-08-30","ratkosrb","Fix InventoryResult enum for 1.5.","df2a6c8bd151e2c862c30902598f26148ffeb477"
"2","Combat & Spells","6d0a9bf28","2025-08-30","ratkosrb","Fix SpellCastResult enum for 1.5.","6d0a9bf2878c23970bfe056f8f9e69230f93ffba"
"1","Crashes & Security","b4759fb1f","2025-08-30","ratkosrb","Fi crash when using debug send spellfail command.","b4759fb1fb7f8eff5708bf0980da0dfcbab5ed87"
"5","General Systems","44bfb6709","2025-08-30","ratkosrb","Fix Bloodthirst buff getting instantly consumed before 1.6.","44bfb6709391714bc764d660bc0b05c682f58dae"
"4","AI & Movement","b0230b604","2025-08-29","ratkosrb","Racial leader field was added to creature template in 1.7.","b0230b604a9488776600be4eee854e790e9206d1"
"3","Bounds & Exploits","80110857f","2025-08-29","ratkosrb","Area bound field was added to items in 1.7.","80110857fd3bdc439be00aa4a73a7daa10c715e4"
"5","General Systems","394c48b05","2025-08-29","ratkosrb","Fix item prototype structure in older builds.","394c48b0522b15b465913ac71ca95f6d8b634a0f"
"4","AI & Movement","0c1fcb563","2025-08-27","ratkosrb","Add some safeguards against using deleted item pointers.","0c1fcb5634885caae71d9cf66a3e5a5acf5484bd"
"4","AI & Movement","27698c426","2025-08-19","ratkosrb","Fix despawn time for non hunter pets.","27698c42628e6bd6abac04a2a95a5536b74dec51"
"5","Core Architecture","58f20eb0b","2025-08-17","ratkosrb","Fix string size checks in guild handler.","58f20eb0b2fd0af674c059e180eaacd3547d57db"
"5","General Systems","e74c1bfd5","2025-08-17","ratkosrb","Remove unused ordered set parameter from UpdateVisibilityOf.","e74c1bfd5832ada5e9ca29aaadd39ce6cc285b8b"
"2","Combat & Spells","8a6b1d0d3","2025-08-17","ratkosrb","Remove GenericSpellAI.","8a6b1d0d3288e8c738265efe4b0ccf9c885a5e10"
"4","AI & Movement","c59e50926","2025-08-04","NickTyrer","Add Feralas Creature Waypoints (#3103)","c59e50926e03fb6133b3a6cf835ba3cc08c95701"
"2","Combat & Spells","c2aee6abb","2025-08-04","NickTyrer","Correct Wandering Protector Waypoints (#3102)","c2aee6abb8bac655200dac8a830d408bbb63ea18"
"4","AI & Movement","2f20dd8e6","2025-08-04","NickTyrer","Correct Two Cliff Walker Paths (#3101)","2f20dd8e605073ed977744576cbca6834cfec632"
"2","Combat & Spells","8e4bb9bbb","2025-08-04","NickTyrer","Correct Wandering Forest Walker Waypoints (#3100)","8e4bb9bbbe1deaaf9f432385c7340075f523b191"
"5","General Systems","a40cc83bf","2025-08-04","NickTyrer","Correct Apothecary Lycanus Waypoints (#3099)","a40cc83bffa0f5534b44a8bd1803366012cfe2c5"
"2","Combat & Spells","9fd392fdb","2025-08-02","ratkosrb","Add many missing spells to mobs.","9fd392fdbce9bce9222418f6ae3454ae9f7bfc99"
"5","Encounters & World","f310bec9c","2025-08-01","NickTyrer","Correct and Add Warlock Summoning Quest Scripts (#3079)","f310bec9cea1dec891ac15f5111270aa59fc6ac4"
"1","Crashes & Security","b9cd08f7a","2025-08-01","ratkosrb","Fix possible crash in AutoStoreLoot.","b9cd08f7aa56fc810acd3cb792e712d826a8a33c"
"2","Combat & Spells","94b124a64","2025-08-01","ratkosrb","Avoid looking up threat targets through map.","94b124a64a4ab61749f5922b183b309c1840333a"
"2","Combat & Spells","61e84a16e","2025-08-01","ratkosrb","Add Tanaris Field Sampling spell script.","61e84a16e0b9547b2a8860d654536cfcc2f135d0"
"4","AI & Movement","5372b1a92","2025-07-31","NickTyrer","Add pathing for some drakes and franklin in burning steppes (#3088)","5372b1a923f9b5d8b60e1b717d6097fccc944d0f"
"5","General Systems","d23fdbcf6","2025-07-31","ratkosrb","Fixes for Jinxed Voodoo Pile.","d23fdbcf6f10fd23e2944dc44e0a44fcdb91548e"
"2","Combat & Spells","41ea20668","2025-07-28","ratkosrb","Remove GenericSpellAI from some mobs.","41ea20668ae868f016ad3e1ed24913d1d3aaa463"
"5","Encounters & World","53da79f55","2025-07-27","NickTyrer","Add missing scripts for Call of Water quests (#3094)","53da79f55b05548e3b3a0a3c1ba3b38adf2caabf"
"4","AI & Movement","57211d064","2025-07-26","ratkosrb","Allow using SCRIPT_COMMAND_REMOVE_OBJECT on creatures.","57211d064b599f4b6453b40b98c17eb79ae5a249"
"5","Encounters & World","49f63fb97","2025-07-24","ivgrekow","Prevent battlebots from chasing targets in stealth (#3095)","49f63fb972924b8265466d3258d8933085fe1f10"
"2","Combat & Spells","552dbef4e","2025-07-24","ratkosrb","Optimize iterating threat list in scripts.","552dbef4ea0618e94042bb92a8d2f73625622e0e"
"2","Combat & Spells","f401a67a0","2025-07-18","ratkosrb","Fix Power Word Shield not applying Weakened Soul in older patches.","f401a67a0f1ce4fcd8f8bb6485e8816fbbcecd90"
"5","Core Architecture","0a85bfe70","2025-07-18","Chero","Improve cell and map object guid guards.","0a85bfe70b1859a5f9346aaad3304aeecf05bb54"
"5","Encounters & World","92a943bc2","2025-07-17","ratkosrb","Improvements to Ragnaros script.","92a943bc278f474b362425d4331242d6a2dee672"
"5","Core Architecture","777976c62","2025-07-17","ratkosrb","Add command to view guild log.","777976c623b8d302294a47d667547818ec4ade7e"
"3","Bounds & Exploits","961832a32","2025-07-13","ratkosrb","Fix respawn exploit with Whitemane and Mograine.","961832a324aee57e8cb5d104d7693092258d445d"
"5","Encounters & World","dfdc28088","2025-07-12","ratkosrb","Fix recursion in quest drop code.","dfdc28088cb559b461497b3242b6e7d7681c610e"
"1","Crashes & Security","645ed83fc","2025-07-12","Chero","Change some ordered maps and sets into unordered.","645ed83fc0abc37d53a6be33ffbbf7108f91b9f9"
"5","General Systems","963be40a6","2025-07-12","Chero","Guard cell object guids behind mutex.","963be40a640d2d4dc2157557b74f6618237c1087"
"5","General Systems","c07900f84","2025-07-06","NickTyrer","Fix Affray Broadcast Text (#3084)","c07900f8425255e210b747fc58cbffdc2ea08f69"
"5","Core Architecture","c42b0526f","2025-07-05","ratkosrb","Check string size in guild packets and name some unknowns.","c42b0526f3a276103daebca160a3fdce105f9e67"
"1","Crashes & Security","3ea0cccc2","2025-07-04","ratkosrb","Patch changes to Scarshield Quartermaster.","3ea0cccc2ff438d14ecf7aafa88004e9500d130c"
"5","General Systems","c06622ffa","2025-06-27","coolzoom","Update windows runner to windows-latest (#3080)","c06622ffa8d8b103133fb0b072bc0656743a5d6c"
"5","General Systems","cc52075be","2025-06-27","schell244","Assign correct text to Henze Faulk (#3078)","cc52075be1d78342467f70cbb3579d85f1270407"
"5","Encounters & World","f30fdd47c","2025-06-24","NickTyrer","Update Script Texts (#3075)","f30fdd47ce3a3171a55691a12a70efc65252a743"
"1","Crashes & Security","b58d6a1f7","2025-06-16","ratkosrb","Fix a deadlock when boarding transports.","b58d6a1f7c988b8163656bef02ba6d0851aac768"
"4","AI & Movement","1e7c07965","2025-06-15","Wall","Prevent division by zero in Dynamic Object LoS checks (#3070)","1e7c07965343788b7dfe8cd36c0e3b13f27d6fb1"
"5","Encounters & World","85449de94","2025-06-14","ratkosrb","Rename Transport to ShipTransport.","85449de94810eb84502d7907d1d0f9c812a920f0"
"5","Encounters & World","344ca418f","2025-06-13","ratkosrb","Delete unused script texts.","344ca418f09e53a3530279336409f5d0b3a0e04f"
"4","AI & Movement","128f617f6","2025-06-12","ratkosrb","Specifying movement origin should be mandatory.","128f617f606d62eaf2571b298b0c54eb6875cd9c"
"2","Combat & Spells","6791795d5","2025-06-12","ratkosrb","Make spell_template table reloadable.","6791795d5166e85c93a551d4cfcf78e3e24a349e"
"5","General Systems","8da9c3fb4","2025-06-11","ratkosrb","Fix std::string being used as variadic argument.","8da9c3fb40f4f5454b96bea7caccf75782a6a162"
"4","AI & Movement","e2314a59f","2025-06-08","maloch11","Fix chain heal ordering (#3060)","e2314a59fad7c2d49754a3cedef189a9310a4f7e"
"5","General Systems","fbb65618f","2025-06-08","ratkosrb","Fix startup errors on low patches.","fbb65618f396eeaa6835be3ff3f291231dc7f83d"
"2","Combat & Spells","38bfb834c","2025-06-01","ratkosrb","Check if channeled spell is ignoring restrictions.","38bfb834c229ff67b908eda4a4424ca0a5da5a8b"
"5","General Systems","5afcc270e","2025-05-30","ratkosrb","Correct respawn time of Mok'rash.","5afcc270e79ea95691011031837d6f36203c38d2"
"5","Encounters & World","94089199e","2025-05-30","ratkosrb","Instances had no level requirements before patch 1.4.1.","94089199ec78ae8a1f3a1988ac3b70f03a4c3caa"
"2","Combat & Spells","271373a50","2025-05-30","ratkosrb","Fix being able to train some warrior spell ranks without required talent.","271373a502e59a2dd80401d4fb3ef38e8130bc11"
"5","General Systems","9e233d940","2025-05-30","ratkosrb","Correct period for Naxxramas as well.","9e233d9403a972dd6209e3574c8e22f67e0927e8"
"5","Encounters & World","64eb07f55","2025-05-30","ratkosrb","Correct transport periods for older clients.","64eb07f55881fd754a4a28fc7fdef0883477b939"
"2","Combat & Spells","3060114bc","2025-05-29","Chero","Use vector instead of list for procs list.","3060114bc5bf40e32330b88fca07b138a276c59e"
"2","Combat & Spells","776130c94","2025-05-29","Gamemechanic","Avoid resetting iterator when saving quest status. (#3050)","776130c9493a4c7acf9c8799c8c5e58142308520"
"5","General Systems","673365f99","2025-05-29","ratkosrb","Fix Ignite for old client versions.","673365f99adf7186319a27fd90c0a83ba7cf4c6b"
"5","Core Architecture","cbdc84c45","2025-05-26","ratkosrb","Don't reveal enemy team factions to players.","cbdc84c459aaea0fdef7323c072ed4dfffc6d8fd"
"5","General Systems","91f6a7836","2025-05-26","ratkosrb","Fix a comment.","91f6a78360ffbf9c5a36a8aeaf2880bf9dac537e"
"2","Combat & Spells","2c6a1fe8a","2025-05-26","ratkosrb","Move overrides for spells that can trigger weapon procs to db.","2c6a1fe8aa70a7ac2eecfc7b127bf1f05d9ee9f8"
"3","Bounds & Exploits","6be7a5938","2025-05-26","Gamemechanic","Remove Geometry::ClampOrientation (#3038)","6be7a59386bc5c7fda0daeaad966fb488dfb3041"
"2","Combat & Spells","428ca0a17","2025-05-25","ratkosrb","Define stat64 for BSD.","428ca0a17d3cd1212dec26ccad81bcf8f866e7a0"
"5","Encounters & World","a4ae5524c","2025-05-25","Josh","Add missing loot to Jade rare mob (#3034)","a4ae5524cbea21901bd0ab53e2b10d31c004b420"
"5","Encounters & World","dd89cf39b","2025-05-23","ratkosrb","Don't teleport player to homebind on logout inside invalid instance.","dd89cf39bf0a7562afb822f89e31fdb6d5ad0916"
"5","Core Architecture","92dd42881","2025-05-23","Chero","Remove useless query when loading auctions.","92dd42881d25139067c4f78533b262504263a753"
"5","Encounters & World","df189d7bb","2025-05-22","ratkosrb","Correct faction for all gameobjects.","df189d7bb007e86be247a2cc2e06780856ed4c51"
"5","Encounters & World","83efd262d","2025-05-21","ratkosrb","Make gameobject_template table reloadable.","83efd262df88a270af2a51a9ac0c0b64864a1743"
"5","General Systems","164269bf1","2025-05-21","ratkosrb","Fix wrong type and data for Sapphiron's Ice Block.","164269bf1d10d92976a2fbc83828fa76e32118c8"
"4","AI & Movement","b9f0a0e9c","2025-05-21","Gamemechanic","Move creature min max level check to ObjectMgr (#3015)","b9f0a0e9c7002d71c588bc2305fae17ba54e99a3"
"5","General Systems","a2d80095c","2025-05-21","FlagFlayer","Misc. DB fixes (#2953)","a2d80095ca6eb5629740a9ec0e173b3374b03d9e"
"2","Combat & Spells","c9894399c","2025-05-20","ratkosrb","Add spell scripts for some gm spells.","c9894399ca0c4cde55ef487d81248aac35046de3"
"5","General Systems","1b62245ba","2025-05-19","ratkosrb","Fix Goblin Mortar and Big Bronze Bomb.","1b62245bab0e45e6d0f0e8be716ef4084f208206"
"4","AI & Movement","bfce78ccd","2025-05-19","ratkosrb","Lock movespline mutex during extrapolation.","bfce78ccdbabb6bdb9d237de13ab5ecd879a3f98"
"2","Combat & Spells","98d3ccc35","2025-05-18","ratkosrb","Add some more spell scripts.","98d3ccc35492362bd917aa8d9b48e7a325d515d7"
"5","General Systems","47c79c8d3","2025-05-17","cpevors","Possible fix to XP per kill rounding issue (#3032)","47c79c8d37a219883dacb023a80450a8110fb2f8"
"4","AI & Movement","1245412a4","2025-05-16","ratkosrb","Reduce movement extrapolation.","1245412a44f4cb49f36a79a5c85ab610eeeef50b"
"5","General Systems","79418e50e","2025-05-16","ratkosrb","Fix not being able to move after login sometimes.","79418e50eaba1ca8816af7857c86bcea063525ff"
"4","AI & Movement","067f45091","2025-05-16","ratkosrb","Delete custom creature Vam.","067f45091d841a828a948b0285240532ab3f385b"
"1","Crashes & Security","6f393e0ba","2025-05-14","ratkosrb","Fix a crash.","6f393e0ba95c2de5dbf2ab919a208d8f727e8c1b"
"2","Combat & Spells","b94d61d1f","2025-05-13","ratkosrb","Correct attack speeds for some mobs.","b94d61d1f40248ccc5d302d162e5f2774f579030"
"5","General Systems","a7d022ae5","2025-05-13","ratkosrb","Reduce usage of ChatHandler.","a7d022ae5206278da510400a0bcb34e3f93d9326"
"2","Combat & Spells","b9342d4c3","2025-05-13","ratkosrb","Don't check damage origin for boss loot.","b9342d4c326e53620bfc91aee64fb1dc7008bbc6"
"4","AI & Movement","b661ec6cc","2025-05-12","ratkosrb","Improve chase movement against units moved by server.","b661ec6ccc1b4d3e485b6f24383f6a2b409afe30"
"4","AI & Movement","a0fa0adb1","2025-05-12","ratkosrb","Try to fix build again.","a0fa0adb1f1c497fd62f80d8518d2da788ce8570"
"5","General Systems","7da3254cd","2025-05-12","ratkosrb","Try to fix linux build.","7da3254cd8f13bf37e7fe12a397fd5a59029f242"
"4","AI & Movement","8f8f09dda","2025-05-12","ratkosrb","Separate chase and follow movement.","8f8f09dda63b63e3682a888a29e3ef8db04799e6"
"5","Encounters & World","0498b88f2","2025-05-10","ratkosrb","Brother Sarno's greeting script should be assigned to the areatrigger.","0498b88f22d4c5faf74a1a2e7ba4b9c41988176f"
"5","Encounters & World","af856a553","2025-05-09","Gamemechanic","Reagent vendors in Feathermoon Stronghold and Camp Mojache were added in 1.3 (#3024)","af856a553017f2c67de2415c1b18b0c332f8f0f6"
"4","AI & Movement","7fd712a72","2025-05-07","ratkosrb","Fix Dismiss Pet not decreasing happiness.","7fd712a727ee50782f8d7d8670b0abe35eb5f643"
"2","Combat & Spells","57c09afa7","2025-04-29","ratkosrb","Fix creatures being immune to spells that bypass immunities.","57c09afa76c4594da09ad2318e966fefcf12e91f"
"5","General Systems","f1857ed6a","2025-04-29","ratkosrb","Remove obsolete check.","f1857ed6afa16dc9b0857fa77f403e83c73e8d5c"
"2","Combat & Spells","9789ec61d","2025-04-29","Chero","Self cast spells shouldn't miss.","9789ec61d385a375d3c48257bbf6b4a7e77924b8"
"2","Combat & Spells","296fbe04b","2025-04-29","Chero","Cancel immediately channeled spells that are about to fail due to no more valid targets.","296fbe04b13881a84e4c604656e66fa099cedeb6"
"5","General Systems","354f3f5ae","2025-04-29","ratkosrb","Fix character creation.","354f3f5ae761935942a04c524cda87f9c9ee73f3"
"5","Core Architecture","42df226e6","2025-04-29","ratkosrb","Rename some unit flags.","42df226e63b60f2a17ea753c3b5c2639a7f337e9"
"5","General Systems","c53391ecf","2025-04-28","ratkosrb","Fixes for last commit.","c53391ecfb2b8b936432c369aad5cabd6c996f06"
"1","Crashes & Security","8f29214c1","2025-04-27","ratkosrb","Fix Eye of Kilrogg crash.","8f29214c13797602f851631d5604168ca9a30929"
"4","AI & Movement","2dae0ef85","2025-04-21","ratkosrb","Avoid copying the creature list in grid object updates.","2dae0ef85799fc34c2f9b62a1df3008cc069ebd0"
"4","AI & Movement","279b8e6a3","2025-04-21","Gamemechanic","Delete some TBC items wrongly retained in the database. (#3018)","279b8e6a379206e156f3003beb52d3aa8558147a"
"5","General Systems","f6fd0f33b","2025-04-20","ratkosrb","Fix a typo.","f6fd0f33b327cedcb5403d854b97e671b904eade"
"1","Crashes & Security","8bfd1f55c","2025-04-19","Gamemechanic","Fix potential g3d assert with debug los check (#3017)","8bfd1f55ca953a884883e9262048c2658550cbec"
"5","General Systems","4591fce5c","2025-04-19","Gamemechanic","Realmd: Fix masking of login string if password is empty (#3016)","4591fce5c121b83de383ac3a61fb1357cd0a74ec"
"2","Combat & Spells","d8c5284f9","2025-04-13","ratkosrb","Wandering Forest Walker should be elite before patch 1.8.","d8c5284f915dbd0cafce68bc98f00c2fd40349f7"
"1","Crashes & Security","2f1c62680","2025-04-13","Wall","Prevent crash in MoveMap.cpp (#3007)","2f1c626806be506ebea9ed4a6d15e1dcfa671bc1"
"5","Encounters & World","7f256a6a9","2025-04-13","Gamemechanic","Fixes for quest Cluck! (#3008)","7f256a6a977bff1969c7c0bd20bca06c15dd3e72"
"1","Crashes & Security","fdb5887f0","2025-04-12","Gamemechanic","Fix potential memory leak when adding partybots (#3006)","fdb5887f0680627d29b3053a24b6d048cdc8e4a7"
"5","General Systems","f4a971d41","2025-04-12","Chero","Misc code fixes.","f4a971d4191871714bd4f8d320057c0c744f01cf"
"5","General Systems","f327c986f","2025-04-11","FlagFlayer","Implement evade on evade flag and correctly link adds for Faerlina (#3005)","f327c986f822e96ca4925fc775f75c4c66517a87"
"1","Crashes & Security","f594f4000","2025-04-09","ratkosrb","Fix memory leak in send mail handler.","f594f4000a0ad64c2d5c23fd2636f1ee543a0a6c"
"5","General Systems","b959048c5","2025-04-08","ratkosrb","Fix build.","b959048c57397daaae7efd6338e9b68d1f2d90a0"
"2","Combat & Spells","e893ab8e5","2025-04-08","ratkosrb","Adding more spell scripts.","e893ab8e58e2a67aa88ceed3a7d7e399e95897cf"
"5","Encounters & World","f356ad522","2025-04-08","ratkosrb","Forgot to assign a script.","f356ad522e50c5f834a5081067e206e51c037e36"
"2","Combat & Spells","52be09548","2025-04-08","ratkosrb","Add more spell scripts.","52be095480a0819b76d4cf209196dea4df2f261e"
"2","Combat & Spells","227d3e501","2025-04-07","ratkosrb","Scripts for 2 other spells.","227d3e5010790a7c1935f0478384a6ebf9e5ea62"
"2","Combat & Spells","30e335309","2025-04-07","Chero","Implement SPELL_FAILED_EQUIPPED_ITEM_CLASS_MAINHAND and SPELL_FAILED_EQUIPPED_ITEM_CLASS_OFFHAND.","30e33530969ad1efda0e8fb0e79ed2c03da683db"
"2","Combat & Spells","d598919f9","2025-04-07","ratkosrb","Implement SPELL_FAILED_ALREADY_BEING_TAMED.","d598919f94c7ab7e9d095d3f6e7345eb38e1d8ee"
"2","Combat & Spells","b4efb1196","2025-04-07","ratkosrb","Allow disabling effect execution completely in spell script.","b4efb11968e6cd4bd8ebba2ed89de97875cc4c75"
"5","Core Architecture","f21fd9310","2025-04-06","ratkosrb","Use unique names for player bots.","f21fd93103eb11529021a11dc2e7c56fbedbcb8a"
"5","General Systems","6edfaf6f3","2025-04-06","Daribon","Correct Horde Guard waypoints. (#2911)","6edfaf6f302ac60a844311d64d2b3fe2f12b291f"
"5","General Systems","22ada9fcb","2025-04-06","Daribon","Add correct waypoints for Warsong Outrider. (#2891)","22ada9fcb418673e2618679cefd1a16c0bc8320d"
"5","General Systems","60c7f2d5d","2025-04-06","Daribon","Correct waypoints for Tenell Leafrunner. (#2890)","60c7f2d5d23723186373bf7681500eda4b871ce9"
"4","AI & Movement","491191deb","2025-04-06","ratkosrb","Name unknown field in SMSG_MAIL_LIST_RESULT.","491191deb745f2fb7f5691392d8e587b7584813d"
"5","Encounters & World","fb91fcc98","2025-04-04","schell244","Refactoring to Molten Core scripts (#2994)","fb91fcc98b5ebcc58c08a9fb7f3bf3c524834ef0"
"5","Encounters & World","116f709db","2025-03-30","schell244","Remove unused bwl script (#2992)","116f709dbcc49f5b430c7b295fd256fae931b516"
"1","Crashes & Security","185d8a441","2025-03-30","Stoabrogga","Fix crash using command ""wp modify del"" (#2991)","185d8a441bbfce504bde0f27a11471f993578b69"
"2","Combat & Spells","998868479","2025-03-28","NickTyrer","Add Missing Auras (#2985)","998868479c7a468b858ee00bd2466b6f56e039de"
"1","Crashes & Security","c9020ec9c","2025-03-28","Chaosvex","Fix potential crash in GetBaseModValue() (#2990)","c9020ec9cf41c410e9f2a39c4b7e1fc2ca0adb3d"
"1","Crashes & Security","340d88cb3","2025-03-28","Chaosvex","Fix memory leak in molten core script (#2989)","340d88cb39f9aef275d64c2c0989b6a56293f787"
"5","Encounters & World","de479947a","2025-03-27","Chaosvex","Don't perform multiple searches within instanceGroups (#2986)","de479947aa8cfb26749f20b2a1e12bdc43d8ad47"
"5","Encounters & World","e57bc16d9","2025-03-27","David Skywalker","Fix wrong name of loot logs config option. (#2983)","e57bc16d9d1407a5cb0b272177cff9c412fa285d"
"5","General Systems","c82dff027","2025-03-26","Stoabrogga","Fix command ""wp modify del"" (#2981)","c82dff02751b2cf8006d500abd0b90676239d9f7"
"5","Encounters & World","b9f613fa0","2025-03-23","ratkosrb","Add db scripts support for areatriggers.","b9f613fa037963f6b6ca929c8c400888ab197739"
"5","General Systems","39452bba6","2025-03-22","Wall","Fix sound assigned as emote in broadcast text (#2978)","39452bba606096faa14b77fc02101aa2c197c4f7"
"5","General Systems","8a94be59f","2025-03-22","Michael Serajnik","CI: Improve database readiness check in workflows. (#2977)","8a94be59fed32c43e12aa0aed8763227c1a45e89"
"4","AI & Movement","ec6aad3b1","2025-03-22","Michael Serajnik","Unsummon pet when using the Tonk Control Console. (#2948)","ec6aad3b132e8ce4b09b3e5ba51e5a3d84560b7a"
"5","Encounters & World","e83133454","2025-03-22","schell244","Convert more script texts to broadcast texts. (#2975)","e83133454db8dff4373f5aad50f10205dab28195"
"2","Combat & Spells","6d5cc149e","2025-03-22","ratkosrb","The command is not guaranteed to be a spell cast.","6d5cc149e4eb08c69f905e35488820b1ec14d03b"
"2","Combat & Spells","f485dfaf7","2025-03-22","ratkosrb","Add spell list for Plague Ghoul.","f485dfaf70d1112d796663aecfe3e47b787d747f"
"5","Encounters & World","7ebe79093","2025-03-21","schell244","Rework Garr script. (#2971)","7ebe79093b05c547bd2b8260099ea69e0807a61e"
"5","Encounters & World","cb2349c46","2025-03-20","ratkosrb","Don't target dead initial puller in C'Thun script.","cb2349c46a4a608dea5d110c80afb98980f66ca9"
"2","Combat & Spells","15e8b22f8","2025-03-20","ratkosrb","Move Crimson Bodyguard spells to spell list.","15e8b22f8dd1e0c80d9a7cf51dd9b8fa213d0a2a"
"5","General Systems","61ab759fb","2025-03-20","Wall","Update Majordomo Pre-Ragnaros Sequence (#2974)","61ab759fb8d49b01036775624097d0bc43603412"
"1","Crashes & Security","e38783372","2025-03-19","ratkosrb","Changes to ScriptTarget enum.","e38783372e82173c6f58d21e64634d1e2b9fd361"
"2","Combat & Spells","ef7cc4ac1","2025-03-19","balakethelock","Add target_type for target furthest enemy in spell casting AI (#2352)","ef7cc4ac186646bc5de4c6763183fba2ba80f231"
"5","General Systems","429ccdb3b","2025-03-18","Stoabrogga","Fix command ""wp add"" (#2930)","429ccdb3bf736e4320626c0734baf86706978c39"
"5","Encounters & World","9eaa668b9","2025-03-18","schell244","Cleanup of AQ40 scripts. (#2966)","9eaa668b95fd534a1bd7b8c03792e1cba1c9f911"
"5","Encounters & World","b6b7e26ae","2025-03-12","Wall","Improvements for Garr and Majordomo scripts. (#2964)","b6b7e26ae7c907688d86c3fd58747f2340a0040d"
"5","General Systems","f65037ad4","2025-03-12","schell244","Fix Majordomo being invincibile after intro (#2965)","f65037ad4aebb353e58624177aec4f06cfdb9d87"
"5","Encounters & World","61e5218ec","2025-03-12","schell244","Convert more script texts, add missing sounds (#2962)","61e5218ecea1b0eab786d68c104ae9538ba8cc8c"
"5","Encounters & World","d3a654316","2025-03-12","Daribon","Remove unused xpac texts from script_texts. (#2963)","d3a654316f17b91f7ba778c5447df1d8f6f684b6"
"5","Encounters & World","397a661f2","2025-03-12","Wall","Update Majordomo Executus script. (#2961)","397a661f2d1347b9b2795d3d2686f5a034311ccc"
"5","General Systems","c013a9500","2025-03-11","FlagFlayer","Check Item Level for Heavy Armor Kit after Patch 1.7 (#2954)","c013a950064660f173ec48ded9d95c15b4cc6ee5"
"5","General Systems","b9ba6ce3c","2025-03-11","Michael Serajnik","Fix 1.6.1.4544 build. (#2960)","b9ba6ce3cd83f2572549afa1d32f10902c0c064f"
"5","General Systems","0c63f28dc","2025-03-11","ratkosrb","Fix some world texts.","0c63f28dce9983e29e156bc7bd832ae2111d96dd"
"5","Encounters & World","680d1aee5","2025-03-10","ratkosrb","Merge pull request #2959 from Wall-core/development","680d1aee5f36e2513c3e63428c36fb5aee267d1f"
"2","Combat & Spells","bcd225ffa","2025-03-10","Chero","Prevent casting melee spells on far away units.","bcd225ffac75bcc8e5f4a27537ca0f4172708907"
"5","Encounters & World","dca192782","2025-03-10","Wall","Add enums and update hardcoded script texts","dca192782e2328400893553e95e07cc1df53d5bd"
"5","Encounters & World","07dbceeac","2025-03-10","ratkosrb","Merge pull request #2957 from Wall-core/development","07dbceeac094f2bc44d6b4e926631b6a65083f2e"
"5","Encounters & World","75a777819","2025-03-10","Wall","Update scripts to use broadcast_text","75a777819464c561523313e4cb0a06b0a1c61508"
"2","Combat & Spells","9c12b3afe","2025-03-05","ratkosrb","Add more spell scripts for class spells.","9c12b3afee3503a8c7b547f8ab94ca5884934097"
"5","General Systems","46183d287","2025-03-04","FlagFlayer","Correct despawn timer for Captured Rabid Thistle Bear. (#2949)","46183d287f80ab1ebf27bab12f37bc0b5b188c86"
"5","Encounters & World","01f42090d","2025-03-04","ratkosrb","Add missing Silithus PvP Event texts.","01f42090dda2dcf51ba27995b381ba061f1d55d8"
"1","Crashes & Security","666371ac3","2025-03-03","Wall","Fix crash in WaypointMovementGenerator. (#2938)","666371ac32ad4748137d402f57774875fdf55d7b"
"5","General Systems","2e47f9707","2025-03-02","ratkosrb","More fixes for Eye of Kilrogg.","2e47f9707c962918a8f2b1c73e77bab925b68bd4"
"4","AI & Movement","6530f7dce","2025-03-02","ratkosrb","Add separate movement log and fix Eye of Kilrogg getting cancelled.","6530f7dce28360e6891573cf87c227c3e6f5b4cd"
"4","AI & Movement","e22266c36","2025-03-01","Stoabrogga","Enable random movement for Mrs. Winters (#2927)","e22266c3666b315501d44ffca749d882b0a1ed2a"
"4","AI & Movement","e0966fcaa","2025-03-01","HerrTaeubler","Creature totems should not despawn when owner dies. (#2943)","e0966fcaa8ea0f3a8bce5253d0037add1e047063"
"5","Core Architecture","b20cf7d1b","2025-03-01","Michael Serajnik","Remove unused auction house bot configuration options. (#2942)","b20cf7d1b6ce051f63b3bf1ba2ec20a9cc92b436"
"5","General Systems","f11386a83","2025-02-27","ratkosrb","Fix the Tonk Control Console.","f11386a837ec8db453f0c916a9097a763295d504"
"5","General Systems","121179044","2025-02-27","Wall","Update FFA Server Mode to only include contested areas (#2934)","121179044447c17b8072dd8f8590680dea68185c"
"5","General Systems","e0d901f1e","2025-02-26","HerrTaeubler","Add support for both temporary and permanent battlebots (#2926)","e0d901f1eed2cfe4e10a61dcb00318549f48d9eb"
"5","General Systems","6f2c291eb","2025-02-25","Chero","Improve honorless target checks.","6f2c291eb6e929b9955bc8b0d1fe63807e0750d6"
"5","Encounters & World","405f2aac8","2025-02-25","NickTyrer","Add miscellaneous missing gameobject spawns (#2921)","405f2aac8934257d0bb750b8107f531e2f44be94"
"5","General Systems","8f3cb045c","2025-02-25","schell244","Fix some compiler warnings and explicitly set C++14 as the standard (#2929)","8f3cb045cb5f5923b45f8a3221acee1bfa4aee3d"
"5","General Systems","9e6d4aca5","2025-02-23","NickTyrer","Fix Error in Migration (#2922)","9e6d4aca5d758502cea8c6c657170b358e64667e"
"2","Combat & Spells","58832ba35","2025-02-22","schell244","Convert some item spell scripts to new system, (#2917)","58832ba351ca0c76867c14b7674a6e3a8284c240"
"5","General Systems","786760b60","2025-02-22","NickTyrer","Update and Tidy Mining Objects (#2914)","786760b60108cc71e258297157e68ea45c37e539"
"2","Combat & Spells","fe6fcb493","2025-02-21","ratkosrb","Move Demonic Sacrifice to spell script.","fe6fcb493687c61f0c6e57e0f96670c99cd5af0c"
"2","Combat & Spells","d141c9783","2025-02-20","ratkosrb","Remove unused parameter from SpellBonusWithCoeffs.","d141c9783ac6ea5177e48138ba2cec42c36fa04d"
"5","General Systems","afb90cd03","2025-02-20","ratkosrb","Add some missing caster checks.","afb90cd03d255a0d954b4facef4c5e862aa64666"
"2","Combat & Spells","a219793f2","2025-02-20","ratkosrb","Add scripts for some Warrior spells.","a219793f29bd950fe31dca0e04c7aa5c1350b23d"
"4","AI & Movement","37dc11e83","2025-02-19","ratkosrb","Remove reference to custom creature in Onyxia script.","37dc11e83bf63e4267062ea2127eaad71290c76f"
"2","Combat & Spells","a4ccd71a5","2025-02-19","ratkosrb","Move spell targeting hacks to scripts.","a4ccd71a55eca7fb81c399d943cb1beba83e650c"
"2","Combat & Spells","a270a28f4","2025-02-18","schell244","Convert more spells to use new aura script system (#2910)","a270a28f4f6397d164fb578567843bbf32e4e145"
"2","Combat & Spells","d68a13c2e","2025-02-18","ratkosrb","Allow specifying player targets in spell_script_target table.","d68a13c2e0a4063cd7bf18b7bc498cc1b8d8d7af"
"5","Encounters & World","2ad43aa43","2025-02-17","ratkosrb","Use scripts log in wyvern sting script.","2ad43aa433c6a39edd5d12d024878225df8fa8b2"
"2","Combat & Spells","534528bdb","2025-02-17","ratkosrb","Move handlers of hunter's readiness and refocus to spell script.","534528bdb589a323d73ec68f146f5c578ff0b89b"
"5","General Systems","6e461714f","2025-02-17","ratkosrb","Correct copyright header.","6e461714f3e0a19ac2e67f85a3533aa3f3bedfee"
"2","Combat & Spells","1e4a1827c","2025-02-17","ratkosrb","Move Wyvern Sting handler to aura script.","1e4a1827cb183122a64d640e03d6a34a35a32082"
"2","Combat & Spells","13149c620","2025-02-17","Chero","Fix some static analysis issues.","13149c620da9cba5d35b27262ef3d139e069aeaa"
"1","Crashes & Security","01ac01753","2025-02-17","ratkosrb","Add aura script for Curse of the Bleakheart.","01ac017537d3b4805064f0b6157c27a4ff026571"
"2","Combat & Spells","c16f17088","2025-02-16","ratkosrb","Add aura scripting support.","c16f17088cc2db23f27c848cc55805fe1a13efa4"
"5","General Systems","0857d16cc","2025-02-15","NickTyrer","Update Mining Pools - Barrens (#2901)","0857d16cc57870c8d68053b3abdf45f3cad51be8"
"5","General Systems","3e9feb04b","2025-02-14","Chero","Optimize BattleGround::HandleTriggerBuff.","3e9feb04bc35547254409e7cf9cb5f67ddf4a57f"
"5","General Systems","614c09380","2025-02-14","ratkosrb","Try to fix build.","614c09380d9f8c489a47ac794cc66344398e1869"
"5","Core Architecture","c6d283837","2025-02-14","ratkosrb","Move some player related classes to own file and cleanup code style.","c6d2838373ceddc15dcef710fabccafaf065bd4d"
"5","General Systems","72689e1c6","2025-02-14","ratkosrb","Fix some lunar festival gossips.","72689e1c65cd7e8fab1a47f4ff4d96265c0d3cb2"
"2","Combat & Spells","a3748476e","2025-02-12","ratkosrb","Fix chain heal interaction with spell batching.","a3748476e004b490194e59b78647818c3764b2fe"
"5","General Systems","cb2db7eac","2025-02-11","NickTyrer","Update Mining Pools - Wetlands and Dustwallow Marsh (#2900)","cb2db7eaca6b38050785314bdadf110e09791f7f"
"5","General Systems","66667ad0e","2025-02-11","NickTyrer","Update Mining Pools - Thousand Needles (#2897)","66667ad0e11d2d5cfbfd8f48e4e21ef4a15c2f4b"
"5","General Systems","fdec1fa47","2025-02-08","Stoabrogga","Use non standard names in DB checks to catch if DB name is included in migration (#2898)","fdec1fa4752575e8645a7e611b963c294281c6a7"
"2","Combat & Spells","78ad2c60f","2025-02-08","Frostshake","Fix 'Seal of Righteousness' spell id used for paladin player creation. (#2877)","78ad2c60fe007ad823e6f644db17ad1cfd226a31"
"4","AI & Movement","f64f03dce","2025-02-08","NickTyrer","Update Mining Pools - Stonetalon Mountains (#2895)","f64f03dcee98729363db0997d1af565e1822de32"
"5","Encounters & World","4e53e46d2","2025-02-08","ratkosrb","Cleanup unused function pointers in ScriptMgr.","4e53e46d2961bf86c35306458b258c0f85db0669"
"5","General Systems","dccd82c0b","2025-02-08","NickTyrer","Update Mining Pools - Searing Gorge (#2894)","dccd82c0bff7f3931832b0eeb0ae06ac285bab6f"
"2","Combat & Spells","2e3b62c27","2025-02-08","ratkosrb","Initialize spell script pointer.","2e3b62c272e8563d6cb5f847a63fcf471d0905a6"
"5","Core Architecture","39c30970d","2025-02-08","Wall","Improve debugging of vmap extractor.","39c30970d576559b2a3ce393cbd787b19c1c9ab0"
"5","General Systems","1d47006b6","2025-02-08","NickTyrer","Update Mining Pools - Hillsbrad (#2893)","1d47006b6ea8f92d1aec02ab36416a5ff411db19"
"5","Encounters & World","4b072a37c","2025-02-08","srive","Add missing atiesh quest dialog. (#2859)","4b072a37c1cd11e0b7a8e35f5f2a8c6dbd855753"
"4","AI & Movement","6ee704490","2025-02-08","Stoabrogga","Improve error messages in MovementPacketSender (#2892)","6ee7044908b446f1604fcba40c06cb7da8942a89"
"5","General Systems","b2e78c0fd","2025-02-08","NickTyrer","Update Mining Pools - Feralas (#2889)","b2e78c0fd3886664deef42795ceae8f869503c34"
"5","General Systems","67706529f","2025-02-08","NickTyrer","Update Mining Pools - Duskwood (#2888)","67706529f1e94885a41d802bbb5e3797af9fa3ed"
"5","General Systems","232c12fc3","2025-02-08","NickTyrer","Update Mining Pools - Ashenvale (#2887)","232c12fc337df8a16ab26bfe8b2bc80f17ebbefd"
"5","General Systems","315313660","2025-02-08","NickTyrer","Update Mining Pools - Arathi Highlands (#2886)","315313660998dd381bc70bce7e94e802f0f77517"
"1","Crashes & Security","0b78793d3","2025-02-08","ratkosrb","Changes to code style n mangos socket.","0b78793d35d8582d23225bd9e47fe3cb8da84589"
"5","Encounters & World","f116c0dc8","2025-02-03","schell244","Update game event end dates (#2884)","f116c0dc8225d54292a9d23a4d72525cc3b8a59a"
"4","AI & Movement","4aaec500a","2025-01-22","NickTyrer","Pool Alterac Mountains Mining Nodes (#2869)","4aaec500a70d32e1234010e432e87982f6e4a527"
"4","AI & Movement","9f460230f","2025-01-19","ratkosrb","Prevent disarming target with no main hand weapon.","9f460230fdd0548a2255066cfbb7bc4f27f99c47"
"2","Combat & Spells","7ce75e84d","2025-01-17","ratkosrb","Fix confusing naming of unit states.","7ce75e84d6a9f62ec9a4fee18b92e7ca1724e665"
"2","Combat & Spells","3fe5e234a","2025-01-17","Chero","Fix some crit chance issues.","3fe5e234a86850b2a11b302b4bfbdfb9743bf5e0"
"5","Core Architecture","974a15edc","2025-01-17","ratkosrb","Add Lord Valthalak's Amulet to player upon accepting Mea Culpa, Lord Valthalak.","974a15edc9f8c4062bc231817450cf6eb7af7b60"
"1","Crashes & Security","d572db3ed","2025-01-13","ratkosrb","Fix guid overflow check in PlayerDump.","d572db3ed152c00b44a2704207cbb42b8b865061"
"4","AI & Movement","35e9f80bc","2025-01-12","Stoabrogga","Improve PathFinder and TargetedMovementGenerator (#2853)","35e9f80bcb8bd97f3d9b8aff7bca0d31cc5d41bc"
"5","General Systems","94e65d226","2025-01-11","NickTyrer","Correctly Pool Serpentbloom (#2095)","94e65d226130ede590d17e0db3b579edaefc843e"
"5","General Systems","a1161eab5","2025-01-09","NickTyrer","Update Ore and Herb Spawn Limits (#2850)","a1161eab5d59b9e99a98583584db45d68c6069f2"
"4","AI & Movement","4338efe27","2024-12-31","ratkosrb","Correction to creatures wielding loot.","4338efe27657cf2208add7033ac374bcd0e4f542"
"5","General Systems","b2ffc2304","2024-12-29","ratkosrb","Small item fixes.","b2ffc2304f5d6b956331755efe2ebb96b2fe42b8"
"2","Combat & Spells","320c2268a","2024-12-27","Chero","Percent spell mods should be applied on top of flat mods.","320c2268a8cdbd679037facb95b61cd15a987a65"
"2","Combat & Spells","e08f128f5","2024-12-27","ratkosrb","Move ApplySpellMod definition to cpp file.","e08f128f5b32dd0d921e115c31b1f137508d526e"
"2","Combat & Spells","d3d816e92","2024-12-27","ratkosrb","Unify distance check for stationary follower.","d3d816e9278ed6e28c1ff788afaabea029f1ff4f"
"5","Encounters & World","a086d04b3","2024-12-27","ratkosrb","Allow pooling non lootable gameobjects and auto assign instance.","a086d04b3df9d9b245820562cf92020c8067180e"
"5","General Systems","34e7f647c","2024-12-26","ratkosrb","Some fixes for pools.","34e7f647c75cee4dd12caea4a7dcaa72f2710d81"
"5","General Systems","a722ebb5f","2024-12-26","NickTyrer","Fix commit 943b228 (#2855)","a722ebb5f4a6c3d0fe4e242f2cf22a60f33cbec1"
"5","Encounters & World","d6a05afe2","2024-12-26","ratkosrb","Correction to positions of more gameobjects.","d6a05afe2e52b5ebb4ad43a4fbb74b5a9aa967f2"
"5","General Systems","8ae2cca85","2024-12-20","schell244","Rewrite Golemagg and fix 'Golemagg's Trust' (#2835)","8ae2cca85af8297a14002577390d665713f6f938"
"5","General Systems","f936d4215","2024-12-19","ratkosrb","Fix wounded slowdown applying to walk speed.","f936d42159abd8b617ae09e18dff1a591a8197a3"
"5","General Systems","20cb9476d","2024-12-19","ratkosrb","Fix naming style of various variables.","20cb9476dc08abbedcc90374fbde5932bd0e66f9"
"4","AI & Movement","214affb60","2024-12-19","ratkosrb","Remove Double Mail Vest from Mithril Lockbox.","214affb60ff102a27b3034e2c0c98d6e756c9c0b"
"2","Combat & Spells","2da82e516","2024-12-19","ratkosrb","Unify crit chance storage for players and creatures.","2da82e5169d1f3a800d5e43265b797e0f6ef8d73"
"5","Encounters & World","48f84105c","2024-12-17","ratkosrb","More corrections to gameobject spawn positions.","48f84105c365ee7191195357778727ffacf803e6"
"4","AI & Movement","9f3a0a695","2024-12-14","ratkosrb","Remove wrong prefix from navmesh query local variable.","9f3a0a6950e1802e318613bcd97a797c727681ed"
"4","AI & Movement","7db846f25","2024-12-12","ratkosrb","Replace all gameobject spawns in Onyxia's Lair.","7db846f25db093ca7f4b1ca7c9c787aca6687cf5"
"4","AI & Movement","d229e68d4","2024-12-12","ratkosrb","Simplify creature CLS data interpolation for levels above 63.","d229e68d476c0d8239d0500bc19b390972389acc"
"5","Encounters & World","954593e60","2024-12-11","Michael Serajnik","Disable quest Horns of Nez'ra. (#2564)","954593e6073e3c8d9502073ac29081183fe0043b"
"2","Combat & Spells","8f379e7e3","2024-12-09","Stoabrogga","Fix Rate.Creature.SpellDamage (#2846)","8f379e7e3149c53b622d489066e8c86ccd7d3fc0"
"5","Core Architecture","4987b3ea3","2024-12-07","Gamemechanic","Fix an issue were vmap extractor generates duplicate files on some systems (#2833)","4987b3ea3ea307f470fd748b7eae88ac7eb4aedd"
"2","Combat & Spells","1d267c7bc","2024-12-07","schell244","Add missing spell IsIgnoringCasterAndTargetRestrictions check (#2843)","1d267c7bce7929826d1d33aaa09888200b3ba5f0"
"5","General Systems","4be3b7b49","2024-12-07","0blu","Fix missing includes","4be3b7b49fc3f92deaebdc84282b5f85c7a6a481"
"2","Combat & Spells","8f100aba9","2024-12-07","0blu","Reformat `Spell.cpp` & `SpellMgr.cpp`","8f100aba92fac6b7a79704474976ff574b1b9331"
"5","Encounters & World","7d5dd6043","2024-12-07","ratkosrb","Update position of various gameobjects.","7d5dd60436dc2109a1d85211063551941c4b5b82"
"5","Encounters & World","05f1dad85","2024-12-06","ratkosrb","Handle cross faction team in loot manager.","05f1dad854ea775db1083800703a2ba0ae625640"
"5","Core Architecture","a65acb8ca","2024-12-06","ratkosrb","Add maps enum.","a65acb8ca24e42c3a956982c2b652c10cfc090bb"
"5","General Systems","272cf7069","2024-12-04","pepopo978","Fix maul and swipe clearcasting bug (#2580)","272cf70699cab9c774c54f4befe491105fac3fc2"
"5","General Systems","0c1f343f1","2024-12-04","ratkosrb","Fix orientation being used as teleport flags parameter.","0c1f343f193b4fab3ca05ac79d0096a6544095b0"
"3","Bounds & Exploits","972f9dd23","2024-12-03","ratkosrb","Fix infinite Crimson Hammersmiths exploit.","972f9dd234bb1f1e2c1ddb999dd22e3355bb1d05"
"5","Core Architecture","72b4cc72d","2024-12-02","Exxenoz","Implement realm category mapping using realm zone and major version.","72b4cc72d66f50f0368b020bbf96140f7898b836"
"5","Core Architecture","93f5c968e","2024-12-02","ratkosrb","Core/Vmaps: Account for model rotation in liquid level.","93f5c968e09d490ee4abb667e1ddeef8d292abda"
"5","Core Architecture","46617bec7","2024-11-25","schell244","MMaps: allow to set walkableSlopeAngle per map (#2837)","46617bec732545e999a131c31ee821c0572f7d38"
"2","Combat & Spells","fb97acb28","2024-11-25","Stoabrogga","Replace cmake ""exec_program"" with ""execute_process"" (#2838)","fb97acb2891bd7afbe9900c0592f97f511bc38e2"
"4","AI & Movement","6314dec72","2024-11-22","schell244","Battlebots: exclude STEEP_SLOPES when using pathfinding (#2839)","6314dec72a8fedfc56edd7436e73377e984065b3"
"5","Core Architecture","faea06408","2024-11-19","schell244","MoveMapGenerator: Add proper multithreading support. (#2827)","faea06408abddfb7ad8e6ecb7a5affa7248e0c59"
"2","Combat & Spells","078340651","2024-11-18","ratkosrb","Add items to resist gear vendor.","07834065128b4d0c516e0354593b54f0fefa477e"
"2","Combat & Spells","1d336abc0","2024-11-17","ratkosrb","Add spell scripting system.","1d336abc0442d618f43eddfbb3aac2df0b0cc266"
"5","General Systems","bd99c9a49","2024-11-17","_BLU","Fix ""Only allow one transaction at the same time"" (#2834)","bd99c9a4964b2cd6ed47cb631a37117a9df803e9"
"5","Core Architecture","05057dd02","2024-11-17","Gamemechanic","Remove struct padding from VMap Extractor temporary files. (#2832)","05057dd02be534ec17d0d8f38b82b77174a24852"
"4","AI & Movement","c83bae300","2024-11-17","ratkosrb","Correct factions for some creatures.","c83bae30076c5096389f731f4d4cf2e0de6a68a2"
"5","Encounters & World","3cdfccb8b","2024-11-17","ratkosrb","Add reputation spillover column to quest template.","3cdfccb8bfb2880e62b9f27b5d01b3f1761f58b1"
"5","General Systems","36943cd26","2024-11-15","_BLU","Stricter SQL checks (#2829)","36943cd2685d64653852d954aaadf9e7a86fe834"
"5","Encounters & World","1d6447bb3","2024-11-15","ratkosrb","Fix another ambiguous instance column.","1d6447bb3cea99db04f65f568001fbbc9db81f1e"
"5","Encounters & World","32706bbcc","2024-11-15","ratkosrb","Fix ambiguous instance column.","32706bbcc45b258ada1d1d62ea61cec147e24f9f"
"5","General Systems","9d2df00ee","2024-11-14","ratkosrb","Fix nested transaction issue.","9d2df00ee97907ec2211cba25dd5186cc6d55d04"
"5","Encounters & World","4a6f0f72b","2024-11-14","ratkosrb","Rename instance_id column inside characters table to instance.","4a6f0f72bbdf7a83632a59bca66df820c7121c4e"
"4","AI & Movement","1d899039e","2024-11-13","0blu","Fix use after free when failed to create bg group","1d899039ea194be7e91e775399f7ada5d7318000"
"5","General Systems","3cd5496e9","2024-11-13","ratkosrb","Extend transaction when disbanding groups to ensure synchronous execution.","3cd5496e93924b1c4740f847ecda9ca2952113da"
"5","Encounters & World","af1ac4345","2024-11-13","ratkosrb","Update instance ids in characters table too.","af1ac4345bd3f7c7569bab6cdfc57d7715a48352"
"5","General Systems","fe659a6e2","2024-11-12","_BLU","Update optional.hpp (#2828)","fe659a6e2e6322be2ca2e9325bd5e937786d24c9"
"5","Encounters & World","04b1e9169","2024-11-10","ratkosrb","Misc gameobject spawn fixes.","04b1e9169b176656e68c1a6672be13043b64c25d"
"5","General Systems","064c46330","2024-11-09","Gamemechanic","Fix rolling a random item suffix.  (#2826)","064c4633010c1b8ec9afaa0e19b2126421227947"
"4","AI & Movement","82b57df00","2024-11-06","ratkosrb","Wait for network threads in destructor.","82b57df008173de1b6dedcf7e1dc22c1e3a284db"
"2","Combat & Spells","286eb7b03","2024-11-06","ratkosrb","Remove check for Demonic Knowledge spell from TBC.","286eb7b03213a8f01b6cc60aaf91d7d672a4e674"
"5","General Systems","242c72dd5","2024-11-06","ratkosrb","Move personal XP rate check.","242c72dd5597bec6eb954fe50dbebd8bea8a7a59"
"5","General Systems","b3a2f318f","2024-11-05","0blu","GitHub Action: Fix Artifact Upload","b3a2f318f1ed63fcc3674938ab7d87c86a01525a"
"4","AI & Movement","3469e4977","2024-11-05","0blu","Github Action: `-DENABLE_MAILSENDER=1`","3469e4977dd5084948504c06ca23873d0f8085d3"
"1","Crashes & Security","425fd907b","2024-11-02","_BLU","Some changes to crypto code and other things (#2823)","425fd907b10078a54a847752df19652445869900"
"5","Encounters & World","83fe148cb","2024-10-31","_BLU","Add libcurl download & build script for optional windows dependency (#2821)","83fe148cbcdc1dce1437f188e9e7b511a0e18784"
"5","General Systems","c0ef4b902","2024-10-30","ratkosrb","Fix intellisense error in hmac header.","c0ef4b90213ff1cd07596e9406a5c099b7d6edb9"
"1","Crashes & Security","863dad618","2024-10-30","ratkosrb","Revert some changes to random movement generator.","863dad618f9a286cb884b801ac3cac3359fa81d9"
"5","General Systems","ebf9cd81f","2024-10-29","ratkosrb","Small fixes.","ebf9cd81f88de62dd85f8f127ed91cf7e690da3d"
"2","Combat & Spells","d852bdf78","2024-10-29","ratkosrb","Assign zone names to some creature spell lists.","d852bdf78b1296e21d473b134a284c2f5c524e48"
"1","Crashes & Security","65361b70c","2024-10-29","0blu","Fix `AccountMgr::ChangePassword`","65361b70cc848dd10c863435e99b28a805740ed9"
"4","AI & Movement","e108067ff","2024-10-27","Gamemechanic","Correct old version of some creatures (#2818)","e108067ff0691e44d46b5ea77ed72828cb898460"
"2","Combat & Spells","f1a65a7e8","2024-10-27","Daribon","Fix threat for Seal of Justice and BoK. (#2819)","f1a65a7e8b69349948c1ec09437d6bd4d1b343e4"
"2","Combat & Spells","07af1ae2b","2024-10-22","Gamemechanic","Fix idol of the moon bonus damage. (#2802)","07af1ae2b93089d71b1a4e8f06fa64c6380c377f"
"4","AI & Movement","6017bf4d5","2024-10-22","schell244","Improve cmake install path for extraction tools. (#2803)","6017bf4d55227cbef8f62eb558697d7504ef3f9e"
"5","General Systems","84d3b473e","2024-10-19","Stoabrogga","Improve tele command (#2797)","84d3b473e94417f415acddcf34cbcdfe5dbc0cbf"
"5","General Systems","4e811af38","2024-10-18","Stoabrogga","Fix typo in game_tele (#2801)","4e811af38fc7a4e6172c87ba2f69439a366d807c"
"5","Encounters & World","617859b1f","2024-10-15","ratkosrb","Add missing relations for quest Mortal Champions.","617859b1fb9da0578ec0cbb85a4ced023530a0d7"
"5","General Systems","d7e0c6e55","2024-10-14","Gamemechanic","Improve handler of Forsaken Skills. (#2799)","d7e0c6e55ec1b5c4f21f86c26cce78777cde4e36"
"2","Combat & Spells","9605a55e5","2024-10-14","ratkosrb","Rename local variables in GetWeaponBasedAuraModifier.","9605a55e599fbca715f0c7607221487085b1e79f"
"2","Combat & Spells","37810a40a","2024-10-13","ratkosrb","Don't trigger Aspect of the Cheetah daze from non damaging spells.","37810a40a0b735d69c3edb53431fce649d0acc1a"
"2","Combat & Spells","cacfd32f6","2024-10-10","Gamemechanic","Prevent threat from turning negative. (#2793)","cacfd32f612140223bd697f25d7cf8770394fd70"
"5","General Systems","061b1ef9f","2024-10-10","Chaosvex","Fix undefined behaviour with std::transform and tolower/toupper. (#2795)","061b1ef9f485314f62b993ba4c1331019c70fba6"
"5","General Systems","f93cab1ad","2024-10-09","ratkosrb","Fix weather packet in earlier versions.","f93cab1ad902ebffed7683a663fce4a7ebbbdbaa"
"5","Encounters & World","8e31f1e86","2024-10-06","Gamemechanic","Use MoveOptions flag for scripts calling MovePoint (#2794)","8e31f1e86ca177c8b442b7218c3ddd26a666f114"
"5","General Systems","d9c653fe7","2024-10-06","wntrkid","Fixes to German page_text locales. (#2792)","d9c653fe76e8e2b90852a001ac24559a280f4d4d"
"2","Combat & Spells","8d36d4dba","2024-10-05","ratkosrb","Correct stats of Deep Sea Threshadon.","8d36d4dbac0af264e84ff5d9773b86daa0ede427"
"5","Encounters & World","cc05c0cf8","2024-10-02","ratkosrb","Add end script for quest Cycle of Rebirth.","cc05c0cf8a747892fe929dbe855e85fd6e0987af"
"1","Crashes & Security","4bfeab97f","2024-10-02","ratkosrb","Don't allow changing leader to the player who already is leader.","4bfeab97f12d66cba5be22dffe3b4ab8d23501a1"
"3","Bounds & Exploits","827ea0765","2024-10-02","ratkosrb","Fix dungeon reset exploit when switching leader.","827ea0765fd42bb269e2ec944d5704530d0407b6"
"5","General Systems","4bb5b25e9","2024-10-01","ratkosrb","Comment out debug print in addon handler.","4bb5b25e94b869b9258148f3ee8b05f27506c86b"
"4","AI & Movement","475b0379a","2024-09-30","wntrkid","Fix typo in German trainer locales. (PR #2787) (#2788)","475b0379aba6750e431cbb6c7a17052708d10d4f"
"5","General Systems","235ef2765","2024-09-30","ratkosrb","Fix addon handler for older versions.","235ef2765e455b4e41e8c1a16db608e52b9faf96"
"2","Combat & Spells","d1f0c1197","2024-09-28","ratkosrb","Guard async packets processing behind mutex.","d1f0c119744c1d3c7c3a05eb5a0635f93d4d1ebc"
"5","Encounters & World","b829db5f6","2024-09-28","ratkosrb","Load dungeon map grids before adding the player.","b829db5f61777bafd54262edfcdc8f42407c27e0"
"5","Encounters & World","a9321a4ec","2024-09-28","ratkosrb","Use threadpool for CreateNewInstancesForPlayers.","a9321a4ec925d80b78bd6203611ce96e85ecae6a"
"1","Crashes & Security","93bb983d5","2024-09-28","ratkosrb","Fix hang on shutdown.","93bb983d546961e95d67982db174ed18595b672d"
"2","Combat & Spells","f6da81325","2024-09-27","ratkosrb","Only process async packets during the world update.","f6da813251cd1ecd08931cc1d928bacf33607ab7"
"2","Combat & Spells","9e63169e5","2024-09-26","ratkosrb","Drop spell_affect table.","9e63169e579bc29174ec0770c47c3daf84f776d3"
"5","General Systems","72090ecf8","2024-09-25","_BLU","Update gSOAP version from 2.7.15 to 2.8.135 (#2780)","72090ecf86a50758cab71b0a0b7a90de35ec1701"
"5","General Systems","70096625f","2024-09-25","ratkosrb","Fix startup errors.","70096625f622ef58c7abaebbfc068dc71e6543c6"
"5","Encounters & World","4bad44863","2024-09-25","ratkosrb","Remove SoM herb spawns in dungeons.","4bad44863a1d079b62d79e4afc22da49b56cce80"
"5","Encounters & World","450073cc5","2024-09-25","Daribon","Correct Edge of Madness summon event. (#2684)","450073cc58ddd99c9005646198423255b034b775"
"5","Encounters & World","553799ada","2024-09-24","FlagFlayer","Correct conditions for Draconic for Dummies books for The Only Prescription (#2778)","553799ada0e5bed119602c84e8e49f68e655cc78"
"2","Combat & Spells","2c0e3ad64","2024-09-22","DeltaF1","Translate comments in SpellAuras.cpp from French to English (#2755)","2c0e3ad64daab70541e4517ae53fa69c4facb229"
"5","Encounters & World","2fc20723f","2024-09-19","ratkosrb","Add some missing gameobject spawns.","2fc20723f666c1edd29572c384dcc9e6ba0811f4"
"4","AI & Movement","59e1c6198","2024-09-19","ratkosrb","Fix anticheat false positive on spline done.","59e1c61989eb6ae5f1448fb67cfbb41a90562501"
"4","AI & Movement","ff028e870","2024-09-14","ratkosrb","Add missing spawns for creature Longsnout.","ff028e87097bbbfa3cce7087f2ecc23075c4651f"
"4","AI & Movement","d58f8f6b0","2024-09-09","Stoabrogga","Improve follow movement (#2758)","d58f8f6b00d95655b1d4a8b1acf641a69eeff55a"
"2","Combat & Spells","f640be582","2024-09-02","ratkosrb","Prevent querying stats of ungrouped players.","f640be582bae8ea69bc9283fc7b7399a5ec45a72"
"5","General Systems","ce50f98c9","2024-08-28","ratkosrb","Fix gossip of Xizk Goodstitch.","ce50f98c9b3d0e1dfb87d903198a8dd246ffaf1a"
"2","Combat & Spells","619b0d727","2024-08-28","ratkosrb","Net Guard dummy spell should reduce threat by 50%.","619b0d7278dcf084b98876a4c597d8deb635ea4c"
"4","AI & Movement","2f500b9bf","2024-08-28","ratkosrb","Prevent unequipping main hand weapon while disarmed.","2f500b9bf6b67a7c20302e9b6f4c4dc820d8f596"
"2","Combat & Spells","707c9c9cc","2024-08-28","ratkosrb","It's specifically unarmed state you can't block in.","707c9c9ccb1d786159e0e55f157316323fdef158"
"5","Encounters & World","91527cf2d","2024-08-28","ratkosrb","Prevent blocking while shield is sheathed.","91527cf2d523d56248f0b0b1e6e12acc07167468"
"5","Encounters & World","4352ec734","2024-08-28","ratkosrb","Don't search grid for mobs on every Deadmines instance script update.","4352ec734851785a6d315aa44f1ceb223a7eae92"
"1","Crashes & Security","9b3b375ef","2024-08-09","ratkosrb","Remove custom changes to Limited Invulnerability Potion.","9b3b375ef34e92b70e343f057eebea6df75601de"
"4","AI & Movement","d910f6224","2024-08-05","Stoabrogga","Add config option to disable durability loss (#2712)","d910f6224402d066f9e808a5d85e0ada03acf7a5"
"5","General Systems","6912e11fa","2024-08-05","ratkosrb","Fix variable naming style in MiscHandler.","6912e11fa9f0a66df8ad77c4a76ba4363f5e87dd"
"5","General Systems","7d108332c","2024-08-05","ratkosrb","Initialize recharge timer in GuardMgr.","7d108332c7d034f50599c3c9fbf0067634764abe"
"5","Encounters & World","fddadf4a9","2024-08-03","ratkosrb","Fix saving of Scarlet Monastery instance data.","fddadf4a9f08bcc49a38f60c990f8c9f485c99dc"
"2","Combat & Spells","ce2623971","2024-08-03","ratkosrb","Reset Baron Geddon's combat movement on evade.","ce26239717a54b2d52c695c23907cd36205ccbab"
"5","General Systems","98a8943b6","2024-07-31","ratkosrb","Fix night elf whisp form before 1.9.","98a8943b6bfd3b0c802b9102e9fd9d8a1439ec6a"
"4","AI & Movement","39645593d","2024-07-30","_BLU","Add JetBrain IDE code style defaults (#2709)","39645593dc743ed00dbdd8f7c1a56f44d37631b9"
"4","AI & Movement","aec344bdc","2024-07-26","_BLU","Fix duplicated maiev scan in debug (#2706)","aec344bdc3a5ee0a38cc8cb9c2161ec30a8edd9f"
"4","AI & Movement","743e80a5f","2024-07-25","ratkosrb","Correct many chairs and other gameobject spawns.","743e80a5fb97de57dbee3d383c77bfed6e22bdec"
"5","General Systems","07d959f38","2024-07-25","ratkosrb","Fix previous commit.","07d959f38af0d5cd2ebb61386afc6b94b8e544d9"
"1","Crashes & Security","1385846c1","2024-07-25","ratkosrb","Fix possible warden crash.","1385846c186723f5e44de28fbffdd622b7cf1983"
"1","Crashes & Security","2badb15f6","2024-07-24","ratkosrb","Changes from 1.6.1 patch notes.","2badb15f6ea296995546a5ccff98e75b1743cd41"
"2","Combat & Spells","b00510ff1","2024-07-22","Chero","Remove arbitrary spell id limit. (#2703)","b00510ff133d6635a480a5b899fe21fce8d411bb"
"1","Crashes & Security","3d61a81da","2024-07-11","ratkosrb","Fix startup crash on arm.","3d61a81da78a8a8cfbe7973357726d5ccf1171d3"
"5","General Systems","1f65583b3","2024-07-10","ratkosrb","Fix g3d build issue on arm","1f65583b34b61372aef1e012de122bb66f7419af"
"5","General Systems","964dd21ca","2024-07-06","Daribon","Fix patch for several spawns in Silithus. (#2685)","964dd21ca2a4b2c8795a13206c0a2c21dbcb6a33"
"4","AI & Movement","dd267cfe9","2024-07-06","ratkosrb","Fix Stormwind and Orgrimmar world buffs not applying to pets.","dd267cfe9681d5a5219bdd30f554c995686b3534"
"5","General Systems","115fdc525","2024-07-05","ReyDonovan","Add some missing includes to fix Debian build (#2699)","115fdc525036c9f61a654a0e0732a54a43cc4f6a"
"4","AI & Movement","d7dd2e83a","2024-06-24","Daribon","Correct NPCs in the mountain between Elwynn and Burning Steppes. (#2676)","d7dd2e83ade795c64152de93c4ce30b4e1474df7"
"2","Combat & Spells","e337ac6a9","2024-06-24","ratkosrb","Fix Disarm damage exploit with resetting talents.","e337ac6a95776e7e6f2af42c9b015900fc13d227"
"4","AI & Movement","d98e4e5ad","2024-06-24","ratkosrb","Follow up to last commit.","d98e4e5ad6da178f62f3bfd0fdb240f29a010ac4"
"2","Combat & Spells","264671559","2024-06-24","ratkosrb","Fix handling of attack power mods field.","2646715596d24ba205b03a7f3e1cee1c4ffa4ab9"
"5","General Systems","5d167ea2f","2024-06-24","Daribon","Correct waypoints for Huricanian. (#2681)","5d167ea2f47f0a4e4080b83e28c8b42ab29bbb03"
"5","General Systems","9bc89fd23","2024-06-24","Shudza","Handle negative time value in CharacterScreenIdleKick (#2690)","9bc89fd23c02459177b5edeb3adee0f282e72760"
"5","General Systems","47b4f6735","2024-06-24","ratkosrb","Fixes for Spirit of Redemption.","47b4f67359179c7b3cc97d2d27910727376252a5"
"5","Core Architecture","e48a72e47","2024-06-21","ratkosrb","Add missing Summon Player ability to Patchwerk.","e48a72e473c0b7ab5aa9ab0ba5252c15607bd15c"
"5","General Systems","b32340ad9","2024-06-21","Daribon","Correct waypoints for Lapress. (#2673)","b32340ad9f8b8794d2e8f42c74b065ec79d63394"
"5","General Systems","848eb1500","2024-06-21","ratkosrb","Revert ""Use gnu readline for linux console cli (#2527)""","848eb15000f9647ef9c8fa5574ae376be883a5ef"
"1","Crashes & Security","3c74142bb","2024-06-21","ratkosrb","Revert ""Use close() instead of freopen() to stop readline leaks (#2573)""","3c74142bbe4ea918448845e92993fb6586bc2e31"
"5","General Systems","7d1d93fd9","2024-06-21","ratkosrb","Revert ""Use readline on windows too.""","7d1d93fd9b885b286cea13b7d2e62658fe07c10f"
"1","Crashes & Security","7ee429e2f","2024-06-21","ratkosrb","Revert ""What changes didnt it save?""","7ee429e2f1a225fe89ad4c509b3776683ca724b8"
"5","General Systems","76eaa9f89","2024-06-21","ratkosrb","Revert ""Fix linux daemon issue (#2572)""","76eaa9f89348403ee7a7d1776b97b72702d40241"
"5","General Systems","17cc7bca7","2024-06-21","ratkosrb","Revert ""Fix nesting of free. (#2601)""","17cc7bca7669c1d7a860aa2dac29b0330fc869c7"
"5","General Systems","6bbb1dffa","2024-06-21","ratkosrb","Revert ""Try to fix linking to readline on MacOS.""","6bbb1dffaad46f0e5a25db28a2547c5a97c7e63c"
"5","Core Architecture","aca9f5df9","2024-06-21","ratkosrb","Remove unused Unit parameter from CorrectData.","aca9f5df983b29bf85e72a95b15a2b656a84cfab"
"5","General Systems","ce5aac737","2024-06-21","ratkosrb","Fix some false positives with mind control.","ce5aac737dad622e45ba73c1a4fa3d569949c2c0"
"4","AI & Movement","ff2b96dbe","2024-06-20","ratkosrb","Movement is stopped upon losing client control.","ff2b96dbe472c6983295d21e61df99f3a3e2a158"
"5","General Systems","96cf9c5c5","2024-06-19","ratkosrb","Correct spawn position and waypoints for Andorov.","96cf9c5c53d855ff136e24eb9793ac22feded227"
"5","Encounters & World","7ecb37469","2024-06-18","ratkosrb","Prevent bypassing master loot and stealing items.","7ecb374691dd35a4530097a5808b198355461927"
"5","Encounters & World","8819ab130","2024-06-17","ratkosrb","Assign patch to loot from last commit.","8819ab130e84900538888185f29a2d8164863101"
"4","AI & Movement","6071de645","2024-06-17","ratkosrb","Add missing skinning loot to various creatures.","6071de6454be93f091977ed8f35caf799fd15d9b"
"5","Encounters & World","ab8b87976","2024-06-17","ratkosrb","Remove skinning loot from Mother Smolderweb.","ab8b87976449ae559de399556ef8fd9951901469"
"5","General Systems","6399b4af6","2024-06-17","ratkosrb","Fix minimum build in last commit.","6399b4af6070d86a5bba741ebd4a80d49c735161"
"5","General Systems","ea4000f6c","2024-06-17","ratkosrb","Fix Widow's Embrace not hitting Grand Widow Faerlina.","ea4000f6c90275db23563af59a49aa8af9493b9d"
"5","General Systems","ceda4f22f","2024-06-16","ratkosrb","Reduce Gothik gate Y distance check.","ceda4f22f167f2fd47616cb7abd055a496ed92d0"
"5","Core Architecture","a2c37e1b6","2024-06-16","ratkosrb","Improve Gothik's player per side check.","a2c37e1b66697cdba866b51687e997518f5c8f4b"
"4","AI & Movement","084c20f60","2024-06-14","ratkosrb","Put the session's movement compressor behind mutex.","084c20f6058d6eed23a587de008d4bdb837b96fc"
"5","General Systems","1b1bd80c8","2024-06-14","ratkosrb","Fix copy paste error.","1b1bd80c8a02a1a97e848d41791d4a344b8c46f8"
"1","Crashes & Security","9daa125a7","2024-06-12","_BLU","More database connection changes (#2651)","9daa125a77e826ab642c338c41abf15506c855ca"
"5","General Systems","c948ad6c4","2024-06-12","ratkosrb","Fix current count not updating on war effort turn in npcs.","c948ad6c44abf2dc948ffed13a868743a68866b8"
"4","AI & Movement","904ae66e5","2024-06-11","ratkosrb","Name some movement flags.","904ae66e5df693c2c103e408a75a64e362a608c2"
"4","AI & Movement","17ed98cda","2024-06-11","ratkosrb","Add new movement checks.","17ed98cdae038cd139fb1d35b5d52fc4ee8ea93c"
"2","Combat & Spells","da20c02dc","2024-06-11","ratkosrb","Refactor fall damage handling.","da20c02dc65aa05e2302ab9bb09897bdeca9bff7"
"5","General Systems","a2408fcee","2024-06-11","ratkosrb","Fix RealmMerge tool build.","a2408fcee320d93eaa117ab3c29ec3ccdb6f32f5"
"5","Core Architecture","b2a5652fe","2024-06-10","ratkosrb","Do not add characters with no name to guild.","b2a5652fe1f8731e888b1680fa6fa70009befbc4"
"5","General Systems","ae4d5f7fe","2024-06-07","Shudza","Spawn ObjectsUpdate threads only for continents. (#2646)","ae4d5f7fe9660af7c3b8ef91900963764b253b37"
"1","Crashes & Security","e1ea2563b","2024-06-06","ratkosrb","Undo accidental change.","e1ea2563b759bd8578b28fc4686fb7a0b2af3af0"
"5","General Systems","0147effa3","2024-06-06","ratkosrb","Add opcode enums for all supported versions.","0147effa30063cbab6b58846a05b0cd6f6c86122"
"5","General Systems","686fdad24","2024-06-05","ratkosrb","Fix skinning distance check.","686fdad242e1c9b4c84b08e1b89b375074ce2897"
"2","Combat & Spells","b54215a49","2024-06-03","ratkosrb","Remove custom spells from Broken Tooth.","b54215a4983a4058f3864312c6520dfbb766928e"
"5","General Systems","fa6a57544","2024-06-03","ratkosrb","Fix Majordomo being Unexecutable.","fa6a57544b0db3f1ab4c391820f393b1b6b46b67"
"5","Encounters & World","5bbbeeaa9","2024-06-01","daobashun","Rework Ashbringer event in Scarlet Monastery (#2627)","5bbbeeaa97546bd1a5b773ba177d1bfebff0dc1a"
"2","Combat & Spells","1ba3b859c","2024-05-20","ratkosrb","Don't save charm, possess and sight auras to db.","1ba3b859c747dbe02824a6517d483adec55910f7"
"5","General Systems","e3cb5998c","2024-05-20","ratkosrb","Try to fix linking to readline on MacOS.","e3cb5998cc284595e063d7969a085e2bd2fbf136"
"5","Encounters & World","20f574d1f","2024-05-19","ratkosrb","Prevent healing dead targets.","20f574d1fb03493bb68a267b7048bf82b35cd87a"
"1","Crashes & Security","03a6749ec","2024-05-18","ratkosrb","Add an assert to catch bg invited count underflowing.","03a6749ec6e9bbed397a41846faac021b2f39e3f"
"5","General Systems","7a2d9128c","2024-05-18","ratkosrb","Fix World::SendWorldTextToBGAndQueue.","7a2d9128c0096798c9b54e7c393c4247885d8769"
"1","Crashes & Security","396dd62d3","2024-05-15","ratkosrb","Fix crash if warden scans table is empty.","396dd62d3b3f7acc890116205b58b55d77b41e0e"
"1","Crashes & Security","926daf489","2024-05-15","ratkosrb","Fix memory leak in WardenScanMgr.","926daf489f6f79e040bf28384e53d4ce29a67bb1"
"5","Encounters & World","e2cf815cf","2024-05-14","ratkosrb","Add comment to loot money notify packet.","e2cf815cf7980aa326b42fc9d9dbde7847056db4"
"5","General Systems","58422740d","2024-05-14","ratkosrb","Fix Pyrewood Ambush not being completed if npc gets killing blow.","58422740d69cf0ffb1f798b063452d6a75ed6472"
"4","AI & Movement","a11a6195a","2024-05-13","ratkosrb","Fix battlegrounds remaining open if player logs out after being invited.","a11a6195aff0ae7dceb4bb51c61bf44c2916f903"
"5","General Systems","91a4f3294","2024-05-13","ratkosrb","Fix infinite BG queue after relog.","91a4f3294ee9cb9fec834f84b6d062fa45034787"
"5","General Systems","f60eda7b0","2024-05-12","ratkosrb","Fix delayed darkmoon cannon shoot animation.","f60eda7b0c13d2e8e56a93b4136177e6b51fc182"
"3","Bounds & Exploits","578ac1c5a","2024-05-12","ratkosrb","Fix Blackwing Technician loot exploit.","578ac1c5ae05d444fa630cdeed0ab85a98e86f50"
"5","General Systems","2c84b4d9f","2024-05-10","Daribon","Fix Detect Magic to have one debuff per caster. (#2609)","2c84b4d9f2ddbc7212a3fd46c0c9b12b2f04c49e"
"5","General Systems","b2dfa3748","2024-05-09","Daribon","Correct various outdoor waypoints. (#2560)","b2dfa37484017f40444419ba57e4a42fbbd9ecea"
"5","Core Architecture","7e38088bb","2024-05-04","GrenderG","Properly check if player is queued for a given BG in SendWorldTextToBGAndQueue. (#2606)","7e38088bb155c8dd4be588da1d8dfdf4b49252c2"
"5","Core Architecture","7c59e7998","2024-05-04","GrenderG","Only send battlebot auto join messages to players in the battleground or queue. (#2605)","7c59e799847c760baf47b7809eb350fc7b9fd3ce"
"5","General Systems","50b8a5851","2024-04-30","Michael Serajnik","Fix nesting of free. (#2601)","50b8a5851f9317080b6858d5227310042dbb4166"
"5","General Systems","657d4f5fa","2024-04-30","Imran Hussain","Fix linux daemon issue (#2572)","657d4f5fa3da5a05295214772431d3ee140c44cf"
"5","General Systems","d328de0e4","2024-04-30","ratkosrb","Fix error in migration.","d328de0e4449cb1b371916217b31e9ec47dfee74"
"5","Encounters & World","4ab7f867f","2024-04-30","ratkosrb","Fix deadmines door entry in script.","4ab7f867f8f57ac7fcacead2dfe409837f4bff9b"
"5","Encounters & World","baff3fa80","2024-04-30","ratkosrb","Correct position of some gameobjects.","baff3fa8002bc13962932a8bbcd275a8785ba502"
"5","General Systems","5db821111","2024-04-30","ratkosrb","Fix casts being interrupted on unroot.","5db821111a0c101f723790e10f69ce86fd4d2f79"
"2","Combat & Spells","f94b3b4c8","2024-04-30","ratkosrb","Pet should stop moving while channeling.","f94b3b4c8be5038176e4b824b432fa8ca56c34df"
"1","Crashes & Security","c29351982","2024-04-28","ratkosrb","Some changes to combat related flags.","c293519823b69e84d94eb32e49e9dabd0cad4d63"
"2","Combat & Spells","f90b7a63b","2024-04-27","balakethelock","Fix cancelling auras exploit (#2598)","f90b7a63b79dc90a84f74db8dcbc59be4e4ace15"
"5","Encounters & World","52fcf37fa","2024-04-25","ratkosrb","Improvements to Stitches script.","52fcf37fa339e6078e5c23ef44961f2ca23ffa37"
"5","General Systems","48129a59c","2024-04-24","ratkosrb","Fix many startup errors.","48129a59cd8826940713411b97491cd9028f11f9"
"5","Encounters & World","965a5a850","2024-04-23","ratkosrb","Don't store player pointers in ZoneScript.","965a5a850c443a5dfe9d3d98430e25f6c38dfd4f"
"2","Combat & Spells","e617f8987","2024-04-23","ratkosrb","Don't generate threat from Feed Pet.","e617f8987d87dbee978651311867ecc5bbedc8a6"
"2","Combat & Spells","3f89c2b08","2024-04-23","ratkosrb","Reset C'thun health on leaving combat and fix code style.","3f89c2b08dcf78e3d91524453679b26f0a972a13"
"5","General Systems","13c43993b","2024-04-20","Michael Serajnik","Fix incorrectly named outdoor PvP config options. (#2592)","13c43993b5095d1c759cc174586417994b5fb776"
"1","Crashes & Security","ae1a31737","2024-04-17","ratkosrb","What changes didnt it save?","ae1a317374dbf020693ae396f135a42436ef8a3f"
"5","General Systems","04642dc6a","2024-04-16","Daribon","Fix BWL Razorgore eggs. (#2585)","04642dc6adc52beab2f4c495a41b300c175e2307"
"1","Crashes & Security","edf18a727","2024-04-14","ratkosrb","I hate the fact git does not ignore changes in this file.","edf18a727b60a56ff865edf73838e791a105b0b4"
"1","Crashes & Security","13057b93b","2024-04-14","ratkosrb","Implement remaining changes from 1.7 patch notes.","13057b93bf1fe3ce5299a244386bd54844ce8638"
"2","Combat & Spells","e0e5b98f4","2024-04-14","ratkosrb","AoE spells count as attacking too.","e0e5b98f436be22a59efa23a3c8b925aadd4e984"
"5","Encounters & World","5859663f7","2024-04-13","ratkosrb","Fix wrong script id used by Zealor Lor'Khan.","5859663f7bfc500154e515bee6b2194464da6e11"
"1","Crashes & Security","4d54c3d76","2024-04-13","ratkosrb","Implement changes to Araj the Summoner in 1.7.","4d54c3d76fad9377899eb487379d20852f6f8568"
"2","Combat & Spells","5d6c3e102","2024-04-13","ratkosrb","Attacking Cancels flag should be checked at end of spell casts too.","5d6c3e10266df85f93d22aedeef124ca3378dc1b"
"2","Combat & Spells","d7a3e4609","2024-04-13","ratkosrb","Disable Core Hound melee attack and combat movement while feigning death.","d7a3e4609e626c0b9d095ba4b8194bb131089d27"
"2","Combat & Spells","b67a84065","2024-04-13","ratkosrb","Add build to primary key of spell threat table.","b67a8406564e8f898df75d444b19df8c752e59be"
"1","Crashes & Security","38046c965","2024-04-13","ratkosrb","Rethban Ore, Black Diamonds and Pristine Black Diamonds were changed in 1.7.","38046c9654f5c8be5f8380caa912de87292a8e54"
"5","General Systems","5b2ab6fa6","2024-04-13","ratkosrb","Marshal's Silk Gloves did not improve Mana Shield before 1.7.","5b2ab6fa68345a345fe2476dc268d903e384e1bd"
"2","Combat & Spells","881112a31","2024-04-13","ratkosrb","Shield Slam did less threat before 1.7.","881112a3132ebaaf40438abf69953f7785f7a438"
"2","Combat & Spells","2a4c9b1ed","2024-04-13","ratkosrb","Retaliation should not proc while in CC.","2a4c9b1ed7e67ded56d75565e436a5fe1beb2911"
"5","General Systems","ff6091733","2024-04-10","ratkosrb","Fix The Scourge Cauldron.","ff6091733b46a4d9adb91cbc0d53733e3a1bc3e1"
"4","AI & Movement","afb948254","2024-04-10","ratkosrb","Fix movement speed after flight.","afb9482545bc3037bf669756315e890b7859f91a"
"5","General Systems","f3a905e51","2024-04-10","ratkosrb","Fix Reanimated Corpse.","f3a905e51bc31489241d46fb818b96e3a72092c5"
"5","General Systems","af3fb8803","2024-04-10","ratkosrb","Fix Core Hounds.","af3fb8803485ab1e249fb34a4588d2ad12439835"
"4","AI & Movement","6ac02e807","2024-04-09","ratkosrb","Make the movement tracking be per 10 sec interval.","6ac02e807398eb1c7d9d52df2d58e5224aab4d25"
"4","AI & Movement","fe923fc38","2024-04-09","ratkosrb","Implement batching and compression of movement packets.","fe923fc3828e54bcbbbfeff062578670444d7ff2"
"5","Encounters & World","bd5abee32","2024-04-09","ratkosrb","Put transport passengers access behind mutex.","bd5abee3253021b1e34e4fc75244081e24b6ddae"
"5","Encounters & World","d76a21b15","2024-04-08","ratkosrb","New script for High Priest Thekal.","d76a21b150686311acffde658b7230d16f33b0a1"
"5","General Systems","4c4013bb6","2024-04-07","ratkosrb","Fix ringing the AQ gates gong.","4c4013bb6d2fafdffcacd5929bbb1333f475151e"
"4","AI & Movement","8f06c0485","2024-04-07","ratkosrb","Fix bypassing Rajaxx's captains.","8f06c048507e72b2ec8cc1447725604f61035ad2"
"1","Crashes & Security","301150737","2024-04-07","Imran Hussain","Use close() instead of freopen() to stop readline leaks (#2573)","3011507375b2b3fb9b9e9889b8e6f113021e4f0b"
"2","Combat & Spells","3febff1d8","2024-04-05","ratkosrb","Add missing static flags to some unused mobs.","3febff1d84059c970bbeedd3f1871260bde18e03"
"4","AI & Movement","d824ddc9f","2024-04-04","ratkosrb","Add missing gossip menus for Love is in the Air.","d824ddc9f8799545de174a41ec84772d56f8feed"
"5","General Systems","8a8f818ab","2024-04-03","ratkosrb","Fix old and new version of Tresa MacGregor.","8a8f818ab9c982963b8c78d594083cd953c894b4"
"5","Core Architecture","2b94b4d18","2024-04-02","ratkosrb","Fix Zinfizzlex's Portable Shredder Unit.","2b94b4d18df7a269deabd3519e1817b86545a342"
"1","Crashes & Security","4f067300b","2024-04-02","Neto","Fix client crash on quest item retrieval over 63 (#2459)","4f067300bd43f2119456f84fcbdf48fa11cddc5b"
"4","AI & Movement","5dd188a3b","2024-04-02","ratkosrb","Squish creature extra flags.","5dd188a3bf15d439d70770fb8d2ec57c51f8403e"
"2","Combat & Spells","d57f12a16","2024-04-01","ratkosrb","Fix Blackhand Assassin casting spells while in CC.","d57f12a16b853c38c8141a470072b5458cd044c6"
"2","Combat & Spells","c76f1257c","2024-04-01","ratkosrb","Replace static flags of unused mobs.","c76f1257c30b0da69a7bf388601601c3b788ea39"
"2","Combat & Spells","e76a7ae06","2024-04-01","ratkosrb","Implement creature static flags.","e76a7ae06c082ec1f15f335ae9a76bdf937f99c1"
"5","General Systems","20676321e","2024-03-31","ratkosrb","Fix wrong value in comment.","20676321e0a2869d01a3fd4ae5bbcdd0b0a38e4f"
"4","AI & Movement","ea784aae7","2024-03-30","ratkosrb","Add correct creature type flag names.","ea784aae762f6d402d4767a44891afdce1c8833c"
"3","Bounds & Exploits","3f7655a11","2024-03-30","balakethelock","Removed strict range check in dungeons (#2565)","3f7655a113df7cf5c61410fc15eeeca8530899f2"
"5","Core Architecture","1d0d1ed4c","2024-03-28","Michael Serajnik","Use concurrent.futures and improve user feedback in mmap_extract.py. (#2559)","1d0d1ed4c0f0cb412ef0414f2ac97e23bddff8ce"
"2","Combat & Spells","5c459aa0a","2024-03-28","ratkosrb","Hakkari Frostwing should wander and share spawns with Hakkari Sapper.","5c459aa0a0a4e1005d5fbd91404c7ca67d60a9b6"
"4","AI & Movement","41cf9d618","2024-03-25","ratkosrb","Protect TeleportTo against null current map.","41cf9d61806ceb0e5c6d5267243e9f104be63c8d"
"1","Crashes & Security","c823eba8b","2024-03-21","ratkosrb","Implement some changes from 1.7.0 patch notes.","c823eba8b704633761a5224fa32213864474ffeb"
"4","AI & Movement","6b5055732","2024-03-20","ratkosrb","Make creature_template table reloadable.","6b50557328814105f7977d988129a5e0df3808da"
"2","Combat & Spells","2a615b207","2024-03-20","ratkosrb","Sync SpellBaseDamageBonusTaken and SpellBaseHealingBonusTaken.","2a615b20721c32eb320d5d71171b95054187c37c"
"5","Core Architecture","e2d8d78b8","2024-03-20","Michael Serajnik","Fix MoveMapGen exit codes. (#2558)","e2d8d78b8527d65188c94f251db25bce8e0415aa"
"5","General Systems","7e46b4c34","2024-03-18","Shudza","Fix BG area trigger message displaying wrong team as requirement (#2557)","7e46b4c345c576f2e06717ce1503fe4c85866b63"
"5","Core Architecture","b6ee9b4d6","2024-03-18","Michael Serajnik","Pass through arguments in mmap_extract.py. (#2556)","b6ee9b4d6b98088d27e2a8f0b4696e3c26e8705a"
"5","Core Architecture","f2e23b29c","2024-03-18","Michael Serajnik","Determine list of maps programmatically in mmap_extract.py. (#2541)","f2e23b29c6c95763aa8aaa9ccae3c6c2e3fafb13"
"2","Combat & Spells","b7487d03b","2024-03-18","Gamemechanic","Fix dereferencing null poiner in ProcessAnticheatAction (#2554)","b7487d03bde2190d042ae8ee14a40d923f551acd"
"4","AI & Movement","77c2185a6","2024-03-16","ratkosrb","Improve building path without mmaps.","77c2185a6a0eba19bd8089f60c12819980041df3"
"4","AI & Movement","b28d0f332","2024-03-16","ratkosrb","Revert ""Add options to disable mmaps for random movement.""","b28d0f33205aaabbd03ef7088d829b1b22ef8d79"
"5","General Systems","3632d4dc6","2024-03-15","balakethelock","Remove Flametongue hackfix (#2551)","3632d4dc6e645e5363d5443e01547ebd4a5f7363"
"5","Core Architecture","9404257ba","2024-03-13","ratkosrb","Better fix for guild tabards not showing on character selection.","9404257ba3e6b153936ffc21552ce933c5437ee1"
"5","General Systems","7722ce3a6","2024-03-11","ratkosrb","Fix some issues with wind stones.","7722ce3a66b1e8b4798cda4f9836f7cc91bde7b7"
"4","AI & Movement","38b42e1ad","2024-03-11","ratkosrb","Add options to disable mmaps for random movement.","38b42e1ad5bd023e936510e0b2819eb57b961955"
"5","Core Architecture","5ccd13fd9","2024-03-11","ratkosrb","Fix guild tabards appearing blank on character selection.","5ccd13fd9351026c83b0ad3ac6094f7d1b011200"
"5","General Systems","f41e588c7","2024-03-11","ratkosrb","Fix going over visible buff limit.","f41e588c72925c7dd3fe738022213b8227efc827"
"5","General Systems","f3ad95970","2024-03-10","Michael Serajnik","Fix build with anticheat. (#2545)","f3ad95970a79a2be2cac7daa54d3779fb83e138a"
"5","Encounters & World","89e918e81","2024-03-10","ratkosrb","Add separate log file for scripts.","89e918e814580087820677aea04a2c2c39fbe226"
"2","Combat & Spells","f093d9bde","2024-03-05","ratkosrb","Send chance on hit procs before melee swing packet.","f093d9bde54f9d67b9c2714551960ed2f9c8b009"
"1","Crashes & Security","36850ac60","2024-03-05","ratkosrb","Change size of some columns.","36850ac601b4656471a9f58bef0446b6d898b699"
"5","General Systems","a66a6442d","2024-03-04","Shudza","Remove not needed code in HandleAuthSession (#2535)","a66a6442da9f33d1c1432f1e495556f998a06de8"
"2","Combat & Spells","fa09f08ff","2024-03-04","balakethelock","Implement combat reach based pathing for chase and charge (#2386)","fa09f08fff038fea64a6472506d48b29aad00e56"
"2","Combat & Spells","44cdeed2d","2024-03-04","ratkosrb","Fix spell channel updates.","44cdeed2d0285f1ec2d7c1c8ef5494a762234d28"
"5","Encounters & World","8a0c9e3a6","2024-03-03","ratkosrb","Move Rookery Hatcher script to db.","8a0c9e3a6834f7b715b8e18952ebe012420827fa"
"1","Crashes & Security","34f232881","2024-03-02","ratkosrb","Fix crash with Mutating Injection.","34f232881efbdb3b6819be4a29643d9dcbfe53ff"
"1","Crashes & Security","d92934ded","2024-03-02","ratkosrb","Fix possible crash with Web Wrap mob.","d92934ded35e47c44f6d036c6c6b5b9e261382e1"
"4","AI & Movement","57b5800f1","2024-03-01","ratkosrb","Always show honor maintenance message.","57b5800f11a409a7b97bc3c79032156e3d044442"
"2","Combat & Spells","a2fd274a6","2024-03-01","ratkosrb","Only melee abilities trigger weapon procs and damage shields.","a2fd274a626f35994f6948523f12d871e370de4f"
"2","Combat & Spells","02a4f5711","2024-03-01","ratkosrb","Send SMSG_SPELLLOGMISS when SMSG_SPELL_GO is not sent.","02a4f5711dd6606e82b33cf9b0491c86bea6fea6"
"1","Crashes & Security","17eb71181","2024-03-01","ratkosrb","Undo changes to order of procs and damage.","17eb711815cb36f1ccd3a208a1d5a5d7368da0b3"
"5","General Systems","e454aeb93","2024-02-29","Daribon","Correct BWL spawns. (#2191)","e454aeb9396cacad8ab393c115fa298fca8302a0"
"1","Crashes & Security","47fccb3fc","2024-02-27","ratkosrb","Fix possible crash in Alzzin script.","47fccb3fc1530db989647cd0202e07145483a343"
"4","AI & Movement","32cff88ed","2024-02-26","Michael Serajnik","CI: Replace automatic release action with maintained version. (#2526)","32cff88ed722c682af53a14b3f35d229a9c4dc4e"
"5","General Systems","033c197c0","2024-02-26","Michael Serajnik","CI: Merge artifacts together to fix not being able to use the same name. (#2525)","033c197c024758a0d35695302647dfeb49ad0a24"
"5","General Systems","0c6dcf4db","2024-02-26","Michael Serajnik","CI: Update actions. (#2524)","0c6dcf4dbfba30bd272b05a64b107104bd4cd08c"
"5","General Systems","653aacc4a","2024-02-26","Michael Serajnik","CI: Update APT package lists before installing packages. (#2523)","653aacc4a9a28840bd00b50b11c0ab628b449195"
"2","Combat & Spells","29a47bd21","2024-02-26","Gamemechanic","Remove statue type from totems. (#2522)","29a47bd21d76943cb93177d5334781300578e809"
"2","Combat & Spells","0ac4878b1","2024-02-25","Gamemechanic","Fix spell targets for Spectral Deathknight and Patchwork Golem (#2521)","0ac4878b19972a4295ac6e7f9db49bb08a14c3e7"
"5","Encounters & World","f73853c43","2024-02-25","ratkosrb","Move Grobbulus Cloud script to db.","f73853c43cf9b7c774297025e423ae1ac5de01c6"
"5","Core Architecture","6d2863cb3","2024-02-23","ratkosrb","Make sure horseman is not a spirit when summoning player.","6d2863cb3be615f73f21c696e12a57b674d032f4"
"4","AI & Movement","1720fe3cd","2024-02-23","ratkosrb","Check movement flags for interrupts on movement.","1720fe3cd52088246ba345f24f3ecac5b80a4fe5"
"4","AI & Movement","46a6641c8","2024-02-21","ratkosrb","Pause waypoint movement when casting.","46a6641c83ff98e4ef2b17ad226aba02b38e8406"
"5","Core Architecture","7d9888461","2024-02-20","ratkosrb","Fix unintended bitwise condition in mmap generator.","7d9888461f3a16d1f35ef621e661ff34a6e9d9ba"
"5","General Systems","4f7dd2dc2","2024-02-20","Imran Hussain","[RealmMerge] Fix building on linux with gcc/g++ (#2519)","4f7dd2dc22c6536aa00856d4553fef53378d2d3e"
"5","General Systems","cf7b796a2","2024-02-20","ratkosrb","Check these columns for 0.","cf7b796a2dafedf9b3bf4059038e410235a97af4"
"5","General Systems","5aa51c60e","2024-02-20","ratkosrb","Update some columns i missed.","5aa51c60ec80aca8d3e3b23e8f7d86fbe50c9c91"
"2","Combat & Spells","5c2e2e756","2024-02-15","ratkosrb","Fix cheat status command.","5c2e2e7561dc1dba45e857c54ca3f41164d9575d"
"4","AI & Movement","495e1efe4","2024-02-15","ratkosrb","Unify god mode with invincibility HP threshold from EventAI.","495e1efe43fedfe26e11068288cf04b1b1fc6290"
"4","AI & Movement","3b8d5b50e","2024-02-13","Michael Serajnik","Wait for database availability in workflows. (#2511)","3b8d5b50e7a6ae8abe37f5bed2e590772674892f"
"4","AI & Movement","97d840c01","2024-02-12","balakethelock","Anubisath Defender EventAI adjustements (#2441)","97d840c01bb9b2a12bfeb6d450f1814d2d841957"
"2","Combat & Spells","a98d2b6c4","2024-02-12","ratkosrb","Remove auras after we are finished iterating through them.","a98d2b6c4c711e161e5438024f521f0f4ebea088"
"2","Combat & Spells","86ec9aa8a","2024-02-12","ratkosrb","Do not remove Amorous auras on evade.","86ec9aa8a9a3d5dd69e824aed52b969c8ccabbb0"
"2","Combat & Spells","d399e73e9","2024-02-07","ratkosrb","Handle procs after dealing spell damage.","d399e73e97f05bb82e914f9aac637d84610dea9f"
"2","Combat & Spells","f3e83eb8b","2024-02-06","ratkosrb","Reset emote state upon reloading creature addon.","f3e83eb8b9c74b0207af591d3148ec78671e1a62"
"5","General Systems","68f872953","2024-02-06","ratkosrb","Fix migration.","68f8729537d94f219c436de5231c95c6bbccda7c"
"5","Encounters & World","902ec55ae","2024-02-06","ratkosrb","New script for Private Hendel.","902ec55ae178772d5a7fc4e46582135856b47af4"
"2","Combat & Spells","dcccdab42","2024-02-05","ratkosrb","Move removal of auras with 'enter world cancels' interrupt flag.","dcccdab424857600b761154c2b94a8b81cb37291"
"4","AI & Movement","c499539e0","2024-02-02","ratkosrb","Pick random gear template if multiple are available for same role.","c499539e091cd4a2244c855319c29ae8c77db5e6"
"1","Crashes & Security","8ab331a9e","2024-02-02","ratkosrb","Fix crash upon loading invalid auction house id.","8ab331a9e39427f7ef7c71ee7bd92af6d38aa926"
"4","AI & Movement","66688ed98","2024-02-01","ratkosrb","Fix default movement being reset after charge.","66688ed98a353033e43356cf784f55456ae1544e"
"5","General Systems","50558a0dd","2024-02-01","ratkosrb","Fix gossip when mule dies.","50558a0dd218a777fcb908c31953c7e370cf0ddc"
"5","Encounters & World","2ab1c05e7","2024-02-01","ratkosrb","Add script for Guard Didier.","2ab1c05e70dd513effbe9cbec4bfad0341541691"
"3","Bounds & Exploits","863d7e897","2024-01-31","ratkosrb","Guard bound instances behind mutex.","863d7e8974b614bd4371825c6299d97928d1a9e9"
"5","Encounters & World","36a4c36a0","2024-01-31","ratkosrb","Fix Noxxion not being lootable.","36a4c36a00cfb4cd073a8143af1bc279874c3bf1"
"2","Combat & Spells","3de7fc330","2024-01-31","ratkosrb","Fix SetHealthPercent causing bugged alive state.","3de7fc330a4a019c819a7939749d4dbfbdf545d4"
"5","Encounters & World","632503cfe","2024-01-29","ratkosrb","Send master loot list each time someone opens loot window.","632503cfe11c98bc82a1a98cddd17b3607ab22d5"
"2","Combat & Spells","2a0ec6dba","2024-01-29","ratkosrb","Implement weapon based parry auras.","2a0ec6dbac10f3c9fce88540ebd83c61cd13ec64"
"5","Encounters & World","dba1d17b2","2024-01-29","ratkosrb","Define order of events when Overlord Mok'Morokk reaches 30% HP.","dba1d17b2a1fdd5757ac49d92b363001a6d517d7"
"5","Encounters & World","f59a27a24","2024-01-29","Daribon","Update migration scripts to use UTC. (#2460)","f59a27a2430e9933a3425e999c4ef0d90a79d14b"
"2","Combat & Spells","d449d2f2f","2024-01-28","Shiyo","Correct wrong Immolate spell used by Lord Alexei Barov (#2469)","d449d2f2f9583efd2cc1b247935c26952ed0c780"
"5","Encounters & World","84f101970","2024-01-28","ratkosrb","Prevent pulling some Naxx bosses out of their rooms.","84f101970607a3d02e08d51aa6549033c76eacf2"
"5","Core Architecture","6dea13cad","2024-01-26","ratkosrb","Skip chat command if player is not in world.","6dea13cadc026b740b0856abab639887356a75fa"
"5","General Systems","b7c616ada","2024-01-26","ratkosrb","Check `deleted_account` for NULL in DeleteOldCharacters.","b7c616ada984c74a4bfadbdcefa261535f9325ea"
"4","AI & Movement","81aa97a29","2024-01-26","ratkosrb","Followup to previous commit.","81aa97a296492b4f535bd16ffb45a5b4426940b7"
"2","Combat & Spells","b4590b296","2024-01-26","ratkosrb","Fix channel animation when recasting channeled spell.","b4590b296bee93e8a6af3c98f93558023c415b7f"
"4","AI & Movement","2447de4e5","2024-01-25","ratkosrb","Revert ""Fix stormwind entrance pathing (#2088)""","2447de4e5b69347bb724b14d4c268720e925ce78"
"5","Encounters & World","1635ea9bb","2024-01-25","Neto","Fix Solakar Flamewreath event (#2454)","1635ea9bb817035065f59cea9e3c23a589b4c0b4"
"5","Encounters & World","53069a1dd","2024-01-25","ratkosrb","Make some casts tied to Timer events only go on cd if cast succeeds.","53069a1ddcc086b1f515f83401b4c460d38f3a66"
"2","Combat & Spells","8a1df629e","2024-01-24","ratkosrb","Don't interrupt spell casting to enrage.","8a1df629e4b068e7fff6f9ef6f965751b201586c"
"2","Combat & Spells","c71cacffe","2024-01-23","ratkosrb","Add support for Spell Hit Target event in EventAI.","c71cacffe8c3499e6193a2ddeafe5bc43df98799"
"2","Combat & Spells","06039a4fb","2024-01-23","balakethelock","Fix SPELL_EFFECT_WEAPON_PERCENT_DAMAGE damage on creatures that don't have a weapon (#2396)","06039a4fba73c471220dfa6cb4a74aeaa0c35849"
"2","Combat & Spells","2ba2a0cf1","2024-01-23","ratkosrb","Add missing new line in printf statement.","2ba2a0cf17e30347a287f675eccdd8b582099986"
"5","Core Architecture","34e268ed9","2024-01-23","ratkosrb","Fix unit flags of battleground spirit guides.","34e268ed9dfd77392c3289f50df003d58326621f"
"5","General Systems","620b41a3d","2024-01-23","ratkosrb","Fix wrong Z coordinate of Vilebranch mob.","620b41a3d28f70c8605464a8dfd374bcbde7bc67"
"4","AI & Movement","5f364b72b","2024-01-22","ratkosrb","Implement ability to check script result from EventAI.","5f364b72b9a561f000c1f755982470faff375029"
"5","Encounters & World","be1261e0e","2024-01-22","ratkosrb","Prevent drowning after teleport.","be1261e0ed22d7a32c9e9c044c2b6e8dfb44b9f0"
"2","Combat & Spells","c234e4f68","2024-01-22","ratkosrb","Fix infinite crit chance exploit.","c234e4f688c8b782809e1eacbce75e704e19ec74"
"5","General Systems","697f3ac6c","2024-01-22","ratkosrb","Fix logic error.","697f3ac6c49190fa1f7d30d997fe2bc23a250d21"
"5","Encounters & World","531654754","2024-01-22","ratkosrb","Check result of some script actions.","5316547543bbc003e1acb23a5ae9431bf2942fd8"
"5","Encounters & World","f57bd5951","2024-01-21","ratkosrb","Quest 'Deep Ocean, Vast Sea' did not reward money before 1.5.","f57bd595129fdb162b21e70b1a26a52dcf6896b3"
"1","Crashes & Security","edb9aa30c","2024-01-21","ratkosrb","Implement changes to Krinkle Goodsteel.","edb9aa30c8bc6daa84ecccb54153d828d5d9f680"
"4","AI & Movement","7ad28135e","2024-01-19","ratkosrb","Players charmed by creatures should not be flagged upon attacking another player.","7ad28135e076052501bf40831108383a115089ae"
"2","Combat & Spells","1918508a5","2024-01-19","ratkosrb","Fix thread unsafe access to MapPersistentStateMgr.","1918508a54801289cfbaca03e4d511d7dad289eb"
"5","General Systems","e5cc8c076","2024-01-19","ratkosrb","Fix passing std string instead of c string to log.","e5cc8c076a48d253ab921f2eae5ab6dc94909233"
"5","Core Architecture","1430303bb","2024-01-18","ratkosrb","Fix players not getting flagged for pvp after flight ends.","1430303bbe276416fdc0213b0271d0f981704fb7"
"3","Bounds & Exploits","b5b2b1931","2024-01-18","ratkosrb","Maps/Vmaps: Make high res default and fix code duplication.","b5b2b193187a6c59cab93d165513611532fd5b13"
"5","General Systems","649cc94b5","2024-01-17","ratkosrb","Fix the naxx slime properly.","649cc94b508369ab599af9816ede2c051761e7a8"
"5","General Systems","3630de876","2024-01-17","Killerwife","Fix liquid type detection in Naxxramas.","3630de8762c5385ab95185901b72a6ca26ff049f"
"5","Core Architecture","139ac3fe4","2024-01-17","Wall","Fix mmap poly builder (#2436)","139ac3fe4687764cb4e504b0256090f203357112"
"5","Core Architecture","9414a042d","2024-01-17","ratkosrb","Check for naxx map id in slime check.","9414a042dd957d220c3e1a91aadd5bc7108f343a"
"5","General Systems","83f928d4a","2024-01-17","ratkosrb","Fix requirements for Shard of a Felhound and Shard of an Infernal.","83f928d4a65acaa34dcf5071b6cf2406a997175e"
"2","Combat & Spells","8d584d4c7","2024-01-18","coolzoom","Fix slime damage in naxx (#2438)","8d584d4c788be9a4cdd244df3968c7c56529cf3c"
"5","General Systems","8e7ae2d7b","2024-01-18","coolzoom","Fix sapphiron engage animation (#2437)","8e7ae2d7b5e4ce01cf95eb81e9db901c7bd8d358"
"5","Encounters & World","9114a4faf","2024-01-16","ratkosrb","Check allowed looters list for group loot and master loot.","9114a4faffee1770fca2e3653f5d8aecd42adb39"
"2","Combat & Spells","4264cded0","2024-01-12","ratkosrb","Add command to learn pet spells.","4264cded0dc90b1fed5370ffcf30c88451072cf7"
"1","Crashes & Security","bd69312b1","2024-01-12","ratkosrb","Fix an assert when you teleport out of dungeon.","bd69312b1040b09711ee66f7c98f625ea1b5c546"
"2","Combat & Spells","6d86307e0","2024-01-12","ratkosrb","Refactor some spell los checks.","6d86307e0d7d84b16d30281f6f50d71c961c2572"
"5","Encounters & World","49a87f34f","2024-01-11","Shiyo","Add missing enchants to GM island enchant vendors (#2428)","49a87f34f7fb7e480382090599b3a5ccf77f5040"
"4","AI & Movement","36bbaa596","2024-01-10","ratkosrb","Allow generic gameobjects to break los even if using m2 model.","36bbaa596339260e783df23b70fc5b1d9dcc16aa"
"1","Crashes & Security","67afb5c0c","2024-01-10","ratkosrb","Remove custom change to Summon Various DND.","67afb5c0c523ae231992d7371a68b812605b7e85"
"2","Combat & Spells","903e42ba5","2024-01-09","ratkosrb","Add missing single target flag to some spells.","903e42ba50a5f959ef4767c807b130c5379622e9"
"1","Crashes & Security","e072fd6d2","2024-01-06","ratkosrb","Fix pet interaction when enslaving Bleakheart Hellcaller.","e072fd6d2da63844049581a3c72668e8e876aea6"
"5","Encounters & World","adab1e01a","2024-01-05","ratkosrb","Fix Cannon for quest Death From Below.","adab1e01aa4841f0dd04b86b4bc34c29fdc17da4"
"2","Combat & Spells","06a54a1d1","2024-01-05","ratkosrb","Make battlebots cast some instant spells when carrying flag.","06a54a1d130c603b699a2549e77289d5ad1dd26f"
"1","Crashes & Security","1684c92b6","2024-01-05","ratkosrb","Lightning Shield should not remove Corrupted Mind.","1684c92b6c3e823d1c1a201f6d42042e9d4f696f"
"5","General Systems","baa32a596","2024-01-05","ratkosrb","Fix summoning Lord Valthalak.","baa32a5962cecbd2e515af02743af4d321b0f674"
"5","General Systems","caf8413c6","2024-01-04","ratkosrb","Fix startup error.","caf8413c65ea71a19c1f82f821ab877481c89dfd"
"4","AI & Movement","d95357105","2024-01-04","ratkosrb","New script for Mograine and Whitemane.","d953571058e227d46d88337dfb64be1cbb328e4b"
"2","Combat & Spells","ab5a9a224","2024-01-04","ratkosrb","Fix trying to cast spell id 0 in script.","ab5a9a224a715f484b1f58d3a6f279c9846226d7"
"5","Core Architecture","922d93bba","2024-01-03","ratkosrb","Make temporary battlebots leave if no real players in map.","922d93bba35494d4be804496ce6e383afecb3ae6"
"2","Combat & Spells","750023edd","2024-01-01","ratkosrb","Fix logic for preventing casting immunity aura on flag carrier.","750023eddd2c2a8349843b10bb04882ab9c19612"
"2","Combat & Spells","67e630daa","2024-01-01","ratkosrb","Remove some item create effect spell mods.","67e630daaaee0182c7d6236cbe7d1088b68f484d"
"5","Core Architecture","56b2a5809","2024-01-01","ratkosrb","Fix unit flags of Marshal Reginald Windsor.","56b2a5809366728125ba692df5a704f2f3e8222b"
"1","Crashes & Security","312da6a4d","2023-12-31","ratkosrb","Fix stack overflow with GuardAI.","312da6a4dad7396f575015bbc54495fc27f1ac80"
"2","Combat & Spells","a77ffef98","2023-12-31","Daribon","Correct threat to various spells. (#2393)","a77ffef98c6f2a8fa7fddcc91d411b5919ef10cd"
"2","Combat & Spells","1f85576da","2023-12-30","ratkosrb","Fix Venomhide Ravasaur being immune to his own passive aura.","1f85576da0782942adc6202257ef1a7de37696eb"
"2","Combat & Spells","6f5865acc","2023-12-28","balakethelock","Remove hack to Onyxia's combat reach & bounding radius (#2387)","6f5865accea9c7ef46b073305539c4c0f680a8e5"
"5","General Systems","cb1c0e09a","2023-12-28","ratkosrb","Fix adding too many battlebots when partybots are also in queue.","cb1c0e09a167e11ed4e421ca23da2602b8f8d4af"
"5","Encounters & World","551b8418f","2023-12-28","ratkosrb","Allow having both personal and group instance save.","551b8418f2225fe4c4e0339a595ab3731bf90a97"
"3","Bounds & Exploits","dd7994784","2023-12-27","ratkosrb","Fix raid reset exploit.","dd79947849800295ad3600ba0e542c7b1a0ee4ae"
"2","Combat & Spells","fc0d6cfd6","2023-12-26","ratkosrb","Use target's combat reach in aoe against creatures.","fc0d6cfd6192b5c90072d77ab289f165ea540a00"
"5","General Systems","6eb7e54c7","2023-12-26","NickTyrer","Misc DB Fixes.","6eb7e54c7008e11d3661809961403c7011bd440a"
"4","AI & Movement","f2b4b781c","2023-12-25","ratkosrb","Fix 'go creature id' command for multi entry spawns.","f2b4b781ca12eb00739391b10a10fdfe382556b0"
"5","General Systems","7e3743d54","2023-12-24","ratkosrb","Fixes for group list packet.","7e3743d543b327a76217eb09a0cd56c9fbad77b5"
"4","AI & Movement","b1e49ba3e","2023-12-24","ratkosrb","Don't generate pet number twice on tame.","b1e49ba3e6043a21416480b03bd3ff74f60e441f"
"5","Encounters & World","dd123f773","2023-12-23","ratkosrb","Fix quest The Challenge.","dd123f773dde1279486de982a7a25a823ef637c8"
"5","General Systems","9c3051870","2023-12-23","ratkosrb","Check if owner is alive here too.","9c3051870cddea055c5d8772f9ce6e832c177196"
"5","General Systems","076f32b41","2023-12-23","ratkosrb","Fix Scarshield Portal.","076f32b41b84e84a6ff2a49e23bc710f9de3e5b8"
"1","Crashes & Security","553872a4f","2023-12-23","ratkosrb","Fix raid target markers disappearing when changing loot settings.","553872a4f250f87370dedec9f2454384d364099f"
"5","General Systems","99258900b","2023-12-23","ratkosrb","Fix set gong time command.","99258900be28f8e296a990c8203af74a69bccccc"
"5","Encounters & World","a3684c78e","2023-12-23","ratkosrb","Fix quest script startup errors.","a3684c78efa93fec8f9c938b1c39d3f626257994"
"5","General Systems","e3a322da0","2023-12-23","ratkosrb","Fix Magenta Fungus Cap drop amount.","e3a322da09ec168c6a8b31b8b6fd61607d011853"
"5","Encounters & World","9daa4e4f0","2023-12-22","ratkosrb","Implement original version of quest Escaping the Hive.","9daa4e4f01ab38a08f3c2840a30a897c018648ca"
"4","AI & Movement","d258d368c","2023-12-22","ratkosrb","Add flee action to creatures that miss it.","d258d368ce6d912698467930f4ef729a856d004a"
"4","AI & Movement","283375229","2023-12-21","ratkosrb","Improve creature flee behavior.","283375229d8bcce85adae9cccbfd7461eb7aaf72"
"5","Encounters & World","5228c9000","2023-12-20","ratkosrb","Rename event type and remove useless enum.","5228c9000c84e9ef342e9d1322100cda58c77b5d"
"5","General Systems","b32738845","2023-12-20","ratkosrb","Fixes for Twilight cultists.","b32738845cfb25bced63bb5aa7389f1b5d1fb458"
"5","General Systems","3ddacee91","2023-12-20","ratkosrb","Fixes for Deadwood furbolgs.","3ddacee91bffa6628a7f8dc9a5c02baba08eedbf"
"5","General Systems","2c50f1971","2023-12-19","ratkosrb","Fixes for Thistlefur furbolgs.","2c50f1971fc106fe4b353f6f6c67e2082d0821d9"
"5","General Systems","54f07be54","2023-12-19","ratkosrb","Fixes for Stromgarde humans.","54f07be5492d96613a5bb2d56e9930e92a891c0e"
"5","General Systems","bb0691a6e","2023-12-19","ratkosrb","Fixes for Crushridge ogres.","bb0691a6ed2daff1028b1cd4d86e0741db40bbc4"
"5","General Systems","dde87c6fa","2023-12-18","balakethelock","Fix Anubisath Warder ability timers.","dde87c6fac2f3cdcaa3de13781b04d7848633b5a"
"5","General Systems","462523913","2023-12-18","ratkosrb","Fix Starshards not flagging you for PvP.","4625239137e7652a6f2692ae31f807d49b9725ad"
"4","AI & Movement","dc3c75259","2023-12-18","ratkosrb","Fix creature pet names.","dc3c7525916e44a8a5d10935175871d36add601b"
"2","Combat & Spells","b98dff543","2023-12-18","ratkosrb","Fix spawn spells with no target type.","b98dff543e4b2b6cf9fdf69bc62ab867483efc81"
"5","General Systems","1047658d3","2023-12-18","ratkosrb","Some tweaks to wall climb check.","1047658d33522e6e7ac7cdac80a4d6922aa0553f"
"4","AI & Movement","8f93351f5","2023-12-17","ratkosrb","Remove wrong creature immunities.","8f93351f5ea7bd989312420512b4b7e7279c9ddb"
"2","Combat & Spells","d4f951ee3","2023-12-16","ratkosrb","Creature school immunity should not apply to positive spells.","d4f951ee388773d918f3f72c6eb1b86126c168d3"
"2","Combat & Spells","363ef19db","2023-12-11","Gamemechanic","Add hit chance bonus to""unit statinfo"" command. (#2347)","363ef19db69e8c4e92250e9ebc4896a98e1e49cd"
"2","Combat & Spells","a510ea402","2023-12-05","ratkosrb","Always interrupt channeled spell on teleport.","a510ea40212b6b9b2009497b2b8112d49de76065"
"2","Combat & Spells","2c4ec612d","2023-12-05","ratkosrb","Will of Shahram and Holy Strength should have separate aura slot per caster.","2c4ec612dcedb33c4fd3903ac221a67e89932eef"
"4","AI & Movement","b772fc49e","2023-12-04","Gamemechanic","Improve "".debug los check"" command (#2337)","b772fc49e138f72db353592b4ed8875429ac552d"
"2","Combat & Spells","faaccc2e5","2023-12-04","ratkosrb","Remove empty if statement.","faaccc2e582a93cfb6e4bde6c65566fc351443f7"
"5","General Systems","4b0bbe2eb","2023-12-04","ratkosrb","Fix Relentless Strikes not triggering on killing blow.","4b0bbe2eb67c4fca8a82716442e591d25684892c"
"4","AI & Movement","83b6580b7","2023-12-03","ratkosrb","Remove some custom creatures.","83b6580b7ee2c80f31ac650e790426f05256643f"
"5","Encounters & World","5d2252401","2023-12-02","ratkosrb","Pass map to condition check from loot manager.","5d22524019eb6a25f7772590f683e87f7a08a9a2"
"2","Combat & Spells","9d7cf5523","2023-12-01","Gamemechanic","Very minor refactor of Creature::HasSpell (#2322)","9d7cf5523f7949c52b8b8b90f82de5c2ba0a5d8e"
"2","Combat & Spells","91ab2c177","2023-12-01","ratkosrb","Fix Razorgore melee attacks when possessed.","91ab2c177ae8755ac09608fce4521b429179dd9f"
"5","Core Architecture","e1a4ca5e8","2023-12-01","ratkosrb","Save respawn time before resetting map.","e1a4ca5e8e016331f8640621cbc79b72a8ed56ab"
"5","General Systems","cb1c574c7","2023-11-30","ratkosrb","Fix AV cavalry assault not working after respawn.","cb1c574c71278b2c8f36345ba70a86e7e2daa756"
"4","AI & Movement","42ea6e2aa","2023-11-30","Daribon","Add waypoints to Harb Foulmountain (#2318)","42ea6e2aa880d98db6c191bd9672bd621bacaaa4"
"5","General Systems","06f2602d1","2023-11-30","ratkosrb","Fix opening Sharpbeak's cage.","06f2602d1a7b8a3e5a6611da56b5a2b4369d5117"
"1","Crashes & Security","2ff7153a9","2023-11-30","TuriansNotBad","Fix old version of some Shaman talents that were changed in 1.11. (#2315)","2ff7153a94e8a436a96f24102a1253f7bedaa72c"
"5","General Systems","c0bc1aa36","2023-11-29","_BLU","Fix missing headers in build (#2330)","c0bc1aa365330f4da97de7659ffa1f5e3e3011c0"
"4","AI & Movement","78e44699c","2023-11-29","ratkosrb","Add missing include to ScriptedFollowerAI.cpp","78e44699c876cfcbf17d25d4bebb33d285d4fe8f"
"5","Encounters & World","0ef1491e0","2023-11-29","ratkosrb","New script for Ambassador Flamelash.","0ef1491e07d8d93a244bc149ee85addf29b7093d"
"4","AI & Movement","e87d583a5","2023-11-29","ratkosrb","Add missing include in MovementAnticheat.cpp","e87d583a5e50ad49f12a716fb408b393d3c21103"
"2","Combat & Spells","0134f7c4e","2023-11-27","ratkosrb","Revert ""Add new formula for crafting skill gain chance (#2291)""","0134f7c4e3fae3813e56cb608da27a06c669df0d"
"5","General Systems","19dc28395","2023-11-27","ratkosrb","Revert ""Fix division by zero.""","19dc283956c97d00f28b68b5fc6d266b00883e3f"
"2","Combat & Spells","756543fbc","2023-11-26","ratkosrb","Move the declaration to other stat system functions.","756543fbc16d8e18a678901bdb6cad6be68461b0"
"2","Combat & Spells","4bf4864f8","2023-11-26","ratkosrb","Bonus hit chance auras should check equipped weapon.","4bf4864f8baf940ae5cd030ec993cac2df49a20d"
"5","General Systems","73dc96ec9","2023-11-26","ratkosrb","Fix division by zero.","73dc96ec9f042ee35df3c36acb4e4379fa80d0c9"
"2","Combat & Spells","ff6db02ad","2023-11-25","balakethelock","Fix threat values of warrior abilities (#2119)","ff6db02ad7dd2156ddd0ce3bff05efa2ca50b0ec"
"2","Combat & Spells","afe868a62","2023-11-25","balakethelock","Correct Cleave spell used by Vaelastrasz (#2310)","afe868a62bd38a4a91a20eeec551306944ce21bf"
"5","Core Architecture","9b84097fa","2023-11-25","Wall","Fix whitespace in VMAP extractors (#2295)","9b84097fab39432cb824c36ea8f0c13f33a3182b"
"2","Combat & Spells","710880849","2023-11-25","WoWBiggles","Add new formula for crafting skill gain chance (#2291)","71088084917aec4a63d730f96d6e0de7be684487"
"4","AI & Movement","50e12c33a","2023-11-25","TuriansNotBad","Fix affect masks for remaining Rogue talents pre 1.12 (#2245)","50e12c33a96a9bd072f17357ec6e2cbb6ae239dc"
"2","Combat & Spells","dd9ebcffb","2023-11-25","ratkosrb","Move combo target check to CheckPower.","dd9ebcffb0a76de16229c652eff19cebecce202d"
"1","Crashes & Security","a002a556c","2023-11-25","TuriansNotBad","Fix old version of a few mage talents that were changed in 1.11. (#2311)","a002a556c9dbc73f806f5fafa38f2e2d4a786a7b"
"5","Core Architecture","75474d2d3","2023-11-22","ratkosrb","Remove slow and root immunity from Son of Flame.","75474d2d33bccfabc2a2f05986132529f3b79cbb"
"4","AI & Movement","38ecbe0e1","2023-11-22","ratkosrb","Restore npc flags of Deathstalker Faerleia on failure.","38ecbe0e184b323174e908a7cd94f9d5d0cb49eb"
"4","AI & Movement","2f9dc70a3","2023-11-21","ratkosrb","Add many missing creature immunities.","2f9dc70a3e369c0496e4d400bdf2144e4977ff60"
"2","Combat & Spells","db9989149","2023-11-21","ratkosrb","Notify client when channel name is invalid.","db9989149c78f3ceb9a5468deebe356ffabd81ca"
"5","Encounters & World","7168faf72","2023-11-20","ratkosrb","Fix some quest items that target gameobjects.","7168faf7228690db1cd5a724d8ddba60bcc4e2fe"
"4","AI & Movement","8728a4820","2023-11-20","ratkosrb","Fix gameobject los check.","8728a4820f11f4d8921fdb5672ae0a3b671f425f"
"2","Combat & Spells","9a7a253bf","2023-11-18","ratkosrb","Avoid double lookup in threat list.","9a7a253bfe23ddf535e198931092e9fb5ff9ed1e"
"4","AI & Movement","4f517f460","2023-11-18","ratkosrb","Add separate immunity flags column to creature template.","4f517f4608664b2ddff1a6038103fb60beadd749"
"5","General Systems","5ece974a3","2023-11-18","ratkosrb","Fix Grace of Earth trinket.","5ece974a3b4ef170640e52ffe9dab3760d041f65"
"5","General Systems","a3efdd71b","2023-11-18","Daribon","Correct waypoints for Anathemus. (#2281)","a3efdd71b8e72ccb9a90b9d72811396f5843df8b"
"5","General Systems","403f13398","2023-11-18","Daribon","Correct Arathi Highlands waypoints. (#2274)","403f13398300957e2675d95ad7f572a73d59ed25"
"5","General Systems","ebec3eedf","2023-11-18","Daribon","Correct waypoints in Light's Hope. (#2265)","ebec3eedf4e11f441a7e4037af073d64568e0e2e"
"1","Crashes & Security","44793e8a6","2023-11-18","oowow-core","Change hardcoded emote to broadcast text (#2293)","44793e8a694cc8b8d96a6210d099aeba809571c6"
"2","Combat & Spells","764fab757","2023-11-17","ratkosrb","Pass original damage to proc handlers.","764fab75751c351a2e73e51f0c022b179a015e6a"
"5","Encounters & World","d3e7026e2","2023-11-16","ratkosrb","Use center of gameobject model as collision height.","d3e7026e2ef04af115c6da054be59a5adb16cee0"
"3","Bounds & Exploits","9cb972d5e","2023-11-16","ratkosrb","Fix item dupe when trading to bots.","9cb972d5ef7965cdd285cd7e4cfce2562d8e2bfc"
"5","General Systems","6126528d5","2023-11-16","ratkosrb","Fix Zandalarian Hero Charm for all versions.","6126528d536bc75881eab3be46f5bbeca6bbb315"
"5","General Systems","8845e2c5f","2023-11-16","ratkosrb","Fixes for Eye for an Eye.","8845e2c5f0e01d64d708dfa66e364c5b80c26068"
"5","General Systems","f74ee8e64","2023-11-16","ratkosrb","Auto attacks should not check line of sight.","f74ee8e641424925b9af32d65fd79f3b0f417488"
"5","Encounters & World","991b1bceb","2023-11-15","MantisLord","Add script for Archmage Tarsis Kir-Moldir 16381 (#1948)","991b1bceb7097181d42f117128847f5b60025b26"
"5","General Systems","4f17e85f8","2023-11-15","Daribon","Correct waypoints for AV entrance caves. (#2264)","4f17e85f8e2212997463695ccd99faa1e9071c06"
"5","General Systems","8eb32e299","2023-11-15","Daribon","Correct Shadowprey Guardian waypoints. (#2251)","8eb32e29988cdfb0160ad4a0b3a4b32b68499d49"
"2","Combat & Spells","129d1c6f1","2023-11-15","Daribon","Correct threat for more spells. (#2188)","129d1c6f12192f5a789f5ee99021ef3a687b36b5"
"5","General Systems","d9138ec95","2023-11-14","ratkosrb","Don't check line of sight when opening chests.","d9138ec95ae7a3ea477a6a801f09e250c61105bf"
"5","General Systems","929ba34d7","2023-11-14","ratkosrb","Corrections to chat type of texts.","929ba34d73967013627768e975fb19c4fcc541ad"
"5","General Systems","e4a789da3","2023-11-13","ratkosrb","Fix broken migration.","e4a789da3c5362aee0fee8a631df9c40314683b7"
"5","General Systems","f5a4f3c56","2023-11-13","Michael Serajnik","Fix grammar mistake in Hallowed Scroll item text. (#2178)","f5a4f3c56056b34659fe16137ddd97175eab2b78"
"5","General Systems","79a676775","2023-11-13","ratkosrb","A few more corrections.","79a676775b7a7205824e33c843f3f901962714a2"
"2","Combat & Spells","d99ca9827","2023-11-13","ratkosrb","Corrections to bounding radius, combat reach and gender.","d99ca982750a38b25920fa7a6ba9f01b4bd59c42"
"1","Crashes & Security","18f9fc454","2023-11-13","ratkosrb","Change creature template column order.","18f9fc454043a24c52f45fdb236d9cbe061af647"
"2","Combat & Spells","d0adcf3cd","2023-11-13","ratkosrb","Correct damage and armor of more creatures.","d0adcf3cd09938503a41eb6b7047ebb3e1dec9c0"
"5","General Systems","9749376db","2023-11-13","ratkosrb","Fix mistake in previous commit.","9749376db85e0b63b6d392477c42d7e4aca648ee"
"5","General Systems","d7f11f406","2023-11-12","ratkosrb","Fix Orb of Draconic Energy.","d7f11f406f4ddd573c3523a8e49f1e43050b10d0"
"5","General Systems","7e3a05a27","2023-11-12","ratkosrb","Improve WSG battlebots.","7e3a05a2747a8cdc745dda8ec18da4d5dec03f30"
"1","Crashes & Security","2e426d5c7","2023-11-11","balakethelock","Change Life Giving Gem effect to match classic (#2064)","2e426d5c78ffa642ffe84add25437cc0c8f4717f"
"5","General Systems","d63c88566","2023-11-11","balakethelock","Chromaggus adjustments and bug fixes (#2169)","d63c885664e666b0f818afa4ec15b2486130f8de"
"1","Crashes & Security","5f2d7d6d1","2023-11-11","balakethelock","Change Brood Affliction: Bronze proc rate to 25% (#2168)","5f2d7d6d1b7278b1e3c2e83cd9dd7f4137ce63d3"
"2","Combat & Spells","1c24cd957","2023-11-11","balakethelock","Zone-wide aggro pulse should also place pets in combat (#2170)","1c24cd95752bf3722cdb97d1051533d6529af4a9"
"2","Combat & Spells","d3f7a6738","2023-11-11","ratkosrb","Remove 2 combat spawns of bruisers.","d3f7a67380676bd7483dafe2bd51c40233d0f9ec"
"5","Encounters & World","4770716fe","2023-11-11","ratkosrb","Another quest greeting.","4770716fe1b23ed17a80a5382ab9e9e740c05b44"
"5","Encounters & World","0d2222c58","2023-11-11","ratkosrb","Add 4 missing quest greetings.","0d2222c589e6672dc06c2bea9835510742ce222a"
"4","AI & Movement","86f12ff0b","2023-11-11","ratkosrb","Corrections to creature spawn positions.","86f12ff0bcc87b8370c1941669fdafe9e0e839d0"
"5","Encounters & World","5f355224e","2023-11-11","ratkosrb","Correct quest emotes and texts.","5f355224e61c2788296eddf998e24bb67d7fddf6"
"5","General Systems","a54ec3774","2023-11-11","ratkosrb","Small corrections to npc texts.","a54ec377487844363ec1123e2231e68232e00ff2"
"5","General Systems","1d8298ddf","2023-11-11","ratkosrb","Small corrections to page texts.","1d8298ddf9b5c333b58e40b4c093591f6dbea214"
"2","Combat & Spells","cfd91701a","2023-11-11","ratkosrb","Correct stats of some humanoids.","cfd91701aaac4acd021d515cccde355e6a806d32"
"2","Combat & Spells","3877b4841","2023-11-11","ratkosrb","Correct human rogue stats.","3877b48411951a98e8591ef70173e82b35013fd3"
"5","General Systems","62959f853","2023-11-10","Daribon","Correct waypoints for Forsaken Courier. (#2266)","62959f85356b1b8125c4853922f3d8f2abee93a7"
"5","General Systems","c3986c5e5","2023-11-10","ratkosrb","Fix Invalid Target error message with SoR.","c3986c5e5e80dfcebf8f1a5093decd8aca3ad8b7"
"5","General Systems","0d7ef797a","2023-11-06","ratkosrb","Fix wrong build check for Ferocious Bite handler.","0d7ef797a71876e197ee9c0c33699b7708c693a4"
"5","General Systems","e38c0067e","2023-11-06","ratkosrb","Fix wrong number in comment.","e38c0067e02920fa1233b42e3748eec1e4a7eb2b"
"5","General Systems","79f4f09e2","2023-11-06","ratkosrb","Multiple fixes for patch 1.6.","79f4f09e2d778877587d6559bfdf7832ec20f85c"
"2","Combat & Spells","99c53eff4","2023-11-06","ratkosrb","Lunar Wand did not have a random property before 1.3.","99c53eff459fcf672c0af45b8299e8fe6ed9bd97"
"2","Combat & Spells","03a7537f5","2023-11-05","ratkosrb","Trigger damage shields from melee damage spells.","03a7537f52422f9d1322c1a486ccc987b72a199e"
"2","Combat & Spells","f232701b7","2023-11-05","ratkosrb","Properly check for higher rank of spell in bot code.","f232701b71cf7fc1e27385b8cae8e48f195015b3"
"1","Crashes & Security","8e0150ee2","2023-11-05","ratkosrb","Some spell target check changes.","8e0150ee26f7638cc65dce8e9a27de696c6d6c70"
"5","Encounters & World","bd9cca7b9","2023-11-05","ratkosrb","Fix camera bug when enabling flying on transport.","bd9cca7b9d16d3e88c15ed378a893faebaf353f1"
"5","Encounters & World","36a386fc5","2023-11-04","ratkosrb","Skip not selectable unit check for TARGET_LOCATION_SCRIPT_NEAR_CASTER.","36a386fc554fd5f4272c9ba9438205f53bbbb010"
"1","Crashes & Security","94f52d905","2023-10-31","Gosha","Change Map::Visit to not call EnsureGridLoaded if cell.NoCreate is true.","94f52d905dcdd6dcc527075f85197c0700d07f4a"
"5","General Systems","98ba18f68","2023-10-31","Gosha","Use ByteBuffer from UpdateData instead of copying to it after.","98ba18f6858c73db5237414119d197113da5a8cf"
"5","Encounters & World","dfafb9b5c","2023-10-31","ratkosrb","Fix shaman sapta quests.","dfafb9b5c02882e0ed72d37b3ce25d5c7a2617ec"
"5","General Systems","97de7f804","2023-10-30","ratkosrb","Corrections to faction leaders.","97de7f804a325ada9700218d48e67ae74371310e"
"2","Combat & Spells","0d6efb796","2023-10-30","ratkosrb","Talisman of Ascendance should most likely only proc once per cast.","0d6efb7963d2b5d8eca4bbab6a7ef68fbca02132"
"5","General Systems","6810237d8","2023-10-28","Daribon","Correct Stonetalon Grunt waypoints. (#2253)","6810237d856815c88acca93c699d2e816503d733"
"5","General Systems","d5c3428f8","2023-10-28","Daribon","Correct Splintertree Guard waypoints. (#2250)","d5c3428f8a2e8a2973f0fac1684bc85fafd3057a"
"5","General Systems","579f4c94e","2023-10-27","ratkosrb","Fix zone and area update on teleport.","579f4c94e3011b49a92b5f54fd909eb64bc93059"
"2","Combat & Spells","49dae0123","2023-10-25","ratkosrb","Make bots learn trainers spells if no spec template exists.","49dae01237e83f0504e00d28f0203ae6b07ec043"
"4","AI & Movement","9128f9e56","2023-10-24","ratkosrb","Fix PvP not being disabled on flight paths.","9128f9e566bcc1ed5d7502026fc941037b39807c"
"5","Encounters & World","24463dbae","2023-10-24","ratkosrb","Fix quest Dancing for Marzipan.","24463dbaeee0085727b9cff9fbc7e58f6df00d81"
"5","General Systems","1e82e5b1f","2023-10-24","Daribon","Correct Auberdine Sentinel waypoints. (#2248)","1e82e5b1fc096625df6a1152529df990a9526b25"
"5","General Systems","7dba5179c","2023-10-24","ratkosrb","Fix Fel Curse effect.","7dba5179ce5207fa5727c97f1ccb080c300c04e7"
"2","Combat & Spells","47558c35f","2023-10-23","ratkosrb","Add command to learn all spells from items.","47558c35fc23e3233e0764e0ad5c2ab85ab0ee90"
"5","General Systems","b8a6a7b13","2023-10-23","ratkosrb","Fix chat in GM mode.","b8a6a7b13e04c6e51da6712fae9dce98573c7722"
"5","General Systems","a25e6be25","2023-10-22","Neto","Mining Node fix for Mother Pools (#2246)","a25e6be250f9dca2ca077f68924cb5909f051c35"
"5","General Systems","40ec4ceb7","2023-10-21","ratkosrb","Fix learn all languages command.","40ec4ceb7c8af958088fabd0b815e61109809bc0"
"5","Encounters & World","6c70671cb","2023-10-21","ratkosrb","Move max instances per hour limit to config option.","6c70671cb8c0b84de786c9b4c6c372dcd589bd16"
"5","General Systems","284d83809","2023-10-20","TuriansNotBad","Fix affect mask for Improved Instant Poison before 1.12 (#2234)","284d8380956921eb68a46b8b7a858605be789a59"
"2","Combat & Spells","e1ac6740b","2023-10-20","ratkosrb","Correct damage school of creatures.","e1ac6740bb9716769a2fb5fc34a36d0bde37627c"
"5","General Systems","abc6da573","2023-10-18","Daribon","Correct misc waypoints and spawns. (#2233)","abc6da573bb51b541f05a44f7fc315e09cf1ec18"
"5","General Systems","6ed13a039","2023-10-17","Daribon","Correct waypoints for Rippa. (#2231)","6ed13a039d154423aa0f8fa27124ac8aace0e816"
"5","General Systems","4e93afa61","2023-10-18","oowow-core","Fix issues with some Chinese page text locales (#2232)","4e93afa61350955898c7972a134051ca45620cae"
"2","Combat & Spells","c891e370e","2023-10-17","ratkosrb","Fix unit target variable confusion in spell code.","c891e370e1380aaafaf37bfa3eff9c31c1aa924d"
"5","General Systems","380a8b8f9","2023-10-17","ratkosrb","Don't check skills for known languages.","380a8b8f93366b77c3f020ff728700479a0dd1c3"
"2","Combat & Spells","e3fe9462a","2023-10-17","ratkosrb","Process chat packets on separate threads.","e3fe9462ae67db618efeae16625708053983c927"
"1","Crashes & Security","bf8d6ad13","2023-10-12","ratkosrb","Fix deadlock error with account data tables.","bf8d6ad13e64fc2f4ab6454e8b3890216d6f949e"
"5","General Systems","2513bc3db","2023-10-11","ratkosrb","Update two packets.","2513bc3db939b852e367f68002f52cdde92f2000"
"2","Combat & Spells","0265c0a68","2023-10-11","ratkosrb","Correct creature damage and armor.","0265c0a688da80680ddc743e500e7ec6a398addb"
"5","General Systems","12908fc8f","2023-10-08","ratkosrb","Fix account data types in older versions.","12908fc8f45237944571c38cf695dcd4f6d8acd4"
"5","General Systems","d8db25a9b","2023-10-07","ratkosrb","Correct SMSG_ITEM_ENCHANT_TIME_UPDATE structure before 1.11.0.","d8db25a9bec2022cec23630c64329d5406ceeb5b"
"5","General Systems","46de36642","2023-10-07","ratkosrb","Fix local time condition.","46de366423855b88bb2810b4f46fbdc7a797c869"
"2","Combat & Spells","ebb3f2641","2023-10-06","balakethelock","Implement SPELL_ATTR_EX_NO_AUTOCAST_AI for charmed players (#2104)","ebb3f26415c96e9635ed5701ae07eb145a35f26d"
"2","Combat & Spells","071c3b1f9","2023-10-06","ratkosrb","Fix Tranquility and Starshards channeling visual disappearing.","071c3b1f932ce1f712a93232f40b9b21b2b505d4"
"4","AI & Movement","7e533c0e5","2023-10-05","ratkosrb","Optimize mover lookup in movement handler.","7e533c0e5dbfe0ac977a72607250e6bacf4c9fcf"
"5","General Systems","a8a71e62c","2023-10-04","ratkosrb","Improve active mover handling.","a8a71e62c198044526211ee5df093f82bda0ad87"
"2","Combat & Spells","d4622efcd","2023-10-03","ratkosrb","Implement aura Illusion Passive.","d4622efcde2d05c542c7dbbd23cbc4f59f47adb0"
"4","AI & Movement","ff760c37b","2023-10-01","TuriansNotBad","Fix raid group set assistant leader pre 1.12 (#2209)","ff760c37b721d5c0118c40a854dcdc1beaffb0e0"
"5","General Systems","b50cc5fe5","2023-10-01","TuriansNotBad","Fix group set leader pre 1.12 (#2208)","b50cc5fe5b8b810c5f9aa77d5bdd7e1e5414f0e7"
"5","General Systems","bf1a1285d","2023-09-30","ratkosrb","Fix first phase of Kel'thuzad fight.","bf1a1285d5a9369c2195eabb39700678c4ebeef4"
"5","General Systems","696f131e0","2023-09-28","ratkosrb","Fix battleground spawns respawning prematurely.","696f131e07eadd8fea978730d0444bdb94aa8247"
"5","Encounters & World","beb58852b","2023-09-24","ratkosrb","Implement using Seal of Ascension during UBRS Stadium Event.","beb58852b034272f20e1eaa19be9630de8b93e27"
"5","Encounters & World","77091f90b","2023-09-23","ratkosrb","Fix copy paste mistake in continent instance checks.","77091f90ba86b7301a00d365799d756d18f1a4b6"
"2","Combat & Spells","799dc9c5b","2023-09-23","ratkosrb","Do not check effect index for Mother's Milk aura condition.","799dc9c5b95a20f4c09067ddee92ae7704a4fadc"
"2","Combat & Spells","992ff0bfb","2023-09-23","ratkosrb","Correct coordinates for Gnomeregan Explosion spells.","992ff0bfb51394f24b8ffc25f329b330007f4771"
"5","General Systems","deb66bd4f","2023-09-20","codestothestars","Fix Orb of Deception for patch 1.6 and below (#2190)","deb66bd4f5aec9b18c04e9e23a8e701a544cba0a"
"5","Core Architecture","171e919bb","2023-09-18","jackpoz","[Core/MMAP] Reduce chances of breaking tile connections.","171e919bb32a06a762bbb19bdf3c59c65cc957cb"
"5","General Systems","70c42c4a9","2023-09-17","codestothestars","Fix gossip menu options for client version 1.5 (#2193)","70c42c4a931a021eb6c1c7dce07191a55e005dbd"
"4","AI & Movement","ffc93e2c9","2023-09-17","coolzoom","CI: Fix openssl binary path (#2196)","ffc93e2c9f6858b932bd95c50fa84a8a2ae5d0c8"
"5","General Systems","060a4e0fe","2023-09-16","Gamemechanic","Fix Elemental sharpening stones applied to an offhand weapon. (#2167)","060a4e0feebe28d80ea21323aa1a36e980376cd2"
"5","General Systems","461912429","2023-09-16","ratkosrb","Unsummon guardians when Isalien evades.","4619124291b282870813410fccfc52fd2b17201b"
"5","Encounters & World","f840413d7","2023-09-13","ratkosrb","Add some missing quest greetings.","f840413d743d41c4a12578ca54a44c444160fb03"
"5","Encounters & World","1acabe137","2023-09-13","ratkosrb","Restore old version of some STV quests.","1acabe1376bf4ba36c265193588ef99410564cf1"
"4","AI & Movement","850dcf88f","2023-09-13","ratkosrb","Fix texts for quest The Horde Needs Spotted Yellowtail!","850dcf88f7940c15b0621d3ecb21f3cd9d8a6f01"
"4","AI & Movement","59f727035","2023-09-04","ratkosrb","Implement creature group based selection of creature ids.","59f727035aded41e4f0d2fded63210091f76054c"
"5","General Systems","05d8f8a3b","2023-09-03","ratkosrb","Fix Nature's Ally buff resetting pvp timer.","05d8f8a3b72e97bd5c806343eab967a053634762"
"2","Combat & Spells","8e35ae215","2023-08-26","codestothestars","Enable using self-resurrection spells on 1.5 client (#2182)","8e35ae2152ba22e07c9a10d7e43463faab173b40"
"5","General Systems","6b2a8ed34","2023-08-26","codestothestars","Fix equipped item model display for 1.5 client (#2180)","6b2a8ed34bfc04df8ba776ee816f330c11d7c97f"
"2","Combat & Spells","f62914218","2023-08-25","ratkosrb","Apply speed aura mods at cast time.","f629142186407ca50b64717ef8cb664ad27cdd73"
"5","General Systems","eeb6d4557","2023-08-23","ratkosrb","Fix warden scans terminator logic.","eeb6d45574e2666ac62dc8fec0d8e9b83584cc65"
"4","AI & Movement","346f99c20","2023-08-22","ratkosrb","Correct equipment for creatures.","346f99c20996f1689996d65e34203f112d05dd9d"
"4","AI & Movement","9bbf9b9b4","2023-08-22","cdkr","Fix missing break in npc_grimstoneAI::UpdateAI (#2171)","9bbf9b9b4f68e98d20295aaa45f91704b0083041"
"5","General Systems","3cdffb8dd","2023-08-21","NickTyrer","Add Correct Spawns and Patrols - Dire Maul Entrance (#2140)","3cdffb8dd964f8fcef87b82781966e98a59ee44b"
"5","Encounters & World","50a04867b","2023-08-21","NickTyrer","Respawn Call to Arms Event (#2144)","50a04867bc39653725f71fcbae08ef824cb960e5"
"2","Combat & Spells","cb50113a5","2023-08-19","ratkosrb","Read login and daze spells from dbc.","cb50113a514ae9decce0cfda2e62431aa61efbcc"
"5","Core Architecture","3a05b678b","2023-08-19","ratkosrb","Fix immunity checks for dropping WSG flag in early patches.","3a05b678b78628d88b4be639b3ee76c419666081"
"2","Combat & Spells","140e5d24e","2023-08-19","ratkosrb","Fix world states on old clients.","140e5d24e3ea3cc1fcdce3ff47ce3baef30d5a43"
"5","General Systems","030dc8467","2023-08-18","ratkosrb","Fix WSG flag not spawning on the ground after casting Divine Shield.","030dc846723359d842f96e5a5157cd8d31d44803"
"4","AI & Movement","3e43fb929","2023-08-15","ratkosrb","Do not alter movement flags on switching instance.","3e43fb929c3015d34a482d85ec496519c8398b1f"
"3","Bounds & Exploits","2966c2b42","2023-08-15","ratkosrb","Adjust Orgrimmar instance boundary.","2966c2b426eff4df2fe4a5e5cb0362b8a6f67d6d"
"5","General Systems","f7a480a17","2023-08-15","ratkosrb","Correct HitInfo flags for older clients.","f7a480a175017ecbfa85711bc7353dce9801c3d1"
"4","AI & Movement","b127d3cff","2023-08-15","ratkosrb","Followup to last commit.","b127d3cff26ae4b886904b647776aaa1f6da67d3"
"2","Combat & Spells","2be582044","2023-08-15","ratkosrb","Charm and Possess spells threat.","2be58204403dde80f033c18dd76bbe30926f6357"
"2","Combat & Spells","9bb60fc85","2023-08-14","ratkosrb","Remove TBC spell from Touch of Weakness handler.","9bb60fc856d90274e50770fa408518da4b00dd3e"
"2","Combat & Spells","0b848f798","2023-08-14","ratkosrb","Update environmental damage packet before 1.7.","0b848f798e1122d331e2f5d88de724fb2f8ef1bb"
"2","Combat & Spells","c829df6a3","2023-08-14","ratkosrb","Mana shields were checked before regular absorb auras before 1.11.","c829df6a3a1cdcc7c124a4091df89e7fc04f07d8"
"5","Encounters & World","79766b8bf","2023-08-14","balakethelock","Rewrite Ouro script (#1950)","79766b8bfb7ccf0446258b255085d4f4c5783d49"
"2","Combat & Spells","4b4ef6682","2023-08-14","schell244","Assign spell list to Pyrewood Elder (#1850)","4b4ef6682df96d9398ffc43507ad1d19486c9471"
"2","Combat & Spells","2d7acb573","2023-08-14","Daribon","Correct threat for many spells. (#2158)","2d7acb573cb9e9db68e47697c6d32e0cb39cf283"
"5","General Systems","f4b34ea90","2023-08-14","Gamemechanic","Add warden file hash check for ubrs door (#2160)","f4b34ea900002c57bf6a04537f25ba4ac6f48e16"
"5","General Systems","0c410ea75","2023-08-14","Gamemechanic","Enable warden door checks for 1.12.3 (#2161)","0c410ea75767edf4f6e46dcfe7fd1955fae59c47"
"1","Crashes & Security","c16640573","2023-08-14","ratkosrb","Implement some mechanic changes made in patch 1.7.0.","c166405731837d6776e805b6cc0f03d90c90f1f8"
"4","AI & Movement","13fec327e","2023-08-13","ratkosrb","Fix movement anticheat false positives with modern client.","13fec327e6a4086eb2252f3a8b20c093e82ea12b"
"5","General Systems","b6eef3471","2023-08-11","NickTyrer","More Misc Object Updates (#2141)","b6eef3471c09a487941e6dc664accab8422ca844"
"5","General Systems","da375ed9e","2023-08-11","ratkosrb","Fix build issues.","da375ed9e96ea55ecfa1de323ea80e4d62f93443"
"5","General Systems","79ab4ea13","2023-08-11","ratkosrb","Unify checks if attack requires enabling PvP.","79ab4ea13b1cfd1df34303c649309af679ba7fee"
"5","General Systems","6f8bb727f","2023-08-11","ratkosrb","Correct formation of Winterfall Runners.","6f8bb727fdfa677460c6870a3bf3bde697cc0d92"
"5","General Systems","329bc4d7a","2023-08-09","ratkosrb","Improve bot distancing logic.","329bc4d7a3c4721b7507eae6ee701387faabef57"
"5","General Systems","8a7035261","2023-08-02","ratkosrb","Correct gossip menu ids of some npcs.","8a7035261655236cef6b2bfea1be7f2ceb229c6d"
"2","Combat & Spells","0e7c8d1e9","2023-08-02","ratkosrb","Don't iterate auras to find taunters.","0e7c8d1e9c67c72535aa5d5f27adc4a34df09ffc"
"5","General Systems","883d69b1b","2023-08-01","ratkosrb","Check moving in given axis without move flags.","883d69b1baad5806b83027dcb7977632e77676f6"
"4","AI & Movement","dc7f0c45d","2023-07-30","Gamemechanic","Fix stormwind entrance pathing (#2088)","dc7f0c45d94a42064a44dfe4f211797074c10f6d"
"4","AI & Movement","6306d2366","2023-07-28","ratkosrb","Implement waypoint sub path.","6306d2366baa72c9809f4dc270a35e1af8d9adf9"
"4","AI & Movement","4835f619d","2023-07-27","ratkosrb","Add cyclic movement generator.","4835f619dc4ecda8609c40997c41c6dcd160ab41"
"2","Combat & Spells","f86c742bf","2023-07-26","ratkosrb","Return references to channel name and password.","f86c742bfff0357cc30e974e4fef026459d52cd0"
"5","Encounters & World","13638b66f","2023-07-26","ratkosrb","Remove run script from Baron Geddon and assign extra flag.","13638b66f734448889954089b02cd2f110ce4cdc"
"1","Crashes & Security","fe1699bf1","2023-07-25","Wall","Fix crash with blink at map edge (#2087)","fe1699bf192bc3ec540c921303ffc9267cf749fd"
"5","General Systems","2c7db7829","2023-07-25","Daribon","Correct Astranaar waypoints. (#2118)","2c7db7829adb0ceef66e836d69aca920985a89d2"
"5","General Systems","69d245466","2023-07-24","ratkosrb","Add Gremnik Rizzlesprang and correct Bodley gossip.","69d245466028e967552820ef61465d8c5b39ff3c"
"5","General Systems","80b406c5b","2023-07-17","NickTyrer","Fix Migration (#2098)","80b406c5b5ea805c7676978a2d183c04085efff2"
"3","Bounds & Exploits","bdedf9edb","2023-07-16","NickTyrer","Large Solid Chest / Large Mithril Bound Chest - Blackrock Spire (#2090)","bdedf9edb8b269bad281ab77468f62313d40fba0"
"5","Encounters & World","f9deb1fb5","2023-07-16","NickTyrer","Add Missing Event Gameobjects (#2089)","f9deb1fb5ca51d878ad9eea947239e7b6a5d80e2"
"5","General Systems","99d892463","2023-07-16","ratkosrb","Fix required rank not showing on items.","99d8924639e58af6de82cc850d681cf778a30238"
"3","Bounds & Exploits","c3c3848a3","2023-07-15","NickTyrer","Large Iron Bound Chest / Large Solid Chest - Scarlet Monastery Library / Armory (#2081)","c3c3848a36981236632b5babe2368c9295f27802"
"3","Bounds & Exploits","ee5202bca","2023-07-15","NickTyrer","Large Mithril Bound Chest / Large Darkwood Chest (#2078)","ee5202bcaf5dde4dfd5275fc1596f2e06ac74835"
"4","AI & Movement","82612692f","2023-07-15","NickTyrer","Wailing Caverns / Deadmines - Large Battered Chest (#2074)","82612692f0f05911109b39c1f3d8fc6787887ca5"
"5","Encounters & World","755436251","2023-07-15","NickTyrer","Pool and Add Missing Dungeon Mining Nodes (#2072)","755436251a249dcd70fac5dc013a07749ee7270f"
"5","General Systems","9dd38a083","2023-07-15","ratkosrb","Fix ranged weapon skill not being used.","9dd38a083867c02db12935497713032542ed4830"
"5","General Systems","df946fb68","2023-07-15","ratkosrb","Fix more weapon skill interactions.","df946fb683eeba332fd2cd0c66477be1b9bdeff7"
"4","AI & Movement","c4ee2afb8","2023-07-13","ratkosrb","Remove trainer list from some npcs.","c4ee2afb87502832892e9a50eedc10cfc5b315d0"
"5","General Systems","857e5a2d0","2023-07-13","NickTyrer","Update and Add Book Objects (#2071)","857e5a2d05d7cc58da61c55da816de1ca05bbce2"
"5","Encounters & World","2db4cb3f1","2023-07-13","NickTyrer","Correctly Pool Instance Chests (#2069)","2db4cb3f16c792f46c2d4cb7ff06c268f71117d8"
"1","Crashes & Security","a04f6b82c","2023-07-12","ratkosrb","Fix crash on malformed warden packet.","a04f6b82c5b5ae98829b84ea4a3845f6bcf2bb4f"
"2","Combat & Spells","ac15c0cd1","2023-07-10","ratkosrb","Fix Mandokir not resetting his stats properly.","ac15c0cd1678383e9bb5da7578197d10a9d11a38"
"5","General Systems","17a4f0a3a","2023-07-09","NickTyrer","Correctly Pool Musty Tome (#2062)","17a4f0a3a5e8954d98b2d3b6217999edd22a668a"
"4","AI & Movement","2d7fba2fd","2023-07-07","NickTyrer","Barrel of Melon Juice / Food Crate - Stonetalon Mountains (#2055)","2d7fba2fd8d1cf444269d808623e60b409ce37fa"
"2","Combat & Spells","9cfcf9eb6","2023-07-06","balakethelock","Fix Spell Scaling with Level formula (#2007)","9cfcf9eb6fe55fdc082738b8012a4ed275328235"
"5","General Systems","db29e3660","2023-07-06","ratkosrb","Fix a few db errors.","db29e36601786075da631c0eb94216cdd9e1f476"
"2","Combat & Spells","0e6477de0","2023-07-06","ratkosrb","Dodged spells should put you in combat.","0e6477de02d47537d70a288edc4b9f19d1db4b2f"
"5","General Systems","b68679d1a","2023-07-06","ratkosrb","Fix modify rage and energy commands.","b68679d1a7d3fd2337402810cf068c63e5fdc967"
"5","General Systems","a27f97d2b","2023-07-04","Wall","Fix XML Whitespace & Comments (#1996)","a27f97d2baf351bb95f31bed2a196e50d70c104b"
"2","Combat & Spells","14db47ae1","2023-07-02","ratkosrb","Fix Stoneskin Gargoyle not facing its target in combat.","14db47ae1dbecddda676dd5a460485543ef907cf"
"5","General Systems","2169f8207","2023-07-01","coolzoom","Fix GeoLocking config check (#2010)","2169f820757217aaab1926cfcf415b592e56e67d"
"4","AI & Movement","98082debb","2023-06-28","NickTyrer","Add Missing Fish Pools - Alterac Mountains (#1977)","98082debb751e6cf19b1c62f07c2b905307bb861"
"5","Encounters & World","59bfcc87e","2023-06-26","ratkosrb","Improve script and waypoints for Mercutio Filthgorger.","59bfcc87ea32e4ec91fde6dddca562a4d2c66e82"
"4","AI & Movement","1843b0201","2023-06-23","NickTyrer","Pool Remaining Mining Nodes (#1969)","1843b0201928608c8fad17f055196e9090498747"
"5","Encounters & World","4d40e2bab","2023-06-23","NickTyrer","Add Missing Instance Herbs (#1963)","4d40e2babc55ad498055d1508080d0a7386a1b9c"
"5","Encounters & World","3d78c8e87","2023-06-23","Daribon","Corrections to gameobject spawns in WSG. (#1905)","3d78c8e87e3329c7f7b597b8fa07c2275177f073"
"5","General Systems","1398ebb4f","2023-06-23","Oroxzy","A Game of Towers fixes (#1752)","1398ebb4f1489438475edfb85b374ac3fd212c42"
"5","Encounters & World","1237f72a2","2023-06-23","schell244","Some loot corrections (#1682)","1237f72a2704210b33aaba7981c38414221faf16"
"5","Encounters & World","ad8259a8f","2023-06-23","FlagFlayer","Correct skill requirements for profession quests. (#1680)","ad8259a8ff08d1d47d59e0fe9f3a7acd52cbdc80"
"5","Encounters & World","628865656","2023-06-23","schell244","Correct Pirate's Footlocker loot table and drop chance (#1678)","6288656564c7eafec666893d6b63a565d1871de7"
"4","AI & Movement","4e291c5fe","2023-06-23","schell244","Training weapon skills should not have a level requirement (#1626)","4e291c5fea7c388c910c1a4bd833f41de5922c80"
"5","Encounters & World","2ed08291c","2023-06-23","schell244","Use broadcast texts in Zul'Farrak scripts (#1594)","2ed08291cfa8f568ad3ee01c4aae527759e54068"
"5","General Systems","0bb979263","2023-06-23","schell244","Fix drop chances for Essence of the Elements (#1587)","0bb979263668fc62a7522b2911900ffd603d1e62"
"5","Encounters & World","fa8dfd128","2023-06-23","schell244","Use broadcast texts in Extinguishing the Idol script (#1571)","fa8dfd128a632466a9f135669a2767caf82d2c3a"
"4","AI & Movement","46fcd70bf","2023-06-23","Daribon","Correction to some creature spawns. (#1904)","46fcd70bf3f8955bdfe75070213a315ab9513387"
"2","Combat & Spells","04b61aa7b","2023-06-22","schell244","Sunken Temple: Rework Atal'ai Statue Event (#1768)","04b61aa7b36e8ab25d1a6127aad7897b7d3f51b3"
"5","Encounters & World","00e7c554a","2023-06-22","schell244","Use broadcast texts in Stinky's Escape script (#1859)","00e7c554a7a5ab29dc0b0f0fe2d0d708f4fde051"
"5","Encounters & World","173fb0538","2023-06-21","codestothestars","New script for Pyroguard Emberseer (#1932)","173fb05383db6b98c27f4fd6f7937c71201e6fd9"
"4","AI & Movement","9d642fcdb","2023-06-21","ratkosrb","Make use of Maiev's string hashing check.","9d642fcdbb695bffaad4347cf93b6ade38e1942a"
"5","General Systems","aeae30d65","2023-06-20","ratkosrb","Fix patch of Thaurissan Relic spawns.","aeae30d65fd815d8be28a64b34e591143f9316dc"
"5","Encounters & World","3a9ca7401","2023-06-19","ratkosrb","Move General Drakkisath script to db.","3a9ca7401c93f21eb541de965549746046b9b52e"
"4","AI & Movement","9233ef144","2023-06-17","NickTyrer","Add Missing Mountain Silversage (#1953)","9233ef144383ad56867f0a9b21bcc4aa1694335b"
"5","General Systems","279cc355c","2023-06-17","ratkosrb","Update code style in warden code.","279cc355caa01448aec5038a4825991a8a30ee29"
"5","General Systems","870d88b0e","2023-06-17","NickTyrer","Correct Migration Header (#1956)","870d88b0e3a13af64976dfc19fb4d36a2b12d2f0"
"4","AI & Movement","cf795c1ec","2023-06-16","MantisLord","Fix movement for Mr. Bigglesworth 16998 (#1949)","cf795c1ec17adf91af46e65ea1d67486ac17e917"
"5","Encounters & World","f51aa9f92","2023-06-16","ratkosrb","Rework world buff scripts for heads of Onyxia, Nefarian and Rend.","f51aa9f923ac4c71a9490a0fc218f21288589fc3"
"2","Combat & Spells","d99d9007f","2023-06-16","ratkosrb","Fix critters not being attacked by enemies.","d99d9007f834d0f7c30276c767a0537891438362"
"5","General Systems","d90fe07e4","2023-06-13","ratkosrb","Fix build and refactor play time limit check.","d90fe07e4319181acdc256be0f125d96852c527e"
"5","General Systems","02add9508","2023-06-13","ratkosrb","Don't send File, Lua and Timing checks without having initialized them.","02add95088fc46dc19c3f2f7f9e9db4c2df6502a"
"1","Crashes & Security","0fbf67ef2","2023-06-13","ratkosrb","Prevent crash with PetAI.","0fbf67ef247faaf29e866ff455796aaf6c4d6b81"
"2","Combat & Spells","c04441b83","2023-06-12","ratkosrb","AoE Immune creatures should be skipped for non damaging AoE spells too.","c04441b83241efc8df63f6ac879c844c3a343cc9"
"4","AI & Movement","6641bd6b6","2023-06-10","Gamemechanic","Remove Duplicate Mailboxes (#1739)","6641bd6b6b7d5341257b404ee035463fbd0802d9"
"5","General Systems","445614c92","2023-06-09","ratkosrb","Allow searching for random points during updates.","445614c9226d8e7215f5cdcae705e46fd87a3d97"
"5","General Systems","023d2535c","2023-06-08","ratkosrb","Update some warden scans.","023d2535c6d2a24d7a5e2bee1360aaf42ecfcef1"
"4","AI & Movement","5d94c0133","2023-06-04","NickTyrer","Correct Containment Coffer Objects (#1927)","5d94c0133f509a97e0b477627cc043a8c0e6ba67"
"5","Encounters & World","04f98cefc","2023-06-03","NickTyrer","Add Missing Quest Related Gameobjects (#1631)","04f98cefca0d495dc50280f912a3f7ae62a1969b"
"5","Encounters & World","53cac96ca","2023-06-03","Gamemechanic","Fixes battlebots with instanced continents (#1919)","53cac96ca82186dbd31bc5129cf63aec42c906ce"
"5","General Systems","dc407c971","2023-06-02","ratkosrb","Send direct values update for far sight guid.","dc407c971dd0f8dcacd23b74b4d2290fa3062c73"
"5","Core Architecture","14b2598d8","2023-06-02","ratkosrb","Never update visibility of own player.","14b2598d8d9f0910cb1a492b81502296d272dad3"
"5","Encounters & World","04b44775f","2023-06-02","ratkosrb","Remove no longer needed scripts.","04b44775f3d96f0fb54976ba085d6663f105ad10"
"2","Combat & Spells","087b19ad9","2023-06-02","balakethelock","Four Horsemen Shield Wall Cooldown added (#1906)","087b19ad916a04196df1e638cabfe993f0fab169"
"4","AI & Movement","a1d1e1950","2023-06-02","Gamemechanic","Correct debug output of getLosHitPosition (#1912)","a1d1e19504a05fd95c2707eec45d3bf6b6f1ddbe"
"2","Combat & Spells","343a8c102","2023-06-02","Wall","Remove deprecated spell from script (#1917)","343a8c10208a006e2c70260fca61c7202967adfc"
"5","Encounters & World","9d8fadcd6","2023-06-02","ratkosrb","Fix quest Scarlet Diversions.","9d8fadcd6d89b22e211b31ea32e91e16793ea75f"
"5","Core Architecture","363414142","2023-05-28","ratkosrb","Fix packet structure if same player is in group twice.","36341414277a31b1fd690dfdbbe8f7d1ef26044b"
"5","General Systems","62305fcdc","2023-05-28","ratkosrb","Fix build without PCH.","62305fcdc918e1b83e2b9fef6cc8da6202d5395b"
"5","Encounters & World","b78c38976","2023-05-27","ratkosrb","Prevent adding same player into group twice.","b78c3897651ee00299653c9a89549d703fbc5ed7"
"5","Core Architecture","a8c886040","2023-05-26","ratkosrb","Check if we are in world before accessing map.","a8c8860403acda2c7c5044144fa6b9495712d73e"
"4","AI & Movement","b021d5539","2023-05-25","ratkosrb","Fix creature spawns below the ground.","b021d55391e920e81e8c505bd06d6fcc85e8fa76"
"4","AI & Movement","d4c0f8643","2023-05-25","ratkosrb","Generate random movement points in advance.","d4c0f86437ea2c8d5ebdb30e1d37268a72f47bd3"
"5","General Systems","f1744d8c6","2023-05-25","ratkosrb","Fix division by zero in Detour.","f1744d8c691375ad46dc34e16ae607310190e4fc"
"1","Crashes & Security","3eb9529a7","2023-05-24","ratkosrb","Revert unintended change.","3eb9529a74a18401a7c0265f478fdb843ac743d4"
"5","Core Architecture","1322a9163","2023-05-24","ratkosrb","Make sure we don't store deleted player.","1322a9163e2e38d63d20600e99d04d3db043a9e0"
"5","Encounters & World","d7c6add54","2023-05-24","ratkosrb","Handle instance creation in parallel with map updates.","d7c6add545d409a13ff3f8f540ee2cf6ab824347"
"2","Combat & Spells","7e508827b","2023-05-23","balakethelock","Enable stacking Atiesh and Moonkin Aura. (#1895)","7e508827b9084646b1e48b9e2f4623c1ded0858d"
"1","Crashes & Security","e1475432e","2023-05-23","ratkosrb","Change check in DisbandGroup to assert.","e1475432eb5d334fad6e1cda0c4bd2f2770f646b"
"5","General Systems","97692ecd8","2023-05-23","Daribon","Correct UBRS objects. (#1878)","97692ecd86e86225bad74f7b943c70c531de7c23"
"2","Combat & Spells","6eeacb289","2023-05-23","ratkosrb","Store DynamicObject guid on the aura.","6eeacb289ad9640a8ad00135871706567e66e899"
"5","General Systems","335b7fb63","2023-05-23","ratkosrb","Fix chest opening animation.","335b7fb63cb080edc6561d6dbd304fc590ee0f04"
"4","AI & Movement","1a7d5bd52","2023-05-22","ratkosrb","Some refactoring to creature groups.","1a7d5bd52ed037c9416954fdcfe9dc4f1a9028e3"
"5","General Systems","9d56ba44e","2023-05-21","Gamemechanic","Fix wrong use of hitnormal in GetWalkHitPosition (#1896)","9d56ba44ee796ebcff66ef7947f3e44fd44ee2ec"
"1","Crashes & Security","8f883d991","2023-05-20","ratkosrb","Try to prevent crash on login with Continents.Instantciate enabled.","8f883d991183416e3d59e506501537728137a3f1"
"5","Encounters & World","d10311ed7","2023-05-20","ratkosrb","Use existing faction define in ungoro scripts.","d10311ed73a381562f010d9bc0ed696d6bed7546"
"5","Encounters & World","c977e47d9","2023-05-20","MantisLord","Disallow selecting despawned objects in GameObjectFocusCheck.","c977e47d9b8c70fd32a97efd0bc4b8341cdcc0c7"
"2","Combat & Spells","8ce9ba2ff","2023-05-20","Ono","Ignore armor for dot aura damage.","8ce9ba2ff048248a0dc132a85fa79531dd90e907"
"1","Crashes & Security","3d8a13bca","2023-05-20","ratkosrb","Fix crash with Blade Flurry.","3d8a13bcaab4212a831a13db61b88fcaa1f705aa"
"5","Core Architecture","fdbf40b59","2023-05-18","Gamemechanic","Small refactor of Player::_ApplyItemBonuses (#1894)","fdbf40b59418ad76b26696f916b53852ab381b58"
"5","General Systems","902233e09","2023-05-18","Gamemechanic","Fix variable name conflict in CheckCast (#1892)","902233e092665c6bf0f75b4f41bd80740e644a72"
"2","Combat & Spells","5d224668c","2023-05-18","ratkosrb","Rename and implement spell attributes ex4.","5d224668cc11138b1aa8a8cce7bee8119c1b1a2f"
"5","Core Architecture","a1cdb8ef4","2023-05-18","balakethelock","Remove taunt immunity from Battleguard Sartura (#1890)","a1cdb8ef475ad7dd089329d0c244ffefc8c3279a"
"2","Combat & Spells","e4ad13ff7","2023-05-18","Gamemechanic","Replace hardcoded numbers with spell attribute name (#1891)","e4ad13ff75283014af76da7bb836a1117a747a4c"
"2","Combat & Spells","82a52b66c","2023-05-18","ratkosrb","Fix Dampen Magic interaction with stacking auras.","82a52b66c24c9aaba83fd8bfa1b73a1a1bb7826c"
"2","Combat & Spells","8e9dd9a87","2023-05-17","balakethelock","Update Kel'Thuzad spell cooldowns (#1889)","8e9dd9a87917de4f381f958aeb8c7e55741a573c"
"5","Core Architecture","1ab687ac9","2023-05-16","Gamemechanic","Minor fix in mmap generator (#1887)","1ab687ac9858fb1112ce034cd3110d1518e18808"
"5","General Systems","3c4d6378d","2023-05-12","WobLight","Fix UpdateActiveCellsAsynch not updating half of the cells (#1883)","3c4d6378dfc0aa7ca41d09afe04e2080c70fbb3a"
"5","General Systems","a2143a6c0","2023-05-12","ratkosrb","Small optimization to teleport check.","a2143a6c047b3a21c50d069c1c127d10ff5dc47d"
"5","General Systems","da8732d86","2023-05-11","ratkosrb","Do not update bg scoreboard after the end.","da8732d86c088f0520be920cc73a34e35cf62369"
"5","General Systems","74e3453ae","2023-05-11","coolzoom","Fix pinfo command (#1879)","74e3453ae68a3cc30dce55401ec3674c37c4ebdb"
"5","Encounters & World","57522d099","2023-05-11","schell244","Fix and convert Mother Smolderweb encounter to DB (#1743)","57522d09914bca0882bdf90664c4922871d43d77"
"5","General Systems","bb571c150","2023-05-09","ratkosrb","Don't add item to object update list on disconnect.","bb571c15034be4ee34eef65195213134bd0bbe00"
"1","Crashes & Security","d00f4f45e","2023-05-08","ratkosrb","Prevent client crash with too many vendor items.","d00f4f45e95b74dcc296d6b79be7583ec77de42f"
"1","Crashes & Security","e94e627b3","2023-05-08","evil-at-wow","Fix map count reported by the mmap generator. Also fixes memory leaks.","e94e627b34ab3d181e1dde87cc0d8413748ba915"
"5","Encounters & World","c8dc7e9e2","2023-05-08","evil-at-wow","Remove unused parameter of ObjectMgr::IsVendorItemValid().","c8dc7e9e2e0e8ae25dd9766b917ced0061881d4b"
"5","Encounters & World","3452c0606","2023-05-08","Gosha","Fix inconsistency of hitInstance and hitModel to cause wrong area ids.","3452c0606f808c8a20483d5e8683e59607508aca"
"1","Crashes & Security","956ffcd05","2023-05-07","ratkosrb","Try to fix crash in persistent aura update on GetDynObjects.","956ffcd052afcc6b30251de29c5e721b09a2688f"
"1","Crashes & Security","afb07f5b8","2023-05-07","ratkosrb","Try to fix possible crash on enter world after disconnect.","afb07f5b8706e022b72d436a46e9a32ffcc74977"
"5","Core Architecture","06dd26d4d","2023-05-05","Gamemechanic","Optimization to MMAP generator (#1876)","06dd26d4d9a28b98b48fbf0ee0c98aa484bfd645"
"2","Combat & Spells","793b4e94e","2023-05-04","Gamemechanic","Fix mispelling of strength (#1875)","793b4e94eff0166f7ab4a1e1cf1ea88917f8a96b"
"1","Crashes & Security","c802dbc94","2023-05-04","Gamemechanic","Change grid coords from .gps to match client data (#1874)","c802dbc942c32a59999221748e512147afcef018"
"5","General Systems","8a60543df","2023-05-04","ratkosrb","Fix AV countdown texts.","8a60543df28b4cbd6f122e19d40cb1ae94b5d69f"
"2","Combat & Spells","9b5328948","2023-05-03","ratkosrb","Fix dead players not removed from threat list.","9b5328948dcb1b0de953d52fd17e50a2fd04409e"
"5","General Systems","841b31e26","2023-05-03","ratkosrb","Fix disconnect when socket send buffer is full on windows.","841b31e2628dfe4be26165e18ed521988941e5fc"
"5","General Systems","40f24ef0a","2023-05-03","ratkosrb","Fix wrong operators.","40f24ef0a1503a42b59e496615e152ba1f7ecb97"
"5","Core Architecture","837771d74","2023-04-29","WobLight","Map threading fixes (#1870)","837771d74e407bdad5287d8ef2358589e4cee6d5"
"5","Encounters & World","0fb542e58","2023-04-28","ratkosrb","Add more missing quest locales from wowhead.","0fb542e5834d0dd06d8019c2b3cec76643ffc34d"
"5","Encounters & World","5c195daad","2023-04-26","ratkosrb","Add some german request items text locales.","5c195daad065c9ea7b54f0f8b1f1a1f3db54d4fc"
"5","Encounters & World","f1a3a6d6d","2023-04-26","ratkosrb","Add some german page text and quest greeting locales.","f1a3a6d6d6327a5dfad6cf34ea9d090793f3667d"
"5","Encounters & World","8114dcaf4","2023-04-26","ratkosrb","Add some chinese page text and quest greeting locales.","8114dcaf4c25ccb7103503b0bd9080a2f3f1e2cb"
"5","Encounters & World","f30d8e2dc","2023-04-26","ratkosrb","Add some korean page text and quest greeting locales.","f30d8e2dce5b7fac0d42e9efcfc6d4e6ca23ae52"
"5","General Systems","d97cce6bd","2023-04-26","Cyberium","Fix uninitalized mogp flags.","d97cce6bd845e0a369530e038cfc594734bf78fe"
"2","Combat & Spells","1bf86763c","2023-04-25","ratkosrb","Remove nonsense check for player type on spell cast.","1bf86763cdd74eea5f7b05005adc25c72112ca07"
"5","Core Architecture","2db506245","2023-04-25","ratkosrb","Try to fix disconnect with very big guild.","2db506245a39a613868766e7f05d4660f6d14636"
"5","General Systems","948b40999","2023-04-25","ratkosrb","Don't allow spamming update ticket opcode.","948b4099916fd2f15e4a8ac8db63b23db499c4cc"
"5","Core Architecture","21bf48935","2023-04-25","WobLight","`Map::SendObjectUpdates`: Provide fallback if atomic_int is not lock free.","21bf4893574d74594ffaf8550879af80a59521b6"
"5","Core Architecture","3a35ca5a5","2023-04-25","WobLight","Fix `Map::SendObjectUpdates` not being multi-threaded.","3a35ca5a5475fa29d91018e05ad70fa46c1cb7c0"
"5","Encounters & World","f105489d5","2023-04-25","ratkosrb","Prevent double delete of DynamicObjects on grid unload.","f105489d543993efb00e3b6855371bafc6384086"
"1","Crashes & Security","8a5382273","2023-04-25","evil-at-wow","Fix memory leaks caused by not really removing summoned pets.","8a53822736feff4b1457a87bdf9b22b584bd0a9b"
"1","Crashes & Security","7f9bba120","2023-04-25","ratkosrb","Fix memory leak of enchant spell in trade handler.","7f9bba1205e40d042ff16eb0c6dfa6996c804211"
"1","Crashes & Security","c7ea8902c","2023-04-25","ratkosrb","Fix memory leak of group loot rolls on disband.","c7ea8902c603184bf94d41cdedf9e6f4dbf03452"
"5","General Systems","4e100dfa8","2023-04-24","ratkosrb","Fix linux build without anticheat.","4e100dfa8b1fef3a361e191a8818bffda25c7a44"
"1","Crashes & Security","729337f94","2023-04-24","Brecht Debaere","Fix memory leak when executing SqlStatement with wrong parameters.","729337f947b09d0fc60373c0f809387d848f104c"
"5","General Systems","9c6d59cb1","2023-04-24","ratkosrb","Handle db query packets in network thread.","9c6d59cb1e6fa2c27fc2c53d51406993e40004bd"
"5","Encounters & World","77698b645","2023-04-24","ratkosrb","Optimizations to some query and quest packets.","77698b645d32bac8897b645aa56e9b80641b694d"
"4","AI & Movement","bf22c3c88","2023-04-24","ratkosrb","Remove redundant calls to UpdateObjectVisibility on creature respawn.","bf22c3c8866ab95e3e24af02cf972e44e452a46d"
"5","Encounters & World","b8b5b451f","2023-04-22","ratkosrb","Add more missing quests.","b8b5b451f75346abd1fa8eff32a3385a27270025"
"5","General Systems","a3e4cd396","2023-04-21","ratkosrb","Fix whispers command.","a3e4cd3960251fcd157d97e36364b40c9e44cd93"
"5","General Systems","62d295926","2023-04-21","ratkosrb","Make warden updates async.","62d2959264d1321465b9438208ba1745ea447c4e"
"4","AI & Movement","3ba4182e4","2023-04-18","ratkosrb","Correct factions for multiple creatures.","3ba4182e413271ce095e59d309327583e5b12ebb"
"5","General Systems","d5a32ce71","2023-04-15","Gamemechanic","Fix logic in adding offmeshconnections to mesh (#1852)","d5a32ce71202b9c2a4c17d854c9a1497474f9df5"
"5","General Systems","8739bb0cc","2023-04-15","ratkosrb","Fix copy paste mistake.","8739bb0cc10966ecb8f9d72fac74fd53967182b1"
"4","AI & Movement","cdcd4f65d","2023-04-15","ratkosrb","Follow up to previous commit.","cdcd4f65d8667cf1886bedef01edcab18301710a"
"4","AI & Movement","39436dcf5","2023-04-14","ratkosrb","Add some movement checks for bots.","39436dcf5241454ac3cf04eb09a8013d0d59b10c"
"4","AI & Movement","a87655835","2023-04-13","coolzoom","Fix openssl path for CI workflow (#1866)","a87655835885363958a247290c487af61c395812"
"4","AI & Movement","cb37aeb37","2023-04-12","ratkosrb","Add script to despawn containment coffers.","cb37aeb37d8d79520b5f2c82049e5bae0f666efe"
"2","Combat & Spells","818db6e78","2023-04-12","ratkosrb","Remove auras that are interrupted by leaving world on logout.","818db6e78bea45db5c505ae647268e1a7bb8c8b8"
"5","Encounters & World","802535dd3","2023-04-12","ratkosrb","Move instance switching after continents update.","802535dd3d3bd816c91f7fbbbfbd3653416b08bd"
"5","Encounters & World","c22e29d9b","2023-04-12","ratkosrb","Restore wrongly deleted Campfire gameobject.","c22e29d9bbb8f8e9011916716863b6c68c60d54c"
"4","AI & Movement","0853a2d7e","2023-04-12","ratkosrb","Rework remaining triggered spawns in Stratholme Live.","0853a2d7ecc3fc4a49ce5468d74006255fd6f92e"
"1","Crashes & Security","b4c7db6ab","2023-04-11","ratkosrb","Fix crash on player disconnect.","b4c7db6ab7b7fc2a3014237a588da18ccf463443"
"5","General Systems","86802424f","2023-04-09","Henry Henderson","Fix macOS builds and add Apple Silicon support (#1863)","86802424f7709a698310fe565fba618eb41ccaa7"
"5","Encounters & World","a01171d0b","2023-04-09","ratkosrb","Mass corrections to quest data.","a01171d0b2781585a69a403c0d9796e00c29f95b"
"5","Core Architecture","cdb3cda07","2023-04-09","ratkosrb","Don't schedule object update for player during item save on logout.","cdb3cda0797dc64974d782eb57120e61a3d81683"
"5","General Systems","301302128","2023-04-05","ratkosrb","Fix undefined behavior in modify money command.","30130212898108ff1dfaf410a8342f6f5d9a0531"
"2","Combat & Spells","8da02ea34","2023-04-04","ratkosrb","Fix logic error in proc handler.","8da02ea34d37693102c0b988be9b1914b8f8b4af"
"5","General Systems","69218e0b8","2023-04-02","ratkosrb","Fix gaps in waypoints for Twilight Prophet.","69218e0b8c1b97231b9482c2619fe4894b6e6818"
"4","AI & Movement","4537eca3f","2023-04-02","ratkosrb","Fix issues with Skeletal Remains of Kariel Winthalus.","4537eca3f8fceb55e82eb1e950a1ecbbe9e4ea49"
"1","Crashes & Security","4705371a8","2023-04-02","ratkosrb","Fix 2 possible crashes on login and logout.","4705371a81e8d97cb4e5148e463ad36ddc7801e9"
"4","AI & Movement","7479d3254","2023-04-01","ratkosrb","Add some missing unobtainable quests.","7479d3254556bfd7ee715a9ca9f789cb6ddb155f"
"2","Combat & Spells","b41e43d8d","2023-04-01","Oroxzy","Fix Mini Pet Auras (#1750)","b41e43d8dbcde2f88c5b0fe5d50f583982d0391a"
"4","AI & Movement","498850093","2023-04-01","ratkosrb","Flag all pets for pvp in same place.","498850093ff232c513b2e0615ee6a57ca89a70d7"
"5","General Systems","1ee2d05c4","2023-03-31","ratkosrb","Check that IP connecting to mangosd went through realmd.","1ee2d05c4532e89ddce76740e5888ff873ce2623"
"5","General Systems","f006cce6b","2023-03-31","ratkosrb","Check if homebind is valid before teleporting to it.","f006cce6ba1dd318786305452c0bf9acd47ffb0f"
"5","Encounters & World","f43730b97","2023-03-31","ratkosrb","New script for Rift Spawns.","f43730b97c485849393a33a6371f1ec5d4d8fa06"
"4","AI & Movement","624769355","2023-03-30","ratkosrb","Delete petition signatures on joining guild.","624769355cd735b900e3ff67867595ac345b7dc1"
"2","Combat & Spells","4fbd705f4","2023-03-28","ratkosrb","Fix quiver exploit with wands.","4fbd705f42a382333ce6994ab4ad5425b819ad9e"
"2","Combat & Spells","85561687f","2023-03-26","zelazrgn","Fixed Baron Geddon inferno damage values and number of ticks (#1853)","85561687f8e190eee0c2f70e0d734cc62986f868"
"5","General Systems","5638b6f7d","2023-03-27","ratkosrb","Fix battleground texts before 1.7.","5638b6f7de0578465bd2ff27d7c67df04e7f7c8b"
"1","Crashes & Security","76c5f9d7f","2023-03-26","ratkosrb","Revert unintended change to supported build.","76c5f9d7f87f486089d78528ca74351de8876f60"
"1","Crashes & Security","6db7724a6","2023-03-26","ratkosrb","Fix a crash in PetAI.","6db7724a6bdb34ad87abc825174d851438c395e5"
"5","General Systems","ae7b9c27d","2023-03-26","ratkosrb","Update ChatMsg enum for vanilla.","ae7b9c27d394a6cdcedd458c420ed2619e8dbfb6"
"5","Encounters & World","4cb3e9945","2023-03-25","ratkosrb","Replace some machine translated quest locales with texts from wowhead.","4cb3e9945e53280845e7467314b3fd3c7b726955"
"4","AI & Movement","a8a41f65b","2023-03-24","ratkosrb","Remove some redundant null checks in AI.","a8a41f65baf16b763c1e223282d4ed9d9aa19813"
"5","General Systems","70c906c4f","2023-03-24","ratkosrb","Small optimizations to some packet handlers.","70c906c4ffdf0f42b2edbac3aef0d00d29c15b5c"
"5","Encounters & World","dd6b58961","2023-03-22","schell244","Implement light house sound (hourly bell event) (#1846)","dd6b58961d5f7dcb8a1ca3521c024451dd282c93"
"4","AI & Movement","409c7af78","2023-03-22","ratkosrb","Store pointer to creature spawn data instead of doing lookup.","409c7af783d3ea159ffeb5b54300fe22c7a2201d"
"5","General Systems","4309cc34f","2023-03-22","ratkosrb","Fix some startup errors.","4309cc34f8d057a26fabee4686abbf94ffe094bd"
"5","General Systems","d6f533a44","2023-03-22","ratkosrb","Fix respawn time of Gromsblood.","d6f533a44e9ea7a086253064fa020a20d568ce63"
"1","Crashes & Security","817e1735b","2023-03-22","ratkosrb","Fix column type change for graveyards table.","817e1735b0544f6fa942eac08edef8810ac82ca6"
"3","Bounds & Exploits","8a89c024a","2023-03-22","ratkosrb","Fix disconnect during bg join exploit.","8a89c024a0a9124b696d295d36a4a49b830ad85b"
"5","Encounters & World","d6ac42a31","2023-03-22","ratkosrb","Target the correct door in Old Ironbark script.","d6ac42a3144e46daaf5896074e5e9073b9eed273"
"5","Encounters & World","8a0b03e03","2023-03-21","ratkosrb","Prevent pulling Baron Rivendare outside his room.","8a0b03e033a41f81a4e540f86a3ecede461614ec"
"5","General Systems","e17686230","2023-03-21","FlagFlayer","Correct Starting Area Graveyards  (#1640)","e176862303c45b4616303c64a2e0542abbee1437"
"5","General Systems","87120b7bf","2023-03-20","Daribon","Fix patch for graveyards. (#1637)","87120b7bf1f8f55f3f57a7e559be19295e44899f"
"4","AI & Movement","d60fab3fd","2023-03-19","Gamemechanic","Fix GetLosHitPosition return value (#1836)","d60fab3fd22a44b5fe51ea90d24e1361c9b7ee70"
"5","General Systems","f9add965b","2023-03-18","ratkosrb","Fix translation being cut off after first sentence.","f9add965bf86c5f1563bf58e8417dc6d05e5bdd8"
"5","Encounters & World","df7e5642c","2023-03-18","ratkosrb","Add Korean quest turn in locales.","df7e5642c79d84ce12f2dee61bf6992cbf32eaed"
"1","Crashes & Security","4ce57b5f9","2023-03-17","schell244","Change default value of realmd.revision to VMangos (#1580)","4ce57b5f9153c93857e5536c83b01238b2fcd089"
"5","General Systems","dd44f75f3","2023-03-17","ratkosrb","Fix ore and herbs in wrong pools.","dd44f75f3a541faad66597057c0447e763ef4ad9"
"5","General Systems","51628b7af","2023-03-17","ratkosrb","Fix a mistake by nicky.","51628b7afc8baae8a21c407d82282f067e72e4a1"
"4","AI & Movement","0f10b8640","2023-03-17","ratkosrb","More custom creature removal.","0f10b8640087ace3d1f7b91a645b1a09de80bf86"
"4","AI & Movement","b998b58d3","2023-03-16","ratkosrb","Fix guardian pets not attacking.","b998b58d3c0bdda89f38469aa8a00c2eb12ab1e5"
"5","Encounters & World","2306aaa90","2023-03-16","schell244","Remove unused tbc script (#1581)","2306aaa9009365608ed91b8177ec444537b69cef"
"4","AI & Movement","989c091dc","2023-03-16","ratkosrb","Remove more custom creatures.","989c091dc235e1af32a68b3e3cf89ba5cde2afae"
"4","AI & Movement","9aef18cf5","2023-03-15","ratkosrb","Prevent non flagged pet from attacking pvp flagged target.","9aef18cf571b92ce6e141710e67d4348ef5f486a"
"5","General Systems","26849334d","2023-03-15","ratkosrb","Remove Warlock's Doomguard from immune to enslave list.","26849334de0a58960d926b8455e6f38a302c8c11"
"4","AI & Movement","cbb7973b4","2023-03-14","ratkosrb","Correct more creature spawn positions.","cbb7973b4202205a1d49590cb78d87f9e20ece61"
"5","Encounters & World","38d736057","2023-03-14","Gamemechanic","Minor corrections to a few quests. (#1770)","38d7360574dec4d302a52fe77496ee47cf453455"
"2","Combat & Spells","c117ceaff","2023-03-14","ratkosrb","Correct stats of a few humanoids.","c117ceaffdb04f2484aea65cb72d4bbe00aa83a0"
"1","Crashes & Security","c5c6e5f3e","2023-03-14","ratkosrb","Change some sets into unordered sets in Map class.","c5c6e5f3e9051be4edc1c0723cc45af2bc5ec14f"
"4","AI & Movement","5113c2f65","2023-03-13","Gamemechanic","Add config to expired mail (#1832)","5113c2f654c40eff132acd8a3e97a180e9b40203"
"5","General Systems","609943b5c","2023-03-13","ratkosrb","Fix a mistake.","609943b5c44d783a66b4058bf9c62f911e534e5f"
"4","AI & Movement","19b62eec5","2023-03-13","ratkosrb","Some refactoring to PetAI.","19b62eec5ae933b62217c2fe6748fe4cbc5dcb5b"
"4","AI & Movement","1f5b83315","2023-03-13","ratkosrb","Small optimization to Creature::Update.","1f5b8331595ac09c3d0c45375bf97eb4531f2b07"
"5","Encounters & World","14d9dbbf4","2023-03-12","ratkosrb","Remove TBC gameobjects.","14d9dbbf46a77c4ed8200d0b54deebc34d5decca"
"2","Combat & Spells","4edf21029","2023-03-11","ratkosrb","Add some spell focuses with correct entry.","4edf21029e13907798bbb250a74e31274f842cc5"
"5","Core Architecture","f8a50e33e","2023-03-11","ratkosrb","Add enslave immunity to several demons.","f8a50e33edd59b0986205fccda1d3b01ced32bc7"
"5","General Systems","b48db8343","2023-03-09","ratkosrb","Fix issue with update account data packet.","b48db8343022a3628269023583418aff0fd5a663"
"4","AI & Movement","1e4da3ad3","2023-03-08","ratkosrb","Fix Love is in the Air gossips.","1e4da3ad3e1b19abbf0cdcaf2d2e362f0725987d"
"4","AI & Movement","1c90bba03","2023-03-07","ratkosrb","Don't store copy of creature name on every spawn.","1c90bba03e15bb8100c2235bbdae1c9d1af3b561"
"4","AI & Movement","df93de46a","2023-03-06","ratkosrb","Cache dead by default flag for creature.","df93de46aea82f21073834339d27a9132a3adc16"
"5","General Systems","72423e50a","2023-03-06","ratkosrb","Avoid copying text in chat handler.","72423e50acfdacfddab4a1d0fcd3654fb8b6c318"
"5","Encounters & World","7f12c29e2","2023-03-04","ratkosrb","Prevent SelectAttackingTarget from returning invalid targets.","7f12c29e2e21700e6993ca9be157ac61e7753bb1"
"5","General Systems","1b9566adf","2023-03-03","ratkosrb","Fixes for Silithid Creeper and Swarmer.","1b9566adfc10154fd14a2904ed24ecec6567a809"
"5","Encounters & World","7ae6c8f45","2023-02-28","ratkosrb","Add script for Runed Pedestal.","7ae6c8f45cf51a2b883b993d651182ecefc9636a"
"5","Encounters & World","77623be1e","2023-02-23","ratkosrb","Fix captured bases count for AB quests.","77623be1e5f68fa6ebd9e416634be122136dbe2a"
"2","Combat & Spells","c3484a9a1","2023-02-23","ratkosrb","Make sure Old Town Thugs despawn out of combat.","c3484a9a1f394e157f381fd6e982b10664bb1e87"
"2","Combat & Spells","8e8bbd48f","2023-02-23","ratkosrb","Make Ouro's Sand Blast target player with highest threat.","8e8bbd48fd72c1f4d6671cf9b66ad8159e41b70a"
"5","Encounters & World","3f1ae5eab","2023-02-21","ratkosrb","Transfer instance ownership to last player on group disband.","3f1ae5eab80a9c37e68bd2fe988cd96ef09a25ff"
"5","General Systems","85b793751","2023-02-21","ratkosrb","Fix pending stun during charge.","85b79375110dac6f015cc351afd34ff225dc2aaa"
"5","General Systems","b006df5a0","2023-02-21","ratkosrb","Fix Larva Spewer in Maraudon.","b006df5a085a05869a2ec53740e05ea41e3b192b"
"5","Encounters & World","9aab8cd3b","2023-02-20","Roddan","Fixed AV Quests Reputation Value & XP Value for Alliance (#1795)","9aab8cd3b325a9003464a54db8193cda490b1b89"
"4","AI & Movement","9a7169347","2023-02-20","schell244","Improvements for Riggle Bassbait annoucements (#1565)","9a716934762cc976dcd2a0b207ed56c777a700b2"
"5","General Systems","ce9c3155a","2023-02-20","SS","Added check for FoV hack (#1561)","ce9c3155aa5af611b6b8ac48e7239d5ff2bc80fe"
"5","Encounters & World","999331dee","2023-02-20","ratkosrb","Remove no longer used scripts.","999331dee1b033eaace668e1471f14bcdc4d4805"
"5","Encounters & World","00653cd0e","2023-02-19","NickTyrer","Update Heart of Hakkar Event (#1531)","00653cd0e2b9d156da1ce4ab7edf77fc72e26a8d"
"5","General Systems","c748b8765","2023-02-20","Gamemechanic","Linux openssl 3 support (#1801)","c748b8765a91e8785e62fa770a9e94dce82e7c3d"
"2","Combat & Spells","be70f8ea6","2023-02-19","ratkosrb","Correct stats of some humanoids in Kalimdor.","be70f8ea6d6b06cdd7b66b09e19678c6b1843ace"
"5","General Systems","aa73bd1ca","2023-02-17","ratkosrb","Fix queue when limit is 1.","aa73bd1cab4bdbd07fdb79e9e3efff67ebd1c0ab"
"5","General Systems","f1179a511","2023-02-17","ratkosrb","Fix Aspect of Arlokk causing Hakkar to evade.","f1179a511583d702a5ab952dd87722df359b669e"
"2","Combat & Spells","72246e7e4","2023-02-17","ratkosrb","Add missing spells to Zanzil mobs.","72246e7e4fc48c8a84719d9b9d524fd9aa407505"
"5","Core Architecture","c293cc3b2","2023-02-17","ratkosrb","Add more unit show commands.","c293cc3b28e27e80d9d4201c01ecada4d6396aca"
"4","AI & Movement","da3ac29a3","2023-02-17","ratkosrb","Fix creatures attacking pet owner first.","da3ac29a3457cc22dfd27923d09c214ed4f581d5"
"5","Core Architecture","56a7e74db","2023-02-16","ratkosrb","Fix attacking mind controlled player in cross faction group.","56a7e74dbe399b3c92c91874b069f1987dbae706"
"5","General Systems","738d4ae99","2023-02-16","ratkosrb","Fix some abnormal chances due to low sample size.","738d4ae997baa343d7a395b50966cb407a2c1a69"
"4","AI & Movement","9cab8f1eb","2023-02-15","ratkosrb","Add some missing loot to creatures.","9cab8f1eb514ab7ce8248f955f5a5a1479511d9b"
"5","Core Architecture","0872c82ed","2023-02-15","ratkosrb","Use lock guard in map where unique lock is not needed.","0872c82edbce43ac99437e2d656a9cb7791a2851"
"1","Crashes & Security","859f627e3","2023-02-12","ratkosrb","Fix cologne and perfume crash.","859f627e3bcabedcc0fe8f1ceb4f965c9702f55f"
"5","General Systems","529e214c4","2023-02-12","ratkosrb","Correct some gossip menus.","529e214c41e5d748ccbd901ff69535ebb31b2015"
"2","Combat & Spells","24584a1fe","2023-02-12","ratkosrb","Correct more creature stats.","24584a1feb65daf3430c7722395d364fbc359036"
"2","Combat & Spells","3a46e6838","2023-02-12","ratkosrb","Correct more player stats.","3a46e683856a08e2fa8448062ae03a126035fe78"
"2","Combat & Spells","4cf93a964","2023-02-10","ratkosrb","Correct stats of mechs.","4cf93a9648fc5b7849a0d82d669000f1c4eaf15c"
"2","Combat & Spells","1042d2d6d","2023-02-09","ratkosrb","Add or remove player controlled unit flag in charm auras handler.","1042d2d6dff037acab55fb1255ca882e62a5fe0a"
"5","Encounters & World","bb1aa706a","2023-02-09","ratkosrb","Fix error in ZoneScript when continents instanciate is enabled.","bb1aa706a4a489c5b89be5011f112066d9ad471c"
"2","Combat & Spells","dbf56e546","2023-02-09","ratkosrb","Prevent delayed procs from triggering auras applied after it.","dbf56e546b199025025b0334e79f7dd833dba5d1"
"1","Crashes & Security","f24011252","2023-02-04","Neto","RemovePlayerFromQueue Crashfix (#1797)","f24011252fa9f4613ff7442c3cebeb697b537ca8"
"2","Combat & Spells","ad65a3af9","2023-02-03","ratkosrb","Fix cooldowns of Scarlet Archmage spells.","ad65a3af9877b0892e26874e6494532a1d4da506"
"5","Encounters & World","cd760f2a6","2023-02-03","ratkosrb","Remove duplicate cast checks used in scripts.","cd760f2a682c96bd86cb60e9d64ce35e7b4d9917"
"5","Core Architecture","c2ec83fa7","2023-02-01","ratkosrb","Try to fix vmap assembler build on linux.","c2ec83fa7c872ebe25a4a7b15ff8b6389f7084ac"
"1","Crashes & Security","5d27d0934","2023-01-31","ratkosrb","Fix possible crash in realmd.","5d27d093427522848c1b69992c4a018f95333caf"
"4","AI & Movement","6892520c7","2023-01-31","ratkosrb","Enable Move in Los event for escorts that assist player.","6892520c7938a03ed3c9fce761b0d188d7ee0000"
"1","Crashes & Security","41aa12203","2023-01-30","ratkosrb","Fix crash with charmed units and combat issues.","41aa1220328650b103f112caf44684f71d2c5f26"
"5","General Systems","d85538d71","2023-01-30","ratkosrb","Fix amount in gold logs.","d85538d71eae66e4e04ecfeeee394b079d226f5c"
"5","General Systems","28efc178b","2023-01-30","ratkosrb","Fix Garments of the Oracle set bonus heal triggering wrongly.","28efc178b995220c47cb646bb936fe6d0d10707c"
"5","General Systems","5a1004e42","2023-01-29","ratkosrb","Fix extractors build.","5a1004e4299a6c992037874fb13d67ba0d429218"
"2","Combat & Spells","32ca056b7","2023-01-28","ratkosrb","Chance on Hit procs should be instant.","32ca056b781be52d59b82acdf2aff3ce58633677"
"5","General Systems","0a1b4413b","2023-01-28","ratkosrb","Fix realmd log file.","0a1b4413bde98e965ffcbcf1e01081cff3d0cbe8"
"5","Encounters & World","4e40e03b0","2023-01-27","ratkosrb","Interacting with gameobject should remove invisibility.","4e40e03b0c2dda01bf0c858872161577404ca97f"
"5","Encounters & World","26fc06ff6","2023-01-27","ratkosrb","Improvements to Benediction quest script.","26fc06ff6a5dca44cedc1c41459f77f259f13f48"
"5","Encounters & World","c399f1e65","2023-01-26","ratkosrb","Rework parts of Jin'do script.","c399f1e653d2121b36295db831ac2ede7ffe1824"
"3","Bounds & Exploits","a5e023ee0","2023-01-25","ratkosrb","Fix Feign Death exploit.","a5e023ee0577a9562e4a24da432a082ca0da11d6"
"2","Combat & Spells","e57139e9c","2023-01-24","Wall","Fix AddAura negative flag (#1782)","e57139e9c9e04b7646834682ca449e843a8e1dcb"
"4","AI & Movement","d32f0d4a6","2023-01-25","ratkosrb","Mass update creature spawns positions.","d32f0d4a6d3dec983dbadb6566c27dd282ab7c05"
"1","Crashes & Security","87ec00fe6","2023-01-23","ratkosrb","Change faction of Ritual Candle Aura trap.","87ec00fe61966ae33666dbb682372d9e67ad00f5"
"4","AI & Movement","e933695aa","2023-01-22","ratkosrb","Update creature spawn data on move.","e933695aa174551858606bc0c9dfcc28108ab815"
"4","AI & Movement","9e72233e9","2023-01-22","ratkosrb","Add commands to set more creature addon options.","9e72233e9bdf7ea51a8be828718784ae9381a9a8"
"2","Combat & Spells","d0d12e85f","2023-01-21","ratkosrb","Fix some spells wrongly flagging you for PvP on friendly target.","d0d12e85feb251251435abf94a281d4e5ec46431"
"4","AI & Movement","cdb1380c2","2023-01-21","schell244","Fix path for copying .pdb files (#1772)","cdb1380c2f8582ff4634b452666df8eb0bbc11d3"
"4","AI & Movement","8972b638f","2023-01-20","ratkosrb","Fix possibility of mob getting stuck with PetAI.","8972b638f098fcfea4f37549cb4705f40278533b"
"4","AI & Movement","98a09a162","2023-01-19","ratkosrb","Fix bug in creature linking by entry.","98a09a162c5d456c835f768039bb8b6e17741b55"
"5","Encounters & World","5d73b3978","2023-01-17","Gamemechanic","Prevent net-o-matic from backfiring at login (#1771)","5d73b39781437fc2d86e0eba87ad4cbf556542de"
"2","Combat & Spells","91e953319","2023-01-17","ratkosrb","Prevent casting on dead unit target if spell does not allow it.","91e953319fa766b3344f542da88f5a1dabcbb966"
"5","General Systems","3dc45479c","2023-01-16","ratkosrb","Some refactoring to sitting distance check.","3dc45479c2251c041e92d26591a259eea051b6a7"
"5","Encounters & World","cd6013cff","2023-01-15","ratkosrb","Correct gameobject interaction distance.","cd6013cff573d2a31c93a0aba3ea927e027c915e"
"2","Combat & Spells","ce65c3058","2023-01-15","ratkosrb","Add trap activation proc flag for hunter traps.","ce65c3058f3a18b0ed333f28293bc023a3b47c4f"
"4","AI & Movement","9de02c5bf","2023-01-14","ratkosrb","Make sure MoveInLineOfSight is called when creature moves.","9de02c5bff4d1003529483f913ff48edb233227e"
"5","Encounters & World","3ea26bf30","2023-01-14","Gamemechanic","Add 1.2 version of elemental leatherworking quest (#1767)","3ea26bf306b195a3961693f2d776e1698ff1dbfe"
"5","Encounters & World","2156b2b6a","2023-01-14","Roddan","Fixed Alterac Valley horde reputation for 3 quests (#1764)","2156b2b6ac72fd9eb34154dd28c5badc44e47b24"
"5","Encounters & World","1e0429a06","2023-01-13","ratkosrb","Fix quest The Sleeper Has Awakened.","1e0429a06a6e785f05f1235708a9c6257ddef14d"
"2","Combat & Spells","7336b9391","2023-01-12","Gamemechanic","Fix visible auras when loading player (#1763)","7336b9391e8e1133afa0ff26e178569d8302b2a0"
"4","AI & Movement","950dac65a","2023-01-10","ratkosrb","Refactor some code on client movement.","950dac65af5ab154d91d901f65095a4f2e039add"
"1","Crashes & Security","01d6ae4b2","2023-01-10","ratkosrb","Fix crash with Sweeping Strikes.","01d6ae4b26986ebe2db58e512717fc19379b2cbd"
"1","Crashes & Security","31a396c68","2023-01-08","Gamemechanic","Changes to deduction calculation from Rep and Honor (#1756)","31a396c6884aab14ce69b98a13a0cbfa8c3eead7"
"5","General Systems","eed23136b","2023-01-08","ratkosrb","Fix Scarlet Cleric casting Mind Blast on himself.","eed23136b0715cc747178d061b6f6aa4f0210ddd"
"5","Encounters & World","eb1e55ca5","2023-01-07","ratkosrb","Missed a script.","eb1e55ca511779ec1f4b30e15a8def6d89d4a630"
"2","Combat & Spells","259db679a","2023-01-07","ratkosrb","Add separate state flag for when AI needs MoveInLoS event.","259db679a16c71834757c7740d66897509400861"
"4","AI & Movement","6c2cda47e","2023-01-06","ratkosrb","Fix creature group spawns in battleground.","6c2cda47e1ccaadfe1eb3ef6269fcde039a21e0a"
"5","General Systems","b79a9c071","2023-01-06","ratkosrb","Fix despawn of summon possessed minion.","b79a9c0712649ed084a68d8bf29e8abddc2d1c33"
"5","General Systems","2d65ae145","2023-01-06","ratkosrb","Fix the way Demon Portal in BWL works.","2d65ae145cbf77f28dd1040f46f5cbe29277ae26"
"5","Core Architecture","949661f6f","2023-01-04","ratkosrb","Do not store player pointers in capture points.","949661f6f7e740b7202a591c4fa79feb2af973d9"
"5","Encounters & World","2cc108c34","2023-01-04","ratkosrb","Extend end time of some events.","2cc108c34c891c6c53adca255c12173548ddbdf9"
"4","AI & Movement","b0200d66e","2023-01-04","ratkosrb","Implement despawn instantly creature flag.","b0200d66ef0cea5e339b3d2eb87d09b667cd8ee0"
"4","AI & Movement","7d69677f6","2023-01-01","ratkosrb","Use correct unit flags for mini pets.","7d69677f65f7cf4df72558477781d01f10077113"
"1","Crashes & Security","d58ade9a7","2022-12-31","ratkosrb","Fix possible crash.","d58ade9a73ea090e56d0b87c873b4b50e223b66f"
"2","Combat & Spells","a2f443ff2","2022-12-30","ratkosrb","Attack closest player first on enter combat with zone.","a2f443ff2de05b3a76249441d660dec4d3e12574"
"4","AI & Movement","82b1cd4b4","2022-12-29","ratkosrb","Pets should be aggroed at same distance as owner.","82b1cd4b4ba2789247b16becf44de448b70143b1"
"5","General Systems","ddefce128","2022-12-28","ratkosrb","Handle fall reset opcode.","ddefce1285fb2ad8e6266f91f3dc324c3c95ebbc"
"2","Combat & Spells","21f50e431","2022-12-28","ratkosrb","Wild spell summons should die before despawning.","21f50e431835ac30d571ce7b5a9644f24de08a91"
"1","Crashes & Security","bcfc7fd0d","2022-12-27","ratkosrb","Fix crash with some posses and charm spells.","bcfc7fd0d3d153f3f75136729f607028cfa2360c"
"5","Encounters & World","55359740e","2022-12-27","ratkosrb","Rewrite Triage quest doctor script.","55359740e8292aa7cbdabab7539e0b9cb147310d"
"5","General Systems","32c750e91","2022-12-25","ratkosrb","Fix multiple teleports on accept bg port while taxi flying.","32c750e915bf678b76ed6cd21ff3464109e24ba2"
"5","General Systems","3ed92d335","2022-12-23","ratkosrb","Fix a few small things i missed.","3ed92d335b1f355ee07bdc16f67ab14fcf7c80ca"
"5","General Systems","5e02d6aa9","2022-12-23","ratkosrb","Fix name of account data opcode.","5e02d6aa9f7bcd8dedec605a2da6e7ad2876fd49"
"5","General Systems","72a17fa18","2022-12-23","ratkosrb","Fix reconnect to realmd and member variable naming.","72a17fa18ab7867d7d44e33859f973c457aa8bd7"
"1","Crashes & Security","ee73b5764","2022-12-23","killerwife","Fix SpellModifier memory leak on logout.","ee73b576418b8ce6dd52a0803cb6247085e3d536"
"5","Encounters & World","41461c3af","2022-12-23","ratkosrb","Replace Triage quest script with cmangos version.","41461c3af17aba96a9539afbeb53daef75bd99fe"
"5","General Systems","d753ce1f5","2022-12-23","ratkosrb","Fix possibility of camera getting stuck on old location.","d753ce1f5bb092376cdde6c2f69b63cb3d0eeced"
"2","Combat & Spells","6d33195ff","2022-12-23","ratkosrb","Fix active threat attribute logic.","6d33195ff86e9801376cfdc9ef094eb9bb128487"
"5","Core Architecture","ea4b8c1c9","2022-12-22","ratkosrb","Send teleport to players around old position too.","ea4b8c1c9418cb08fbb1fc6707dd37c597b1b5f1"
"5","Encounters & World","6eda40cba","2022-12-22","ratkosrb","Move stratholme service gate script to db.","6eda40cbac4929a09dd0c6fa5ba8da02cc790698"
"5","Encounters & World","7bb692070","2022-12-18","ratkosrb","Fix Defias Looters having Frost Armor.","7bb692070801acca710fbbb2468108759482c508"
"5","Encounters & World","29ad9a622","2022-12-17","ratkosrb","Some loot fixes.","29ad9a622ba501fe2492407f9a77ef70a94a7281"
"5","Encounters & World","60ffec97f","2022-12-16","Gamemechanic","Movemap - prevent running out of file handlers (#1738)","60ffec97f86fde19de6f3781b1c4b60a4bcddeb2"
"2","Combat & Spells","526c4b4f9","2022-12-15","ratkosrb","Rename and implement first 2 spell attribute enums.","526c4b4f9b2c50c475199942b7460ea0b741a840"
"5","General Systems","1b2bdf2fb","2022-12-13","ratkosrb","Delay far sight guid updates.","1b2bdf2fbfb6415614f446b6d08399fd4aadc44c"
"1","Crashes & Security","38a1945ab","2022-12-13","Daribon","Change AV BG announcer to correct NPC. (#1661)","38a1945abf20326df5ce8b30b222b10f95bc6fbb"
"4","AI & Movement","c80feeff2","2022-12-12","Gamemechanic","Fix mount id fallback for creatures (#1736)","c80feeff2898fad9396b0edff1aca6f13f6753cb"
"4","AI & Movement","286c1071b","2022-12-12","ratkosrb","Do not check los for chain or magnet targets.","286c1071b29361c9e9ed1e4ba67fdaf83b3e34bd"
"5","General Systems","90752de33","2022-12-12","Gamemechanic","Fix Illumination not working with Holy Shock (#1733)","90752de331dc502100250c396f639f9b4585032e"
"2","Combat & Spells","a8b840c5a","2022-12-12","Ariel Oak","Fix SMSG_SPELLDISPELLOG packet for pre-1.12 client (#1734)","a8b840c5a977dbaa7561d80ffd6a06d3f87fe4fe"
"4","AI & Movement","d22a3a4c5","2022-12-10","ratkosrb","Creatures should not aggro pet of mounted player.","d22a3a4c5341692c88308c1d5171ffadb1947ded"
"5","General Systems","87980825b","2022-12-10","ratkosrb","Correct respawn time of WSG buffs.","87980825b1a4a4e940baa04e227732bcbe8f19d7"
"5","General Systems","fea267ea7","2022-12-10","ratkosrb","Correct levels of some guards in old patches.","fea267ea7826a66dca65bd6b3599e525281bae1f"
"5","General Systems","13f8d08fc","2022-12-10","ratkosrb","Correct drop chance of Scarlet Belt.","13f8d08fc3a5282502681289d0c1007fafcd7f1a"
"5","Encounters & World","6842c31f3","2022-12-10","ratkosrb","Script for Felhound Tracker.","6842c31f3878ef035c1db6d531487deb3fdd8ef9"
"5","Core Architecture","3857af548","2022-12-09","ratkosrb","Implement no school immunities attribute.","3857af548a273dc9e057df39b599a9866393db4f"
"4","AI & Movement","4d7e82f4c","2022-12-06","ratkosrb","Fix victim of pet being treated as aggressor.","4d7e82f4c14cb4360f21122ede6d3d1c0b7613cb"
"5","General Systems","b694c11f6","2022-12-05","ratkosrb","Update to zlib 1.2.13.","b694c11f6ab4ef35ff09123047c69a3e6de8092c"
"3","Bounds & Exploits","5c5f1f10a","2022-12-05","ratkosrb","Fixed possible guild exploit.","5c5f1f10ab7855b08df7cadfa2ca963083b068fb"
"4","AI & Movement","ff7cf1fe4","2022-12-05","ratkosrb","Fix pet getting deleted if summoned while mounted after logout.","ff7cf1fe4b12816e12c6a0a59f4de8002b1cc160"
"4","AI & Movement","966012169","2022-12-04","ratkosrb","Pet aoe should not target players if owner is not flagged.","966012169d824808b9afe364c07e9c45d27f05eb"
"2","Combat & Spells","5259cd863","2022-12-03","Martin Weinelt","Fix undefined nullptr_t type in SqlPreparedStatement.h (#1716)","5259cd8637974e289189b94a6340ba2af13a0d46"
"5","General Systems","b6b1be654","2022-12-03","Gamemechanic","Fix illumination mana return (#1714)","b6b1be65405cb146af54085e957fe25a1af18928"
"4","AI & Movement","b20abf4a4","2022-12-03","ratkosrb","Fix creature movement without mmaps.","b20abf4a4b177def2a442c5627b7102aac6ad9fb"
"2","Combat & Spells","41169ba65","2022-12-02","ratkosrb","Don't put nearby targets in combat while already in combat.","41169ba653ecece7d96cf237f0d8d3a8c48e7206"
"2","Combat & Spells","ca1fcb5a7","2022-12-02","ratkosrb","Clear temporary at war with faction on leaving combat.","ca1fcb5a79d6e93b39dd6e3ca9567421fa7f8175"
"4","AI & Movement","1258a93c3","2022-12-01","ratkosrb","Fix creature mana regen.","1258a93c349f93d62fd7d0887585a95f4302768e"
"5","General Systems","523509f65","2022-11-30","ratkosrb","Fix wrong field index update for corpse.","523509f65f10313441655a20aa9b467f8dfdd1dd"
"5","General Systems","275b897b6","2022-11-30","ratkosrb","Check dnd and afk messages for invalid links.","275b897b64d1bf3868975d177e2e186a46668594"
"5","Encounters & World","ed8647fa5","2022-11-28","ratkosrb","New script for Rajaxx and Andorov in AQ20.","ed8647fa5dfb8ccfafc169ca0b04ee9d2d3dbebe"
"5","General Systems","4dccd56e2","2022-11-19","ratkosrb","Fix fingerprint saving logic on Mac.","4dccd56e28efb7b609d99562feda3bdce7968fe9"
"5","Core Architecture","6f2ccc2a5","2022-11-19","ratkosrb","No teleport if unit is not in map.","6f2ccc2a549f306091329433bac0b689d5901ce5"
"4","AI & Movement","2774abba9","2022-11-17","ratkosrb","Reset creature PvP flag on charm end.","2774abba9511d0876bec4eaedeaaa9cea8b81221"
"5","Core Architecture","c3931ea77","2022-11-17","ratkosrb","Fix unit flags of Darrowshire Poltergeist.","c3931ea7784772895eb2360bf4a9ffd32daa626d"
"5","Encounters & World","55439972f","2022-11-17","ratkosrb","Finish cinematic on disconnect.","55439972f7a1eb069492ccc80c022370c83ff416"
"5","General Systems","41272e05f","2022-11-15","ratkosrb","Fix build for 1.6.1.","41272e05f6f1f0101400785d066c3db7d7750156"
"4","AI & Movement","1ee659829","2022-11-15","ratkosrb","Prevent double skill gain from ranged weapons.","1ee659829ee968b922a21bf6dc3dcb57c899da18"
"5","General Systems","03ffbfd7f","2022-11-14","ratkosrb","No speed check during knockback.","03ffbfd7f178dcd410eb50028fe5b61a3df0fa1e"
"2","Combat & Spells","5ee0e6091","2022-11-14","ratkosrb","Improve pet combat handling.","5ee0e6091d01f40bf39481ee543f6dc1924bfffe"
"2","Combat & Spells","fb75b0f14","2022-11-13","ratkosrb","More refactoring to the combat timer.","fb75b0f14e430ba3199863c2e0c0f23e4f499ded"
"2","Combat & Spells","03e52dd61","2022-11-13","ratkosrb","Leave combat in 1200 ms batches.","03e52dd61cea7c5177eb16aa4c58cccb5ecddc7a"
"2","Combat & Spells","e3fa2b042","2022-11-12","ratkosrb","Allow combat timer to tick in combat.","e3fa2b042eaffacedc768ab2d54be12d347cb3c1"
"5","General Systems","a1cf05688","2022-11-12","ratkosrb","Fixes for Warden on Mac. (#1696)","a1cf05688d8e4bf13e0b11fcdc5c150dc8776631"
"5","Encounters & World","fc848dbe5","2022-11-12","schell244","Correct loot for some fishing areas (#1521)","fc848dbe5e55d5475435d24c5b5fe7b2fef9506a"
"1","Crashes & Security","5ac3d574d","2022-11-11","coolzoom","Change max allowed packet size for db worlflow (#1693)","5ac3d574ddcdddb74ece906e338560b23283d176"
"4","AI & Movement","2c694411e","2022-11-10","Gamemechanic","Remove wrong mailbox and campfire spawns (#1692)","2c694411e9c6e4178d1b9e7e22ffdbb638663279"
"5","Encounters & World","5233e8bec","2022-11-08","ratkosrb","Prevent joining bg queue from inside bg.","5233e8bec4e08b40cc9199c6c6dc5532f45913b7"
"5","General Systems","b26192731","2022-11-08","ratkosrb","Try to fix db workflow.","b26192731e01fa2531079d3c0217ecb091d00d7c"
"2","Combat & Spells","eb7d52f16","2022-11-08","ratkosrb","Charge should put caster in combat temporarily.","eb7d52f16ed469f7b9617e9cdc5ee53738436fad"
"5","General Systems","49b2a9025","2022-11-08","ratkosrb","Fix Dark Iron Ale stun.","49b2a902524eda65922a02fa37721427a6a016d7"
"5","General Systems","264dbf9e0","2022-11-07","ratkosrb","Correct all item locales.","264dbf9e00a0f21736e57d22b5b7b23a6bc44861"
"4","AI & Movement","c9903b05e","2022-11-05","ratkosrb","Instantly unsummon old pet on casting Inferno.","c9903b05e0e10a9a920bd17a9c737237f5438a7a"
"2","Combat & Spells","03687a646","2022-11-04","ratkosrb","Fix cooldown and level of Explosive Sheep.","03687a64634718e14022126495672c323ec954bd"
"5","General Systems","19e716439","2022-11-03","ratkosrb","Remove useless debug logs from packet handlers.","19e716439c8025caac4042b3f7e9aee8f0f541bf"
"5","Encounters & World","b16d6fe89","2022-11-03","ratkosrb","Correct loot distance checks.","b16d6fe89462399d3855e61b9e0c43aea9c668e3"
"5","General Systems","9d522e29d","2022-11-03","ratkosrb","Refactor distance checking functions.","9d522e29d5895d30325f1a92e6aacb1c20b1fdc4"
"2","Combat & Spells","7afd6d5c7","2022-11-03","ratkosrb","Remove non existent spell id from switch.","7afd6d5c7f02c790e3ad81cc7b242a560236d950"
"1","Crashes & Security","502c1df8c","2022-11-03","ratkosrb","Judgement of Light should not trigger Corrupted Mind.","502c1df8c672376825634b003da3cd37d70cee1f"
"4","AI & Movement","f538f6cd4","2022-11-03","ratkosrb","More refactoring to movement after death handling.","f538f6cd4c06ed64ed5d6af6550628d15f00af7c"
"5","General Systems","fcfd56106","2022-11-02","ratkosrb","Fix switch case indentation.","fcfd56106db990800248543c7a572a817f66b1ec"
"2","Combat & Spells","d50da03ed","2022-11-02","ratkosrb","Make magic vulnerability follow resistance logic.","d50da03ed496a59d8895727e1aae5955e5b12eaa"
"1","Crashes & Security","8bdd87238","2022-11-01","ratkosrb","Fix a crash with pets.","8bdd872385f88c07fcad12c376249ca2f83aa4f0"
"5","General Systems","e71795d8e","2022-11-01","Daribon","Correct WSG Spirit Guide positions. (#1662)","e71795d8ec62bc3044e8ccfa292d23b51171cade"
"4","AI & Movement","7b8f5b0f8","2022-11-01","ratkosrb","Fix wrong creature id.","7b8f5b0f881bc6b2b301244ef5484900dd32da56"
"1","Crashes & Security","f27f296ce","2022-11-01","ratkosrb","Correct auras used by Fen Creeper and Bleakheart Shadowstalker.","f27f296cee3565145fdc421e934ebb519658337d"
"5","General Systems","e15f90894","2022-10-30","ratkosrb","Fix default BG visibility distance.","e15f908941a3467d2cdc78ca0e21b80c4979c26d"
"2","Combat & Spells","74b99554a","2022-10-30","Gamemechanic","Damaged items should sell for reduced price (#1676)","74b99554a8bc32c3b628b5eda54a703556b34b2a"
"5","General Systems","a69052eac","2022-10-28","yesilmen","Fix Eastern Kingdom menu (#1673)","a69052eac9404b3d2f88b2285ae90f721633277b"
"5","General Systems","d1ea2b5fc","2022-10-28","Gamemechanic","Fix missing despawn on wipe in BRD Arena (#1672)","d1ea2b5fc00d038f12bf638432a12844d50b3fc2"
"1","Crashes & Security","8504d49d2","2022-10-27","Wall-core","Fix crash on login with scorpid sting.","8504d49d2d92ed169774ab44090145c9cd80a83f"
"2","Combat & Spells","bdc363a6f","2022-10-25","ratkosrb","Not all channeled spells are interrupted on movement.","bdc363a6f8cd31738461f7e166e2c98ad36d0907"
"2","Combat & Spells","f521a10cc","2022-10-23","ratkosrb","Increase Mind Blast threat.","f521a10cc96c0ac06c01fe25f4cf66c61aba2167"
"5","Encounters & World","e510845ad","2022-10-23","ratkosrb","Prevent talking to unselectable npcs.","e510845ad83d860a204b87a65a17aef9ee3de660"
"2","Combat & Spells","2325dc11b","2022-10-23","ratkosrb","Implement SMSG_PROCRESIST.","2325dc11bcff1afb717450c6e37fa231c6137bb9"
"2","Combat & Spells","0c1186225","2022-10-22","ratkosrb","Correct some player stats.","0c11862258388ffcc4a82979e590a1d1e49db0a8"
"2","Combat & Spells","b06ed1f09","2022-10-21","ratkosrb","Do not proc Combustion if no target is hit by spell.","b06ed1f094710cb57d789bf4c51ebb47229ad450"
"5","Encounters & World","d6b94a6cc","2022-10-21","ratkosrb","Fix despawn type used in multiple ashenvale scripts.","d6b94a6cc52d32a40cad213544fa22167aaabc2b"
"5","General Systems","dcefb019e","2022-10-21","ratkosrb","Fix skill bonuses not applying after logout.","dcefb019e0d3e6d15b2d8cc3b61d6dfc1903e1d3"
"4","AI & Movement","1db48a83a","2022-10-20","ratkosrb","Refactor checks for corpse movement.","1db48a83a0e1de78edddbf576562ad86058728ab"
"1","Crashes & Security","e1e6588d1","2022-10-19","ratkosrb","Allow speed change packets after death.","e1e6588d16a2dffe2540f9d2c1b7ec9cce3d84ea"
"4","AI & Movement","77871f05d","2022-10-19","ratkosrb","Skip not in los targets for resurrection.","77871f05d4089aa091668362db29d85e235ba686"
"2","Combat & Spells","7aebe49ce","2022-10-18","ratkosrb","Dampen Magic should not reduce melee damage below half.","7aebe49ce66cb3c4acaa3d1a4caf0c4bcd053399"
"2","Combat & Spells","caccc04dd","2022-10-18","ratkosrb","Correct stealth auras used by some mobs.","caccc04dd1fe69388b640de55b90bbcd48b27572"
"2","Combat & Spells","ca94e6bb2","2022-10-17","ratkosrb","Leave combat with far away mobs on player update.","ca94e6bb293091926cbdb8069a661612f7bff406"
"5","Encounters & World","a6ccacd23","2022-10-16","ratkosrb","Correct vendor data.","a6ccacd237f64fcc5592f37f1fa66ed1c44d78f0"
"2","Combat & Spells","b8a83fe4a","2022-10-13","ratkosrb","Fix code style in spell effect handlers.","b8a83fe4a2ee548d51c35a2c9912e510c9412e0a"
"5","General Systems","6135040f8","2022-10-13","ratkosrb","Correct how Enrage armor reduction works.","6135040f856160183219197a69efc28a89bdadea"
"5","General Systems","17faec4d6","2022-10-11","Wall-core","Fix Murkdeep attacking before he is visible.","17faec4d65ae22e66b6ff0ea6d57c368d15dca0d"
"2","Combat & Spells","07feae802","2022-10-10","ratkosrb","Learn class spec skills for spells.","07feae80219beb0caf5772246b0cc0680918501e"
"5","Encounters & World","e507698aa","2022-10-10","ratkosrb","Add skinning loot to Ishamuhale.","e507698aa10fd75557864cfd351452df76acd4d6"
"4","AI & Movement","4e53349d6","2022-10-10","ratkosrb","Fix some mobs aggroing instead of fleeing from call for help.","4e53349d678626492149344c19fa226a1ed933ee"
"5","General Systems","6c48ba207","2022-10-09","namreeb","Logging related fixes (#1645)","6c48ba2074cee7327c9a17911f247a0776158cac"
"5","Encounters & World","51fd0ac22","2022-10-08","ratkosrb","Fix Flare not preventing Stealth.","51fd0ac22f895004b0d18c237619ce60cb3e9a7b"
"2","Combat & Spells","5a167c964","2022-10-08","ratkosrb","Fix permanent periodic auras ticking each update.","5a167c964bd31bc581780379b3f98b3c5c70f120"
"5","General Systems","c66a400bf","2022-10-08","ratkosrb","Fix all startup errors.","c66a400bfb5fee0c20400ea0d2fce17da96cba3c"
"1","Crashes & Security","f318729f2","2022-10-07","ratkosrb","Fix crash on relog after disconnect.","f318729f289f14febb14e5bf780ed46566b91610"
"5","General Systems","bd8c31f51","2022-10-04","ratkosrb","Correct PPM of Jeklik's Crusher.","bd8c31f51ac91e5b295beba6b2b20ea344826f0c"
"5","Encounters & World","8fff5f082","2022-10-02","ratkosrb","Move AV player loot to db.","8fff5f082055552a1ca4d23aa8c27e0a41bae5d2"
"5","General Systems","620dbac45","2022-10-02","ratkosrb","Fix character db migration.","620dbac45a19e2dc8b39b2020487d054c7c0a7d1"
"5","General Systems","715082b4a","2022-10-02","ratkosrb","Fix SMSG_ACCOUNT_DATA_TIMES.","715082b4ab065a438f5def044bc1a4e0d8d9ef15"
"5","General Systems","cbc852342","2022-10-01","ratkosrb","Don't update object visibility during shutdown.","cbc8523420a7ee04c03236d395bbf1f2644055fe"
"5","Encounters & World","238ebe8bc","2022-09-30","ratkosrb","Prevent bots from equipping items not for their class or race.","238ebe8bc023ff2d7309bcf9aeaaed7718d6f450"
"4","AI & Movement","7a61469eb","2022-09-27","ratkosrb","Don't alter movement info on knockback.","7a61469eb1c89671bf88d7eaa4597aeae4765a49"
"5","Encounters & World","2642e1ab8","2022-09-27","ratkosrb","Fix some anticheat issues on transports.","2642e1ab8b0376c26df68a6a700ed324343ac546"
"5","Encounters & World","d89154be9","2022-09-26","ratkosrb","Don't use distancing motion on transport.","d89154be95efbabe64d08b436e363de327bf7d82"
"5","Encounters & World","a1b279ee4","2022-09-26","ratkosrb","Fix chasing on transports.","a1b279ee424949d97ca69691702e11afb2519a4e"
"4","AI & Movement","90e48519c","2022-09-26","ratkosrb","Fix visual position desync when chasing or following.","90e48519c3abfe8788fcc8a314b856f94f0abe82"
"4","AI & Movement","c2bc99f8f","2022-09-25","ratkosrb","Add missing pet health for some levels.","c2bc99f8f75b540308878771bb97f3b33ebf9681"
"2","Combat & Spells","0d59312bc","2022-09-25","ratkosrb","Correct warlock pet damage.","0d59312bc1dbd6fbefc13e5bf934a4bc12afa1a4"
"5","General Systems","4ee93042b","2022-09-24","FlagFlayer","Correct ghost zones to Patch 1.6  sub-areas, remove invalid graveyards (#1635)","4ee93042b8581bdb5e5e649df275b2e7f8e9fec2"
"5","General Systems","23595bca9","2022-09-24","FlagFlayer","Correct graveyard faction for Dolanaar (#1633)","23595bca96aa202ef9223dd8728f4d99b4eb1f8c"
"1","Crashes & Security","061b03bd2","2022-09-24","vetu104","Add cmake variable to change the configuration directory (#1634)","061b03bd2fb23db20d3ffb4eea2c85b36b9af50d"
"2","Combat & Spells","52462c94a","2022-09-19","ratkosrb","Spell id fields are not strings.","52462c94a7c626160c9b8af61f29f0781217ddf1"
"2","Combat & Spells","f9eac6df7","2022-09-17","ratkosrb","Remove wrong spell from Entropic Horror.","f9eac6df70785773168d7652de27062f2efde505"
"5","Core Architecture","0468172e6","2022-09-14","namreeb","Fixed trade logs table (#1625)","0468172e6cfe689e73e14c2dbe9dff281d7ec37c"
"2","Combat & Spells","bae3603df","2022-09-12","ratkosrb","Correct stats of warlock pets.","bae3603dfa9b94d58df500c17623a05ec4056e7d"
"2","Combat & Spells","47c461ac3","2022-09-12","ratkosrb","Fix wrong spell id for Detonate.","47c461ac3c02a67a674811e58d1610909b0250db"
"5","Core Architecture","32688e791","2022-09-11","ratkosrb","Fix mmaps beneath bridge in Deadwind Pass.","32688e791048818315ed700ac5af5f32570f4dc1"
"2","Combat & Spells","4509b2732","2022-09-10","ratkosrb","Shadowguard should proc when spell damage is absorbed.","4509b27329b9c4b24d4cdb1fc78b3198ea7768b4"
"5","Encounters & World","c5e7fbc34","2022-09-10","ratkosrb","Move script for quest Glyph Chasing to db.","c5e7fbc3445de027095b81183dac4035f1522909"
"5","Encounters & World","85a029a86","2022-09-10","ratkosrb","Fix friendly in CC and missing buff events.","85a029a86a5e376d2d7af0f3eed6e8f69be9dffc"
"4","AI & Movement","3fc69d7ea","2022-09-08","ratkosrb","Add stockades teleport location and fix bulwark pathing.","3fc69d7ea91645394491eadbd5aa6ee3d15d1223"
"5","General Systems","d9e0610df","2022-09-08","ratkosrb","Fix Elemental Weapons not affecting Flametongue Weapon.","d9e0610df28ac492a0905f7e4de5957bd1c2fb4a"
"1","Crashes & Security","440d15c7e","2022-09-07","ratkosrb","Remove movement change resending.","440d15c7eded24066076d452b96281ea7a4c8c29"
"4","AI & Movement","71d6ed9a8","2022-09-07","ratkosrb","Prevent server side movement during teleport.","71d6ed9a88fc2f90f7e58991a29517f297d912fc"
"5","General Systems","e5295c45a","2022-09-07","ratkosrb","Use correct gossip menu id for Frostwolf Stable Master.","e5295c45ab7e23e3ed320ba3541031ef36421016"
"5","Encounters & World","0f57a09a6","2022-09-07","ratkosrb","Corrections to quest greetings.","0f57a09a64b2df141da4c7af496e50af3c270672"
"5","General Systems","1c1b37e90","2022-09-07","Daribon","Correct graveyard factions and and invalid graveyards. (#1608)","1c1b37e901f45bb8814d9e51b3f40af88aa0e566"
"2","Combat & Spells","3f91713be","2022-09-07","ratkosrb","Procs should not extend leash timer.","3f91713bed5b8f91046ebfbc9a903cee6faa87ca"
"2","Combat & Spells","7e7573fbc","2022-09-07","ratkosrb","Fix default amplitude of periodic spells.","7e7573fbc94a64505b91a57b9e94398901ec3574"
"2","Combat & Spells","f3f9e717c","2022-09-06","ratkosrb","Remove more no longer needed spell mods.","f3f9e717ca0e057456147f9dd8b2824da1a3ddb1"
"2","Combat & Spells","cd2d72651","2022-09-05","ratkosrb","Aura of Nature should only be used in combat.","cd2d72651ee43d9ef7aac2b2ffccd66c2ae56912"
"5","General Systems","8581b971c","2022-09-05","ratkosrb","Correct waypoints for Rocklance and Sister Rathtalon.","8581b971c3e3da9de993952ed7eb64f534234bb7"
"5","General Systems","7c1f13827","2022-09-04","ratkosrb","Improve previous commit.","7c1f1382749f2fa8b4703cdde1d693365bdd800c"
"2","Combat & Spells","5dd2048d6","2022-09-04","ratkosrb","Feign Death can be resisted by players before patch 1.7.","5dd2048d6ae76650c7333389eb90e165676c5adc"
"1","Crashes & Security","24b723ed2","2022-09-04","ratkosrb","Try to fix crash on leaving combat with far away creature.","24b723ed2dc9f036b5e0bb0d25e348458826a0c1"
"2","Combat & Spells","8fa704298","2022-09-04","ratkosrb","Improve Feign Death combat handling with pet.","8fa704298b40ed462b5f7dfec9cd217b22566aef"
"2","Combat & Spells","336618880","2022-09-04","ratkosrb","Remove wrong mod of Aura of Frost.","336618880e491144b221a2b6132b71df953b17a5"
"5","General Systems","0b446caf2","2022-09-04","ratkosrb","Corrections to Azuregos.","0b446caf28a681dacf08e9bada6aa2e7bcc0af2c"
"2","Combat & Spells","7862c8de3","2022-08-31","ratkosrb","Refactor react state handling when charmed.","7862c8de30f6823c5b487c3f493d750123928ff1"
"4","AI & Movement","d7e2dee88","2022-08-30","ratkosrb","Don't send set facing spline on death.","d7e2dee88304745540527d6a9f33dd0b9aeddc9c"
"5","Encounters & World","4bad03925","2022-08-27","ratkosrb","Assign correct patch to some gameobjects.","4bad0392575b09e19fa0916b16bca62b63174772"
"5","Encounters & World","e0f235152","2022-08-27","NickTyrer","Add Deathknight Darkreaver Boss Event.","e0f2351520adc029121ad6940276511d95d3c6ad"
"2","Combat & Spells","3b8ddafc7","2022-08-26","ratkosrb","Not all critters are passive.","3b8ddafc7f248a056bd6861b2917d95ef9860fe0"
"2","Combat & Spells","0d27389b9","2022-08-25","ratkosrb","Correct stats of more creatures.","0d27389b9804da242ee0e51c067cd31521848c30"
"4","AI & Movement","e9c913115","2022-08-24","ratkosrb","Skip movement packets received while movespline is active.","e9c9131158f88e673760359f41422fe3af7cfb78"
"2","Combat & Spells","2bf4c58f3","2022-08-23","ratkosrb","Fix speed exploit with outdoor only auras.","2bf4c58f38d394889e6da322a71b00f00aa5950c"
"5","Core Architecture","7010468c8","2022-08-23","ratkosrb","Judgement of Light healing should be done by the unit that is attacking.","7010468c8b7a75341eee16c69de9e5e265ee32fc"
"5","Encounters & World","b6419c04e","2022-08-23","ratkosrb","Add dungeon elders to Lunar Festival event.","b6419c04e6ce87f9abb0926f98cbff7fb8e4a375"
"5","Encounters & World","357ca1b1f","2022-08-22","ratkosrb","Assign money loot to gameobjects based on sniffs.","357ca1b1f96b4afb2e312f279a4421527a0d55a2"
"5","Encounters & World","45f178e68","2022-08-22","ratkosrb","Implement money loot for gameobjects.","45f178e68251ac4fe9cffdaf238f694d029fa3d3"
"4","AI & Movement","3ea2b6613","2022-08-22","-Shiken-","Fix typo in raid symbol names (#1568)","3ea2b6613908c2677d60ecd4c21e5422ec62e477"
"5","Encounters & World","324805d82","2022-08-22","ratkosrb","Refactor add spawning in Majordomo script.","324805d8229c84d68abf64d6da51fa0d0c16c042"
"1","Crashes & Security","2740e5474","2022-08-22","ratkosrb","Revert accidental change.","2740e5474c8071b5465f1b716284f3393b8b3c3b"
"5","Encounters & World","fc60c5284","2022-08-22","ratkosrb","Fix name of Magmus in BRD script.","fc60c5284a8c3ed1983ff70c47322806e64c2aa0"
"4","AI & Movement","116b57dbd","2022-08-22","ratkosrb","Make Rune of Opening ignore LoS.","116b57dbd26325bb97f4d69b8e68d9d456ec6779"
"4","AI & Movement","bdcbeaa03","2022-08-21","ratkosrb","Restore LoS to doors and prevent pets from going through them.","bdcbeaa036d852fceb97235b85a181c18e323e9f"
"5","Encounters & World","a6a18863f","2022-08-21","ratkosrb","Prevent deleting spawns that are referenced in scripts.","a6a18863f796194e26e6c4d2e38d3c5d22b69a1d"
"5","Encounters & World","fd7ce0ca7","2022-08-17","ratkosrb","Try to prevent In Dreams from breaking due to dynamic respawns.","fd7ce0ca766ba84f6f6cad170201e07eb2a78138"
"2","Combat & Spells","0ca0f4b63","2022-08-16","ratkosrb","Prevent players from evading spells from dead creatures.","0ca0f4b63a3941721162c6d9ef03d6f643dc953c"
"2","Combat & Spells","7d6ae9bc6","2022-08-16","ratkosrb","Increase Lay on Hands threat so it matches classic.","7d6ae9bc66b76713c8d87c013a010155cfcb02ba"
"5","General Systems","5745b7a69","2022-08-16","ratkosrb","Fix instant casting buffs not being truly instant.","5745b7a696bb08455b6be53d06d4549d1849108f"
"2","Combat & Spells","7361588fb","2022-08-15","ratkosrb","Implement max affected spell targets for gameobjects.","7361588fb365dcce252e82560b536b3a8a56738f"
"1","Crashes & Security","12ed4cdf3","2022-08-14","ratkosrb","Possible crash fix at BG start.","12ed4cdf38a72c931e73151b4a551f9464c26f34"
"4","AI & Movement","12718d1e3","2022-08-14","ratkosrb","Don't call JustRespawned of old AI for multiple id spawns.","12718d1e3dce844afbc70930bc2e1cae4c78b320"
"4","AI & Movement","6746978fb","2022-08-14","schell244","Fix worng assignment of Riggle Bassbait texts (#1562)","6746978fbde2fb4877c7d9aeb1b05501e6946433"
"2","Combat & Spells","2f8411747","2022-08-13","ratkosrb","Add spell crit and power to character stats table.","2f8411747f252fcf47a6ad95c33fe10c078da99f"
"5","Encounters & World","e6f44a00a","2022-08-13","schell244","Convert Gnomeregan script texts to broadcast texts (#1480)","e6f44a00a469d4740ad8131c528d64cc4948f1f6"
"5","Encounters & World","de1ce7dc1","2022-08-13","ratkosrb","Unassign non existent script.","de1ce7dc12a5b48fed496e0a062f5c68068cec14"
"5","Encounters & World","91b96dce7","2022-08-13","ratkosrb","Prevent potental griefing of level 5 priest quests.","91b96dce74a5b5513e3bf39e6cc8eb90ec8914ad"
"5","Encounters & World","bb2f6a738","2022-08-11","ZhengPeiRu21","Fix quest reward text for The Balance of Light and Shadow (#1532)","bb2f6a7385dee48cec2f300bcefc9196b94b1fbb"
"2","Combat & Spells","0b489cb6f","2022-08-11","schell244","Corrections for spell Haunting Spirits and Haunting Phantoms (#1528)","0b489cb6fd8cfaf4ba9f3145b2b135c35b303ae4"
"5","Encounters & World","756d60ad4","2022-08-11","schell244","Fix quest Extinguishing the Idol when Belnistrasz does respawn (#1516)","756d60ad4c56d66295f6e7b4f7cf875685e18760"
"4","AI & Movement","45f0f0501","2022-08-11","NickTyrer","Add Undercity Training Event (#1488)","45f0f050196374db7d8d77215dd05c4448db9051"
"5","General Systems","4f739079a","2022-08-11","schell244","More improvements to STV Fishing Extravaganza (#1484)","4f739079a44423e31f7c2b895fc6f7068cb86e44"
"2","Combat & Spells","956eb0f62","2022-08-11","ratkosrb","Remove not needed bool variable in spell class.","956eb0f62a5c439dc3bd5703d3432c47e3175527"
"5","General Systems","354575d9d","2022-08-10","NickTyrer","Correct gossip for Hazza'rah Tablet Objec (#1471)","354575d9d1efa692c60615701acaf78871d210d2"
"5","Encounters & World","7defaff4d","2022-08-10","schell244","Small improvements for Pyroguard Emberseer script (#1479)","7defaff4d16bd2eda4999f2a158afb46fd97afbd"
"4","AI & Movement","3ff5799fa","2022-08-10","Oroxzy","Love is in the Air Event Additions and Fixes (#1464)","3ff5799faf13c7eb67cd915b7a5bfd25dc0f80d5"
"5","General Systems","deb749551","2022-08-10","Oroxzy","Lunar Festival Fixes (#1457)","deb749551b4bab7a67f298091623a2516233f20b"
"5","General Systems","41d977a1a","2022-08-05","ratkosrb","Fixes related to last commit.","41d977a1a73e9320f3fccec03e9376526ad84905"
"5","General Systems","b0bb9f378","2022-08-04","ratkosrb","Fix issues with Compact Harvest Reaper.","b0bb9f378a67bf318ac4b78af5c4343bcb8f1728"
"5","General Systems","b4a923b5b","2022-08-04","ratkosrb","Fix logic mistakes in previous commits.","b4a923b5bc901ffe3b2d20b01f9f78f5bb4d20c1"
"2","Combat & Spells","30a76163c","2022-08-04","ratkosrb","Implement 'Immunity to Hostile & Friendly Effects' spell attribute.","30a76163cded8ab431e96d9b8e92be43c70dc674"
"4","AI & Movement","cb006632a","2022-08-03","ratkosrb","Fix issues with stop spline while rooted.","cb006632a669efb4e556815974f83bb69183d1f0"
"4","AI & Movement","acce73fab","2022-08-03","ratkosrb","Make guardian pets spread around owner.","acce73fabeefa7aee07185976d282c1f0d37587e"
"2","Combat & Spells","92c243519","2022-08-03","ratkosrb","Implement GetSpellRank and mana and cast time per level calculations.","92c24351920554c94ef68ee4cac4d489e22680d5"
"4","AI & Movement","dffe2fbf3","2022-08-02","ratkosrb","Add extra flag to prevent mobs from leashing.","dffe2fbf35f7e3a17f248ad6cda1d1c5dc6bb491"
"5","Encounters & World","e29d0b1fa","2022-08-01","ratkosrb","Restore part av stablemaster script that shouldn't have been removed.","e29d0b1fad9526379742b29ff3da4c611cafe504"
"5","General Systems","3708c4051","2022-08-01","ratkosrb","Fix copy paste typo.","3708c4051d9828ed7cdf7608293a271efcbf9b91"
"5","Encounters & World","c406f41f3","2022-08-01","ratkosrb","New script for Empty Stables quest.","c406f41f37e1404be3b2c30cc2e1aeadff273c1d"
"5","General Systems","740d74457","2022-07-30","NickTyrer","Fix broken migration (#1554)","740d74457da6859b5a7fcc580e9c6b25a46ae092"
"5","General Systems","241098975","2022-07-30","Daribon","Correct positions of Spirit Healers. (#1539)","24109897526a5e99911a789b86b8d93db3ee20aa"
"5","General Systems","2803d427b","2022-07-29","ratkosrb","Correct ppm rate for some items.","2803d427b078f8fc7f5c74a0cbd1a4acf19d1fab"
"2","Combat & Spells","d4a09912a","2022-07-28","ratkosrb","Fix melee spells not being affected by percent damage mod auras.","d4a09912a101833065c14ae99534f8e8a19f7029"
"5","Encounters & World","19bc922ec","2022-07-27","ratkosrb","New script for Avatar of Hakkar.","19bc922ec4db0b2ee2a864bd3eae1d14991ed135"
"3","Bounds & Exploits","cdeda1660","2022-07-18","ratkosrb","Add missing Large Mithril Bound Chest spawns in Dire Maul.","cdeda1660d67ece54d6803cd3c3c0bfd0a04f3bf"
"5","Encounters & World","aa6f11280","2022-07-18","ratkosrb","Restore old period for Grom'Gol to Undercity transport.","aa6f112804ae7cd56226ada2bff60b6a069fc5f1"
"5","Encounters & World","d7f038618","2022-07-17","ratkosrb","Add more accurate script for Eye of Naxxramas.","d7f038618169f5122bf6211c167214895f35ef76"
"5","Encounters & World","0aa048d8d","2022-07-14","ratkosrb","Remove Battered Junkbox from loot tables.","0aa048d8dc07c57029345cf042936a7ff4b69caa"
"5","Core Architecture","cfd285daf","2022-07-11","ratkosrb","Don't send SMSG_NEW_WORLD to nearby players.","cfd285dafd5568b74d9bdc184cdd1a931ac81ff8"
"5","Encounters & World","d4e58d5b6","2022-07-04","ratkosrb","Remove no longer needed core scripts.","d4e58d5b64c15127cb9f71a8153822d9dd385187"
"2","Combat & Spells","36668d099","2022-07-03","ratkosrb","Allow negative item effects to trigger procs.","36668d0990174fd629c747c4f5ff6f31b029cc8f"
"5","General Systems","7c655601e","2022-07-03","ratkosrb","Fix compile error.","7c655601eac1c720d26a55cf5735f9265a5b4c9d"
"2","Combat & Spells","bbc80766d","2022-07-03","ratkosrb","Make creature pets respect threat.","bbc80766d6d28570ce9e0ccc7a3d89d830c03a89"
"2","Combat & Spells","da31ec50e","2022-06-29","ratkosrb","Correct stats for many mobs.","da31ec50e6723098d758bdda27b2ff7f77c5cc2c"
"5","Encounters & World","b00b1f4ca","2022-06-17","ratkosrb","Fix temporary transport location issue.","b00b1f4ca4fac047be4fecfb8500f888540bf928"
"5","General Systems","e9b38ff13","2022-06-17","ratkosrb","Fix duration of Gnomish Battle Chicken.","e9b38ff13fbd0c8b6f5bcf17c052de4f84ece4b1"
"4","AI & Movement","8b921a2c6","2022-06-16","ratkosrb","Correct levels of some creatures.","8b921a2c69e4da00a284d07181a981267a0543c3"
"1","Crashes & Security","992b38035","2022-06-15","ratkosrb","Fix crash on auto attack.","992b3803577933c27ce33280fad00720933cf1a4"
"4","AI & Movement","64a890ee7","2022-06-14","ratkosrb","Fix startup errors due to creatures above level 63.","64a890ee75544cbcef3366f7b3b884483faeae4e"
"4","AI & Movement","9021c5184","2022-06-13","ratkosrb","Add all missing creature templates.","9021c5184fc42d35fe44e31d949a8eaec3fe1f62"
"2","Combat & Spells","358ab70d8","2022-06-12","ratkosrb","Implement creature class level stats.","358ab70d8892a9bf9a4cc3f0c57294b9338ce9c7"
"4","AI & Movement","50f16555d","2022-06-11","ratkosrb","Add checks for nameplate and follow distance hacks.","50f16555dad4b727ee87d2c06776cf64dc015dcc"
"5","General Systems","2475aaabf","2022-06-02","schell244","Correct drop chance of Split Bone Necklace  (#1520)","2475aaabf0a7dc9726f1e2e24c4276b99fd2acef"
"1","Crashes & Security","4eeffab47","2022-06-02","ratkosrb","Improve speed change handling when moved by server.","4eeffab475a59389246e64e40e5092aea54cf681"
"5","General Systems","4b2a5173b","2022-05-31","ratkosrb","Correct some npc texts.","4b2a5173b0ca4917dfe91aa7b87d84232fd7203c"
"4","AI & Movement","3ae76673e","2022-05-31","ratkosrb","Correct more creature speeds.","3ae76673e15409e8d0e6f5b635eaf761aa9ef193"
"5","General Systems","e62a10561","2022-05-29","ratkosrb","Fix Ice Armor getting removed when duel ends.","e62a1056119e485ba23ef856e295a1cb179b37de"
"2","Combat & Spells","41d70d9db","2022-05-29","ratkosrb","Check ignore LoS attribute for ground targeted spells.","41d70d9db2d373dcbaf8e678617884a99fa3404f"
"5","General Systems","81e5261a3","2022-05-29","ratkosrb","More fixes to last commit.","81e5261a3785bc6df9fe983977719c010ba706c7"
"5","Encounters & World","e665fcfab","2022-05-29","Oroxzy","Rework the Pyrewood Village event (#1441)","e665fcfab89fb9946fe32d44d853d759cb848405"
"4","AI & Movement","f1ba3ada9","2022-05-27","Henry Henderson","Send proper exit code on honor maintenance restart (#1514)","f1ba3ada9ffbf4259bc1b671d3c69fdaae8b2d21"
"1","Crashes & Security","a1845581e","2022-05-27","Henry Henderson","Send invalidate player packet on race change (#1513)","a1845581e8776fa889b5216f182944957596b961"
"5","General Systems","37b12caeb","2022-05-27","ratkosrb","Correct gold dropped by mobs.","37b12caeb9becf4473096b319e1d69a105e2233f"
"2","Combat & Spells","e1cae99e5","2022-05-26","schell244","Improve handling of stat modification (#1478)","e1cae99e51848e63bec7f06488d773644b91d176"
"5","General Systems","9cffafa60","2022-05-26","ratkosrb","Improve last commit.","9cffafa60467134ee084e5fa3f6fa6abf3f66b89"
"2","Combat & Spells","176847a73","2022-05-25","ratkosrb","Freezing Trap should not put you in combat.","176847a7376687f1620e1876330b57f446354dd8"
"5","Encounters & World","1c9726b52","2022-05-24","ratkosrb","Correct Molten Core loot prior to patch 1.4.","1c9726b5277538acd781367957f305a1eb3f0c3c"
"5","General Systems","7e881d27c","2022-05-22","Filip Petrovi─ì","Fixed compiler warnings under VS2022 (#1511)","7e881d27cd8574603d33fef74ce55ccc5550a508"
"2","Combat & Spells","aefb2f51e","2022-05-22","ratkosrb","Buffing players with Bloodrage or Enrage on should put you in combat.","aefb2f51e7de4c30c615d7b026f4e1e528b2764e"
"5","General Systems","5b336efbe","2022-05-22","ratkosrb","Fix issues with Flash Bomb.","5b336efbe5a7274dfb3ba9b039bae5d6f6bd5c21"
"5","General Systems","a2aa99b3a","2022-05-20","ratkosrb","Fix Moonfury talent not affecting Wrath.","a2aa99b3a4f57c48e093f978761d9e1b71b027d3"
"5","General Systems","9a3f5c417","2022-05-20","ratkosrb","Fix 2 stealth bugs.","9a3f5c4171288d856acdd792a8e5b19338bea974"
"4","AI & Movement","d88d8916f","2022-05-20","ratkosrb","Flag guardian pets for PvP.","d88d8916f62f44ce4e28c007e90f2e582186ed7f"
"2","Combat & Spells","d496e5182","2022-05-19","ratkosrb","Improve environmental damage handling.","d496e5182360c246d4adc2e811c4f0c926d2d3a0"
"4","AI & Movement","bb4a9444b","2022-05-19","ratkosrb","Fix pets not being marked as PvP.","bb4a9444b946ed9a11b431e47b61dbbc5a5aa5e7"
"1","Crashes & Security","d46341929","2022-05-18","ratkosrb","Fix crash on dispel if faction is invalid.","d46341929631e229ad2b6df334caa61253380304"
"5","Core Architecture","301a68cab","2022-05-16","GrenderG","Don't allow normal players to specify partybot level. (#1491)","301a68cabc0b96ac18891540c4e1eb6d0e28c47d"
"5","General Systems","f3b8ccb65","2022-05-16","ratkosrb","Fix WSG flag dropping into tunnel below ground.","f3b8ccb65695649985ada2b28aa353d54f446175"
"5","Core Architecture","df1147495","2022-05-15","Henry Henderson","Fix mmap_extract.py for python 3 (#1507)","df114749555eb6779d729e4beac88b3b40308b2d"
"5","Encounters & World","10ea1cc43","2022-05-10","Ali Al-Khalifa","Add docker build scripts (#1502)","10ea1cc43e797693da9921fbd21f26f7fabca2b4"
"4","AI & Movement","0815293f0","2022-05-08","ratkosrb","Fix pet gossips.","0815293f09ae580765067973aa9c5f684529f3f9"
"5","General Systems","2c0854594","2022-05-02","Scott Nice","Correct faction of BRD arena spectators (#1497)","2c0854594e85a738751f4aa8b7a5a696b55e7ebe"
"5","Encounters & World","f08657d20","2022-04-30","NickTyrer","Add Missing Quest Gameobjects. (#1421)","f08657d2037116b4cf7201ff892c91f79e4ef500"
"2","Combat & Spells","ef5b577e6","2022-04-29","schell244","Aura: Use m_miscvalue in HandleModDamagePercentDone for correct application (#1476)","ef5b577e6cea6d8410c569adc1e627daadea32d9"
"2","Combat & Spells","c70e052ef","2022-04-26","ratkosrb","Check item spell slot sent by client.","c70e052ef1f435dcd22d9f2219c2b361c735230b"
"4","AI & Movement","e8cfafa8b","2022-04-24","ratkosrb","Fix battle of darrowshire failing because gobject despawns.","e8cfafa8b7d7fd073ad4ae837583194dc3daa1f7"
"2","Combat & Spells","ef9bba044","2022-04-22","ratkosrb","Rename aura flags according to research.","ef9bba04427b9df5a3e99afed2a91a54c70c95ad"
"5","General Systems","af64dc3d6","2022-04-22","ratkosrb","Fix marking targets inside battlegrounds.","af64dc3d67fa7abe3a162d88d38ccc4841e3308d"
"2","Combat & Spells","8320a7f83","2022-04-20","ratkosrb","Threat auras should always reset leash timer.","8320a7f83741cd9ec3c7fe25e084b9d3be3454ac"
"2","Combat & Spells","0fa10d106","2022-04-20","ratkosrb","Begin chasing when enabling combat movement if using default movement type.","0fa10d10685d1ff5b700dea6d0f264845b580246"
"4","AI & Movement","6aa8abf6d","2022-04-20","ratkosrb","Correct speed of all creatures.","6aa8abf6d4d317669743e25f7ae51787ec1788b3"
"2","Combat & Spells","29844f27f","2022-04-17","ratkosrb","Fix player emote state handling.","29844f27f952b4bba6e3d4c16fd14ae392b0a562"
"5","General Systems","931d4b227","2022-04-16","ratkosrb","Update variable naming style in battleground code.","931d4b22711ab1463fe7b147bd4aa8290a0abcbd"
"5","Encounters & World","aff1861a2","2022-04-14","ratkosrb","Spawn naxxramas transport properly.","aff1861a29dcc1d2c6255dbe091b9c0b44ac4bfc"
"5","General Systems","f7d15a380","2022-04-14","ratkosrb","Fix wrong distance check upon update building.","f7d15a38077890af78b1f1e495fe955e7ab047d3"
"5","Core Architecture","a8a06ebde","2022-04-12","ratkosrb","Implement SMSG_GUILD_DECLINE.","a8a06ebde92382c909928402feab87301fd0766d"
"5","General Systems","59404bc16","2022-04-10","ratkosrb","Update zlib to 1.2.12.","59404bc1670aabbb7cb6e25f4b4d264e41f43b0e"
"2","Combat & Spells","62fd507cf","2022-04-07","ratkosrb","Initialize hunter pet powers before adding to map.","62fd507cf2afedb9105f6687cc7ad51446bebd05"
"4","AI & Movement","5073ba812","2022-04-03","ratkosrb","Correct position of unique creatures.","5073ba81290178612580acba6991bfba8bed632d"
"2","Combat & Spells","05c14ace7","2022-04-02","ratkosrb","Correct sheath state for all creatures.","05c14ace7201532d8cab9190b86dd98e36e2afef"
"5","Encounters & World","4974ad38a","2022-04-01","ratkosrb","Implement queue for specific BG instance.","4974ad38ab9fe78d3a7b336b585599454f7abaa1"
"5","Encounters & World","49a9c295d","2022-04-01","ratkosrb","Fix instance ids for real this time.","49a9c295d980a54f4515886bae734bf48937e1f8"
"5","Encounters & World","91ade7885","2022-04-01","4demec","Fix generation of battleground instance Ids (#1485)","91ade78850b08e0b32ad8e0ee814b1fb04a16ad3"
"1","Crashes & Security","03e7a4821","2022-04-01","ratkosrb","A few more changes to BG related packets.","03e7a4821c2a3eb8e496a4ed6f31a4061702d301"
"5","Encounters & World","d7cab98e5","2022-04-01","ratkosrb","Use HIGHGUID_TRANSPORT for elevators.","d7cab98e5a6930323659383aa614ae35b24ac0a9"
"5","Encounters & World","e4e22ff5f","2022-04-01","Makkonii","Make FindTBB script work with TBB versions higher than 2021.1 (#1486)","e4e22ff5f7fe72fbdf67a3e1b9b5c2de408c1508"
"5","General Systems","b8ddfe025","2022-03-30","ratkosrb","Fix structure of some BG packets.","b8ddfe0258c8464da09fcf7618b377381b284679"
"5","Encounters & World","466fc7341","2022-03-25","Nytanath","Implement breadcrumb quest support.","466fc73411d8136448b286217e1f931e4a5f1d25"
"4","AI & Movement","4cd5ca809","2022-03-17","schell244","Fix gossip condition for Riggle Bassbait (#1481)","4cd5ca80997a18de296129531158ae3cfb76898f"
"1","Crashes & Security","76b458922","2022-03-16","ratkosrb","Change war effort condition into generic save variable check.","76b45892295e5d7ffcc32a23c2b80c056e8d2aa6"
"5","Core Architecture","04d7b3e6b","2022-03-16","ratkosrb","Save player on disconnect.","04d7b3e6b978e34ca5884c1110b7b70693e05235"
"4","AI & Movement","cd896d437","2022-03-16","ratkosrb","Improve some movement checks.","cd896d43712ceafecdbd8f005846d7f676e55b4f"
"2","Combat & Spells","8a29daac4","2022-03-11","ratkosrb","Correct stats of Searing Whelp and Drywallow Daggermaw.","8a29daac4def5a69a377e2df6144e23bdf8cc40c"
"5","General Systems","1b9e2d521","2022-02-20","ratkosrb","Take update diff into account for gcd even on localhost.","1b9e2d521524ad18a87d9f9faaecbe24725be4e7"
"4","AI & Movement","55fc45cca","2022-02-20","ratkosrb","Put the movement log access behind a mutex.","55fc45ccac52c4ad5ae73f5341eaab32453212dd"
"2","Combat & Spells","d637b77da","2022-01-22","ratkosrb","Make environmental damage configurable and correct defaults.","d637b77daefdae2f1c67f784481b15d62dfef9f0"
"5","Encounters & World","a35daf48d","2022-01-17","Scott Nice","Add completion script for quest Voodoo Feathers (#1446)","a35daf48d9e27c51fcfe7210dd00130b7a4fc8a7"
"5","General Systems","ef6ebef00","2022-01-16","ratkosrb","Fix Lady Blaumeux's texts not showing up in chat.","ef6ebef0056145e68091aabaac92a0ce0bcb5099"
"2","Combat & Spells","de0610436","2022-01-16","ratkosrb","Fix Kel'Thuzad not staying in combat during Phase 1.","de0610436a8183dc4e4842b940f6519ff55f1dd8"
"5","Encounters & World","d60c2db31","2022-01-16","ratkosrb","Correct text timers and unit flag handling in Ragnaros script.","d60c2db31f5f9a05eb53e68fc58238ee6ce54ffd"
"5","General Systems","425589ffc","2022-01-16","ratkosrb","Remove redundant scale check.","425589ffcfb7df958c526f39dd0f61b82450760e"
"4","AI & Movement","ce0ece94c","2022-01-16","ratkosrb","Safeguard against division by zero in UpdateModelData.","ce0ece94c43b51a5c4af4559335edb946900605d"
"2","Combat & Spells","a071d66fb","2022-01-16","ratkosrb","Fix Lord Victor Nefarius not being able to start combat.","a071d66fb5f64f66361b13bbd06369ca633f388d"
"5","Core Architecture","6146d549e","2022-01-11","ratkosrb","Rework player race scale handling.","6146d549e3d986ff70dbdf17c3335000be2d3a89"
"2","Combat & Spells","b0e299d48","2022-01-11","ratkosrb","Fix spells that immune not causing aggro.","b0e299d4862b58059e76335643e0ffbdda3b968a"
"5","General Systems","072fe0400","2022-01-10","coolzoom","Update Windows Choco package install with version information (#1444)","072fe0400c571c1143c1de519aa4bd749b60913d"
"2","Combat & Spells","1fd39469c","2022-01-09","ratkosrb","Interrupt all spell casts on stun regardless of the interrupt flag.","1fd39469c67f24755a30fa2187e0aedfbab3b38d"
"5","General Systems","6ba97943c","2022-01-09","ratkosrb","Correct drop chance of Wavethrasher Scales.","6ba97943ceafe687cb144ca7af672856512fbb1b"
"5","General Systems","9a391778b","2022-01-08","Velite12","Fix Seal of Righteousness scaling according to classic (#1439)","9a391778b29edad469ce7caf4a37f1bb8845bfc7"
"5","Core Architecture","0e2dafe8f","2022-01-09","ratkosrb","Allow using Beast Lore on shapeshifted players.","0e2dafe8f3206d8a259165af2b13d1bf6f8535a8"
"5","General Systems","65a48d0c8","2022-01-08","schell244","Correct some item drop chances (#1432)","65a48d0c866b23aed927ee308f8304004a6d7447"
"5","Encounters & World","d1ce4ecad","2022-01-08","ratkosrb","Check for scripts with target assigned and target self flag.","d1ce4ecad436d203c7d1cfb4f9118d5ebe78d727"
"2","Combat & Spells","5ffbf0317","2022-01-08","ratkosrb","Fix BWL and MC teleport spells.","5ffbf03174cb3f712c435f9125d63055a45f9de3"
"5","Encounters & World","efa708b26","2022-01-07","Scott Nice","Improve the Pyrewood Village scripts (#1440)","efa708b261201b54071806ed9feabcda23da83a6"
"4","AI & Movement","088c3f612","2022-01-08","schell244","Restore Wizzlecrank's Shredder's faction once the escort is over (#1431)","088c3f612ef1a5875cd5fdc6e791e2d64cf371fd"
"4","AI & Movement","2d77c2a1b","2022-01-08","schell244","Improve Mograine and Whitemane encounter in SM Cathedral (#1428)","2d77c2a1b64bfecdbac743ba591961b6f157585d"
"5","Encounters & World","e3fc3b06b","2022-01-08","Oroxzy","Implement the Mirage Raceway Event (#1426)","e3fc3b06b33db784f8cad5d7c3f82e3ef6fe163b"
"5","Encounters & World","06da92b54","2022-01-07","ratkosrb","Add script flag to skip missing targets.","06da92b541c06eb7b5ad81a43f9dd32cd85145b8"
"5","Encounters & World","0ae7fec97","2022-01-06","NickTyrer","Fix condition errors in Southshore Crier Event (#1438)","0ae7fec97435c674e4fe04e4d89676fcf21c53fe"
"5","General Systems","27f95f725","2022-01-06","Lyn","Debian build fix (#1425)","27f95f7256cf75224445e02828ee269d9f808e44"
"5","Encounters & World","fa78ba3f3","2022-01-06","NickTyrer","Update Southshore Crier Event (#1420)","fa78ba3f3a3e42b7978c088f4ca576a3109b3942"
"5","Encounters & World","fbe1fd612","2022-01-06","NickTyrer","Add Misc Quest Scripts (#1409)","fbe1fd612c5c477a2383922d17f311b36143096d"
"5","Core Architecture","b9d78140e","2022-01-05","NickTyrer","Remove Sleep Immunity From Sunken Temple Dragonkin (#1410)","b9d78140ef83510d83cc57daec9847571117f3d5"
"5","General Systems","c5af56a23","2022-01-05","NickTyrer","Update Goblin and Gnome Engineer Gossips (#1404)","c5af56a23b05d3ac35271adfdc3bc21e690c676b"
"2","Combat & Spells","9411167b3","2022-01-05","NickTyrer","Update Shahram auras and remove unused scripts (#1403)","9411167b38592efaa9ef51f2b05d7c101086d879"
"5","Encounters & World","cb181e95e","2022-01-05","NickTyrer","Add Gossip and Scripts to Menara Voidrender and Acolytes (#1402)","cb181e95ed1ad8ac4d09eb6933a0bba01fb70f27"
"5","General Systems","f223722fb","2022-01-06","ratkosrb","Correction to Sethir the Ancient's waypoints.","f223722fb195f0ee5ccdf3815fa77a32a1df0bc9"
"4","AI & Movement","db6e2b047","2022-01-06","ratkosrb","Remove orphaned game event creature data rows.","db6e2b04797a12a86b6340b5a524b2c6c2b4043b"
"2","Combat & Spells","36bcb12a2","2022-01-05","Scott Nice","Remove wrong spell and add missing emote to Princess Moira (#1436)","36bcb12a2ee3e628b47b473a964e0557c72c7a2a"
"4","AI & Movement","3e1fb9071","2022-01-05","NickTyrer","Update Rogue Trainer Gossips (#1398)","3e1fb907195a17687e93ebf556fa8c3685280d82"
"5","Core Architecture","eb34abed1","2022-01-03","ratkosrb","Allow players to die at the end of In Dreams.","eb34abed1ce7d103974f3bcdec881a0b551fd415"
"5","Encounters & World","2dd80d817","2022-01-03","ratkosrb","Add priority field to db scripts.","2dd80d81796c0440b12b9fca49298cefaa29e5c1"
"4","AI & Movement","fda9c0fb3","2022-01-02","ratkosrb","Add patch to game_event_creature_data table.","fda9c0fb37e79dccaf2318b7c54d0c641fafe276"
"5","General Systems","71e854edd","2022-01-02","ratkosrb","Fix build with anticheat enabled and remove unimplemented feature.","71e854edd10421552f3d7631f058f51ef15511a7"
"5","Encounters & World","e8f6bcdf7","2022-01-02","killerwife","Add gameobject chest aggro prototype on loot.","e8f6bcdf7cadfffd22c217ac7a070f04fc7f2c6f"
"5","Core Architecture","c6bb0b624","2022-01-01","ratkosrb","Fix map version check in mmap generator.","c6bb0b624ded5e75d8a5753808beb7f4c589e628"
"5","Core Architecture","c042ff71b","2021-12-31","ratkosrb","Replace map and vmap extractors with cmangos versions. (#1433)","c042ff71b12d43b392ebc20c477865789e74bc9b"
"5","General Systems","800556500","2022-01-01","coolzoom","Full database check and dump (#1387)","80055650089b29890b35cae90fc32666bf48c841"
"5","Encounters & World","106ee309d","2021-12-31","NickTyrer","Misc Class Quest Fixes (#1386)","106ee309d4b0a9b0a11c1d882da94ed3a7b89147"
"5","Encounters & World","87015c060","2021-12-30","NickTyrer","Fix quest Freedom to Ruul (#1365)","87015c060c9816851d6fb3edbf21e720ad7f1593"
"5","Encounters & World","2dcabb217","2021-12-30","NickTyrer","Fix quest Get Me Out of Here (#1353)","2dcabb217667a2bc133a441ef6f2ae8c1c514192"
"5","Encounters & World","0550df8ac","2021-12-26","NickTyrer","Misc Quest Fixes (#1385)","0550df8acbb77fda263a1ee90a6e65b0c3f8de77"
"4","AI & Movement","ab250a93e","2021-12-26","GrenderG","Make Remulos healable.","ab250a93eca4dc66a7182915b7758872d4d81b21"
"5","General Systems","9ff529072","2021-12-26","GrenderG","Remove gossip npc flag from Nijel's Point Guard. (#1350)","9ff529072f623f2cd33455ceafc8158d16559fd6"
"4","AI & Movement","ab78f852f","2021-12-26","GrenderG","Scepter of Celebras stone should remain Active. (#1349)","ab78f852fb1afcc949c3cdfd1a57938249d02b63"
"5","Encounters & World","21810b543","2021-12-26","NickTyrer","Midsummer Event Fixes (#1347)","21810b5435e2e3c43e7264211c9bfabfda4453eb"
"5","General Systems","e44ca62c1","2021-12-26","schell244","Shadowfang Keep - small code improvements (#1343)","e44ca62c1e2ca303bdaea36cb135a8e613ee2251"
"5","Encounters & World","4cd0d0e62","2021-12-26","schell244","Razorfren Kraul: convert script texts to broadcast texts (#1342)","4cd0d0e62c1b5f88aeeeaad5c0c1244f15cad7b3"
"5","General Systems","fc18ceb2b","2021-12-26","ratkosrb","Correct login hash for 1.12.3.","fc18ceb2b0af5babf4db372c13bf573796c410c5"
"4","AI & Movement","31a70460c","2021-12-25","ratkosrb","Teleport followers to leader when distance is too big.","31a70460ccc30336a97f3b15a53cfec56ebb77e9"
"5","Encounters & World","3a462102a","2021-12-24","ratkosrb","New script for Sethir the Ancient.","3a462102a54e8d3dc93e47f47923b3541dd2a936"
"5","Encounters & World","3bf37b6ea","2021-12-22","ratkosrb","Assign patch to the quest relations.","3bf37b6ea75a3d1bf55d556bb14093aa610a706c"
"5","Encounters & World","874a7022a","2021-12-22","ratkosrb","Add missing scourge invasion quests.","874a7022a219723fbff60d24d93f02a7f24ffbdd"
"5","Encounters & World","fd11a7e48","2021-12-21","ratkosrb","Potions on the AB vendors should not have reputation requirements.","fd11a7e483baf2d352286aa862302813189bc638"
"5","General Systems","b0a09ee9a","2021-12-20","ratkosrb","Fix mistake in last commit.","b0a09ee9a022b5a29e9da1a2605d5a7fc2c0f826"
"5","General Systems","797d40498","2021-12-20","ratkosrb","Define all faction flags and rework call for help checks.","797d40498a342ab6078b14e0ef31021d52bb343f"
"5","Encounters & World","d12fbeafa","2021-12-18","ratkosrb","Add scripts for quest Hinott's Assistance.","d12fbeafae775e387f35887f6ef20f43fe1810af"
"5","Encounters & World","f20750ec5","2021-12-17","ratkosrb","Add new script for quest Suntara Stones.","f20750ec50701561058f48d006aa455775a7a078"
"1","Crashes & Security","36aec1cd1","2021-12-15","ratkosrb","Change respawn type for Dark Iron Raider.","36aec1cd178b4a251b7d824e5ad429cdf037a9d3"
"5","General Systems","e2b6ff136","2021-12-15","ratkosrb","Fix small db issues.","e2b6ff136f703d62fc0dc8d4069cfd7cdc916f27"
"5","Encounters & World","43596f48b","2021-12-15","δåÇδª░","Update Boss Noth (#1335)","43596f48bca6e0c187a2a11317ff5b2467bfebe1"
"5","General Systems","1c8308af7","2021-12-15","δåÇδª░","Fix operators logic in diminish rate config (#1332)","1c8308af73d38a5e836bfa25e87f46f7205ea315"
"2","Combat & Spells","1d29746ee","2021-12-15","δåÇδª░","New check for fishing channeling (#1329)","1d29746eeebbada4247164c9daadd4b9d9d9c2ef"
"5","Encounters & World","75f863259","2021-12-15","Twigie","Updates to Gazban and The Curse of the Tides Quest (#1318)","75f863259bbf4e3296d9615a140af6e790750a4b"
"4","AI & Movement","55fc8cf8b","2021-12-13","ratkosrb","Add completion scripts to several parts of the Wharfmaster Dizzywig quest chain.","55fc8cf8ba46a2a0dd828fd9cff8a9847729f26a"
"5","Encounters & World","ffb96117c","2021-12-12","ratkosrb","Remove unused session scripts code.","ffb96117cb3d73e76119a880ad4f5df11a0943bb"
"3","Bounds & Exploits","c0b6ef66b","2021-12-12","ratkosrb","Restore old movement broadcaster code.","c0b6ef66ba3c1ab0720f7b01a1597b00a893a67f"
"1","Crashes & Security","94ec0ca56","2021-12-11","ratkosrb","Small changes to last commit.","94ec0ca561e18ffe1dead85812e2f81d9ce19809"
"4","AI & Movement","2c8313946","2021-12-11","ratkosrb","Refactor creature proximity aggro related code.","2c831394672aa02bfbce14005cb2b9d953610310"
"5","General Systems","d4cdb05ab","2021-12-10","NickTyrer","Update GUIDs For Lunar Festival Conditions (#1418)","d4cdb05ab19045ea76f45fef09bbc32734cfec2d"
"5","Encounters & World","497505dd3","2021-12-09","Orozxy","Rework the Lunar Festival Event (#1289)","497505dd3b610d5e93fe0e44c4eb1edf4b1f5676"
"5","Encounters & World","e987577c2","2021-12-08","ratkosrb","New completion script for quest Plagued Lands.","e987577c2d22d6fc7d5a3fd6a925a25370b8593c"
"5","General Systems","41e37577f","2021-12-07","ratkosrb","Cleanup unused config options and fix typos.","41e37577fdd0ed712f017c85fdbdc083c657a200"
"5","Encounters & World","488106cdc","2021-12-07","ratkosrb","Prevent console spam when looting too fast.","488106cdcce43b57faf02dc79ef63d553084d533"
"1","Crashes & Security","04230ef67","2021-12-07","ratkosrb","New scripts for Well of Corruption and Corrupted Sabers.","04230ef6767a890054b5d3fc9e0641185e2aff1b"
"5","Core Architecture","e71af4721","2021-12-07","ratkosrb","Add player byte offsets enum.","e71af4721eb18d400aad8cda3bb8d39a4d47da59"
"4","AI & Movement","dd8fa191e","2021-12-05","ratkosrb","Increase initial delay for random movement.","dd8fa191ec771f7f1120cf9563b59b481c520cfd"
"5","Encounters & World","ba8e80f77","2021-12-05","ratkosrb","Add script for quest The Binding.","ba8e80f7703758e8eb3871391fef85c251dedcca"
"5","Core Architecture","f0f5b0c89","2021-12-05","ratkosrb","Notify observers both at old and new position when unit teleports.","f0f5b0c8933409c1e3141d62ab4fd104c3b6729d"
"4","AI & Movement","30734db9b","2021-12-05","ratkosrb","Prevent battlebots from climbing up the mountain at Stormpike Graveyard.","30734db9bd7c0d91aa220252b5f03d88b3bf8427"
"2","Combat & Spells","4df7f2f94","2021-12-04","ratkosrb","Move some bool fields into spell internal flags.","4df7f2f94d3519ac90c20214abbca844f18f7d7c"
"5","Encounters & World","8409022f1","2021-12-04","ratkosrb","Assign completion script to other Return to the Bulwark quests.","8409022f10328fbffb55c209ae88ea9ed744b4aa"
"5","Encounters & World","a1f7d9a11","2021-12-03","ratkosrb","Update start script for quest Enchanted Azsharite Fel Weaponry.","a1f7d9a11ebc58e36e50c278db80f754778650fc"
"5","Encounters & World","e8cf51604","2021-12-03","ratkosrb","Add start script for quest Azsharite.","e8cf516048be9e5f8c7a950a81ecfac287481eaf"
"5","Encounters & World","06d1a0b2b","2021-12-03","ratkosrb","Improve completion script for quest Set Them Ablaze.","06d1a0b2b7be94f397730e0696caece0a18027cc"
"5","Encounters & World","07a40b242","2021-12-03","ratkosrb","Improve start script for quest The Torch of Retribution.","07a40b2420f5d283302d505c6b1917a8adfce513"
"2","Combat & Spells","792c3733c","2021-12-01","ratkosrb","Implement spawn spells.","792c3733c1d1a1766fddbf4b654f0de4cac4325d"
"5","Encounters & World","141e78230","2021-11-26","ratkosrb","Fix spawn script for Dagun the Ravenous.","141e7823003aea3fa0c20ae3bdd18762be4b5db5"
"5","General Systems","3c7eb0aca","2021-11-18","ratkosrb","Some improvements to priest, rogue and druid bots.","3c7eb0acad2d41e4f1e3a7f2b01128eec0027a56"
"4","AI & Movement","7f3845228","2021-11-05","NickTyrer","Add Correct Gossip to Lights Hope Creatures (#1293)","7f38452288b3f16aaae459e0f9c9838680a5ca15"
"5","Encounters & World","aa4286022","2021-11-05","ratkosrb","Fix quest Finding the Source.","aa428602269fe62e815fe52e616524844348a88f"
"4","AI & Movement","7f0f98ff2","2021-11-05","ratkosrb","Use correct ids for riding trainers.","7f0f98ff2166ab9027e6a3e462a8c25ebfce829a"
"2","Combat & Spells","b14e54e2a","2021-11-04","ratkosrb","Trigger caster procs for spells with no unit targets.","b14e54e2aade2882de45d0df7035f6ef85773427"
"5","Encounters & World","573534fd0","2021-11-04","ratkosrb","Do not call UpdateForQuestWorldObjects directly from group code.","573534fd0ae317ec76943cb27ace13ea5776e340"
"5","Encounters & World","f70579c4b","2021-11-04","ratkosrb","Do not access map in logout request handler.","f70579c4b2bc3463c7c1c6ce3c38cc667504f5dc"
"2","Combat & Spells","cc6545f8f","2021-11-03","ratkosrb","Use procEx flag for on cast procs.","cc6545f8fb72852c5c5d99e838e96a9cd91c2a28"
"2","Combat & Spells","77e38230f","2021-11-03","ratkosrb","Determine if spell crit on cast instead of hit.","77e38230f4612b5cca836776174f677dbff99f47"
"2","Combat & Spells","8b9271b37","2021-11-03","ratkosrb","Make some caster proc flags trigger on cast not hit.","8b9271b37ce697b7ea686d98a6f6c557a8a073d7"
"5","Encounters & World","38b754a0c","2021-11-03","coolzoom","Fix CI not running on pull requests (#1381)","38b754a0cdc9a033404f5f0e57c3fb1f5c953149"
"4","AI & Movement","a1d225c2d","2021-11-03","NickTyrer","Update Rare Creature Respawn Times (#1287)","a1d225c2d758bcc7e12720262661943c2caddb9b"
"5","General Systems","4ee28d70b","2021-11-03","ratkosrb","Fix build on non-apple platforms.","4ee28d70ba017d63f6cd14d97f6b3fe612ed9ab1"
"1","Crashes & Security","19c760f10","2021-11-03","Steph","Fix crash on stop server and compilation on OS X (#1380)","19c760f10efa17ec2dc0d085d30d5adb16ca9dfa"
"1","Crashes & Security","40abd16d7","2021-11-01","coolzoom","Make github actions ignore sql changes (#1375)","40abd16d70d87f0a916a006f47d6cba4884feec8"
"1","Crashes & Security","1c89a85fe","2021-10-29","ratkosrb","Fix possible movement anticheat crash when switching characters.","1c89a85fe3f91d160c9a195e3a2f1fd62fc418ea"
"5","General Systems","8f2af5dff","2021-10-24","ratkosrb","Fix Jubjub.","8f2af5dff4c61ec58b118bd15399a5dfd775e83a"
"2","Combat & Spells","61429284e","2021-10-20","ratkosrb","Fix initial cast visual for some persistent area auras.","61429284e0fcbc444e83023a0fff7d1da152712b"
"1","Crashes & Security","a48ab4358","2021-10-20","ratkosrb","Fix crash upon casting spell Manastorm (21097).","a48ab435846cd5be7f1109e0a5fad05eef09d613"
"4","AI & Movement","fe5e27cf9","2021-10-18","ratkosrb","Remove EventAI from Negolash.","fe5e27cf941d594d61cd035c1c44afe152677a3f"
"2","Combat & Spells","a0573b465","2021-10-08","ratkosrb","Fix cooldown for Sayge's buffs.","a0573b4658e7583842792957926cca8f8938838e"
"2","Combat & Spells","c266c6a0a","2021-10-08","ratkosrb","Fix spells used in Darkmoon Faire and Harvest Festival and assign patch to some objects.","c266c6a0a88dac4c3b82b9c76da6a8996a318df7"
"2","Combat & Spells","4294b4a82","2021-10-03","ratkosrb","Fix Volatile Infection causing Old Murk-Eye to re-enter combat.","4294b4a82558d4a67fb402adde5e4952ada28595"
"2","Combat & Spells","004e4e3df","2021-10-02","ratkosrb","Force root state when using TotemAI.","004e4e3df7243cb58c4d99c482d2c0fd06bdb6f7"
"5","General Systems","e6a826004","2021-10-01","bladez","Remove bad attempt at smoothing server FPS and update in real time.","e6a8260044e0b7a1e1769f309eda7d321ded01ff"
"5","Encounters & World","84ef1237c","2021-09-30","Orozxy","Rework the Game of Towers event (EPL PvP) (#1284)","84ef1237c44f177e215fe3e498fa3413f1428e2e"
"5","General Systems","fdc46ca15","2021-09-29","ratkosrb","Add integrity check hashes for all vanilla clients.","fdc46ca15c99efc122b604c30694c0f288a8b8d9"
"4","AI & Movement","9987e8d94","2021-09-28","ratkosrb","Unassign EventAI from Void Zone.","9987e8d9402a3ac57482b77d7511b239fdaa340a"
"5","Encounters & World","e3233aa5d","2021-09-28","ratkosrb","Prevent abuse of valves for quest Samophlange.","e3233aa5d340cf0637455758e967f33b8c357857"
"5","Encounters & World","d09c36134","2021-09-27","ratkosrb","Send values update instead of create in UpdateForQuestWorldObjects.","d09c36134d399848e41e0627a5749d606c682186"
"2","Combat & Spells","4752f8816","2021-09-26","ratkosrb","Fix Detect Amore aura.","4752f8816e95a4fb129a0c470ca60f690b0b3740"
"5","General Systems","c743c7936","2021-09-26","ratkosrb","Fix guid conflict.","c743c793686a29d9daaf5fab4bed799358db8d08"
"4","AI & Movement","e3759c5dd","2021-09-26","Orozxy","Rework the Love is in the Air event (#1268)","e3759c5dd5b065071ddf49f9d89394e4dd58e49e"
"2","Combat & Spells","7febbad6b","2021-09-24","ratkosrb","Implement Prevent Anim spell attribute and unit flag.","7febbad6b890ccd5f8881afa3bcca05dadb7e380"
"3","Bounds & Exploits","9f10981f4","2021-09-24","ratkosrb","Fix gcd exploit.","9f10981f4200359862c3aebc18a146da1f2badce"
"2","Combat & Spells","3860bbaad","2021-09-21","ratkosrb","Make bots prefer items that have their primary stat.","3860bbaadf87712c43e559b67b4b57f03e33fca4"
"1","Crashes & Security","b4d39b529","2021-09-19","ratkosrb","Remove wrong change to language.","b4d39b5294f7b62c02b9808f86e2c674d22ae6d3"
"5","Encounters & World","5d32d1f79","2021-09-19","schell244","Scarlet Monastery: convert script texts to broadcast texts (#1337)","5d32d1f796654d191176732bb171b49063d6e7e4"
"4","AI & Movement","6b4dec4bf","2021-09-19","alexkulya","Added missing trainer greetings (#1253)","6b4dec4bf5343f212ad33d60ec473e33b7e66212"
"5","Encounters & World","026606d54","2021-09-19","Orozxy","Rework Midsummer Fire Festival Event (#1250)","026606d540782355e3142cba0a1319fe81476ad4"
"5","General Systems","619be9817","2021-09-09","GrenderG","Some fixes for EquipRandomGearInEmptySlots. (#1324)","619be9817dbaa311e9d881d9c0f9b1fe51b9cebb"
"5","Encounters & World","18839e1a5","2021-09-07","schell244","Restrict quest party accept to players which are in the same map (#1320)","18839e1a5a931224b08aae0f2d5a6197cf0b0d52"
"4","AI & Movement","07028fae9","2021-09-07","schell244","Remove combo points on a creature when it evades (#1321)","07028fae9c13a2c14e0ec72f716ae38984341b9d"
"2","Combat & Spells","3acee95d2","2021-09-05","ratkosrb","Implement Threat Only On Miss spell attribute.","3acee95d2e3256a6ea1398ef1d079a78c4a7493c"
"2","Combat & Spells","f5f4ce486","2021-09-05","ratkosrb","Make player enter combat instantly upon launch of delayed explicitly targeted spell.","f5f4ce486292b0ba80e1d38fbaa205955a094b8c"
"2","Combat & Spells","d50a6a050","2021-09-05","ratkosrb","Fix spell attributes No Initial Threat and Suppress Target Procs.","d50a6a050f31bdd222047e75fec015e16c5604ee"
"2","Combat & Spells","f26d39b27","2021-08-28","killerwife","Spell: Fix implementation of resistance percentage mods wrongly altering unitfields.","f26d39b2772553124618608ff157121ab70acb4a"
"2","Combat & Spells","73cab4e5a","2021-08-27","ratkosrb","Don't enter combat when casting Arcane Missiles.","73cab4e5a2aba6cc38d5e42afae2b54220da82e7"
"5","General Systems","47b682533","2021-08-26","ratkosrb","Add correct pre 1.3 areatrigger text for Dire Maul entrance.","47b6825336bda091b6fac353cb15808e9f29e82a"
"2","Combat & Spells","17c344042","2021-08-25","ratkosrb","Don't trigger weapon procs on self.","17c344042972314b0b1e93b0bfc0f284ea805afb"
"2","Combat & Spells","64e3f21d6","2021-08-25","ratkosrb","Trigger weapon procs on any weapon based spell.","64e3f21d610a4177d7c448853c90444eaa90a196"
"5","General Systems","beadaf8d8","2021-08-25","ratkosrb","Fix some items breaking stealth when they shouldn't.","beadaf8d824fad86e2a3c2373b31b768e3a45102"
"1","Crashes & Security","dafa35e76","2021-08-24","ratkosrb","Remove forgotten change.","dafa35e76d407b8536db0e4292676badcd2395af"
"2","Combat & Spells","1503eae9c","2021-08-24","ratkosrb","Rename and implement all aura interrupt flags.","1503eae9cb3ca03b20c60f2320ad4b90827d2350"
"5","General Systems","b50cb732c","2021-08-24","ratkosrb","Fix value for slow cast speed mechanic used in db.","b50cb732cdaebe4589b23c48a422e325e541a2e1"
"5","General Systems","9216ef051","2021-08-23","ratkosrb","Fix issues with Aurius if he dies during the fight.","9216ef0513475c8fe2b8eb94e94121352a04717e"
"2","Combat & Spells","95db1b640","2021-08-23","ratkosrb","Add forced cooldown on using instant spells during mind control.","95db1b640c1abb7e804fb3e7b2682912e412186e"
"5","General Systems","4516e62f4","2021-08-23","ratkosrb","Fix two issues in Molten Core.","4516e62f46e4a62ce2cac69534d519dec99f610c"
"4","AI & Movement","eef543dc1","2021-08-23","ratkosrb","Prevent temporarily spawned chests that contain group wide quest items from despawning on loot.","eef543dc1346c35b731ca7f3f9e8bd31bc58b73b"
"5","Encounters & World","d29ecdb1a","2021-08-23","ratkosrb","Delete temporarily spawned gameobjects after they despawn.","d29ecdb1af11118cb8fed9874d9a673dbd7a8678"
"5","Encounters & World","b8dd2d885","2021-08-23","ratkosrb","Fix small issues with quest The Annals of Darrowshire.","b8dd2d885afbb7db8eb1c4de4d7c53e6e0605498"
"5","General Systems","310dc0f77","2021-08-23","ratkosrb","Fix duration of Intimidating Shout.","310dc0f775bd586f8ec626e27ef7da7970fca4b6"
"4","AI & Movement","daaa55b5f","2021-08-23","ratkosrb","Prevent gaining weapon skill while shapeshifted.","daaa55b5f7b335b2cf221a2fdabbcd143232b7ba"
"2","Combat & Spells","57cefff35","2021-08-23","ratkosrb","Update spell proc flag names.","57cefff35fd6340dfce6d04e59a22379103eef6d"
"2","Combat & Spells","09849a128","2021-08-23","ratkosrb","Fix Wyvern Sting not being removed on taking damage.","09849a1283e1787882dbc96ad2e94674fb76af59"
"1","Crashes & Security","61d328822","2021-08-21","Warlockbugs","Fix unable to turn in quests with required items after crash.","61d328822d6591b21bc7b1639066afc798dbb505"
"1","Crashes & Security","24bc69fa7","2021-08-21","ratkosrb","Make sure creature equipment is reset when changing entry.","24bc69fa74992e3370e22a203189a1723f849dfa"
"5","Encounters & World","1f6a8c203","2021-08-20","ratkosrb","Allow dwarf non-priests to take the MC attunement quest.","1f6a8c20355acee28cbd471c111607ade5671f2b"
"5","Encounters & World","1743a8c31","2021-08-20","ratkosrb","Fix quest The Battle of Darrowshire before patch 1.4.","1743a8c314e6c18c9ad9f1faac0cd38d5a3eaca4"
"2","Combat & Spells","4ba6aa573","2021-08-20","ratkosrb","Do not consume Elemental Mastery if spell did not crit.","4ba6aa573c3afd4ebb82e11baa0b2c5959eb8d40"
"2","Combat & Spells","c7d85647f","2021-08-19","ratkosrb","Fix incorrect handling of float subdamage in SMSG_ATTACKERSTATEUPDATE.","c7d85647f7f5331ce63c81facf8f2821748807b1"
"5","General Systems","5591fba53","2021-08-14","Drak","Fix pre-1.12 bracket breakpoints (#1309)","5591fba5315c48f0c8aaafe366ff7a1ddb443ad8"
"5","Core Architecture","410df0866","2021-08-13","ratkosrb","Remove wrongly added code to Player::SetRestType.","410df08669549f26c98710defeee3412de427b0b"
"2","Combat & Spells","aa50cc391","2021-08-10","ratkosrb","Fix water breathing aura stacking issue.","aa50cc391a2f890d8157d93e63fcda9d1b8e077f"
"5","Encounters & World","fc9afd11d","2021-08-10","ratkosrb","Remove unused core script for Thadius Grimshade.","fc9afd11d7eb74412ecf64b0470e0fead799f903"
"5","General Systems","60c805730","2021-08-06","δåÇδª░","Fix Linux build","60c80573057d6c6c1daee665b96b4ef78235d417"
"5","Encounters & World","021a08964","2021-08-05","Alex Johnson","Add quest progress and completion translations for French and German (#1299)","021a089644d8cd1883de1e52cd7db1a95e9c2bca"
"4","AI & Movement","9e2da1bd7","2021-08-05","ratkosrb","Add packet logging option to movement anticheat.","9e2da1bd72eda46cfa2f9378afcaf66bc33028d7"
"5","General Systems","a83040d89","2021-08-05","ratkosrb","Make multi jump and wall climb checks more aggressive.","a83040d8974c1bfc4a6585f35e059407ffcb82cc"
"5","General Systems","cdda3be02","2021-08-04","NickTyrer","Correct Respawn Times For Firecrackers (#1298)","cdda3be02a1673620b622de20e5051f04910392c"
"5","General Systems","32ec9008e","2021-08-04","ratkosrb","Correct despawn time for lunar festival firecrackers.","32ec9008e0dffbec1ff1bcac60517da5562c84d0"
"5","Encounters & World","40e49ec3b","2021-08-04","ratkosrb","Add script to despawn lunar festival firecrackers.","40e49ec3b5c95178e74b2e9ae54e97bea8ba033b"
"5","General Systems","35392f94d","2021-08-04","ratkosrb","Fix SMSG_DEFENSE_MESSAGE opcode.","35392f94d5da5b47d0727da15127ea6471c703e3"
"5","General Systems","580c7f8ff","2021-08-04","ratkosrb","Fix pre 1.11 build.","580c7f8ffa2bb7df0e74d80bba8de63b310722b1"
"5","Core Architecture","c228b4309","2021-08-03","ratkosrb","Add a way to send defense messages to map.","c228b4309c7193b3275958703072e45ab3ff01f6"
"4","AI & Movement","09387bc04","2021-08-03","NickTyrer","Improve the Darkmoon Faire Event (#1235)","09387bc0492f0f6fd4e21f1d556edc413cd3f2c8"
"4","AI & Movement","5e3b67bc2","2021-07-31","ratkosrb","Add an extra point in Kaya Flathoof's path.","5e3b67bc2959cea9abb94769e1d9142b687c7950"
"2","Combat & Spells","cbf550b88","2021-07-31","ratkosrb","Remove duplicate world state update command.","cbf550b889c43cf2ba99145beb88df734f6cc8c5"
"5","General Systems","84a9498fe","2021-07-31","Orozxy","Fix Necropolis despawning mechanic (#1292)","84a9498fe42b79eb429e92434dbba9aa534bb206"
"5","General Systems","abcff7f07","2021-07-28","ratkosrb","Correct name of Black Tabby before patch 1.6.","abcff7f07a6695dff5caf1341194cd0ec25d8671"
"5","General Systems","7ccd6ec05","2021-07-21","ratkosrb","Fix revision hash not being saved to uptime table.","7ccd6ec05f2de79bd28d294bb58bc42642207e3d"
"4","AI & Movement","800368121","2021-07-19","ratkosrb","Movement: Rename velocity to zspeed to better reflect its purpose.","800368121e48615884a483706dee185b4e40bbe5"
"5","Encounters & World","c9befc341","2021-07-17","Orozxy","Correct duration of Scourge Invasion events (#1278)","c9befc34175ce9493e1de8966b728bf7842262c9"
"4","AI & Movement","a80971c8d","2021-07-14","ratkosrb","Check if pet can turn instead of target.","a80971c8de4bc4dadd9bef7ab0fe4d53f87cc47c"
"2","Combat & Spells","ac0b04944","2021-07-14","ratkosrb","Fix talents that reduce cooldowns of pet spells.","ac0b0494469ebd7923115d51a576515c7398465d"
"4","AI & Movement","067669e2d","2021-07-14","ratkosrb","Refactor pet cast handler.","067669e2dfc764bc00ca2f710dd9afa465d710ad"
"2","Combat & Spells","1a35a5a00","2021-07-13","ratkosrb","Add spell lists for Den Mother and Thistle Cubs.","1a35a5a00743fd59ecc3cfdae02e09f154f826d8"
"2","Combat & Spells","16fca0aeb","2021-07-13","ratkosrb","Fix weapon switch global cooldown.","16fca0aeb1a0177800b8ad1178cd060f1f0b9be4"
"2","Combat & Spells","d1530259e","2021-07-12","ratkosrb","Add missing spells to Darkshore and Ashenvale mobs.","d1530259ee74d4921b2f1919e4f4c314e67029c2"
"1","Crashes & Security","f6db548dd","2021-07-12","ratkosrb","Fix crash when passing nullptr target to CastSpell.","f6db548dddb2bfe140ca809944e4d673d09148e9"
"5","General Systems","1b6a2e7a4","2021-07-12","ratkosrb","Correct some page texts based on cache data.","1b6a2e7a41bfd77cc4fc0a2ba526f42088c3aa4a"
"4","AI & Movement","4084315da","2021-07-06","ratkosrb","Prevent partybots from getting stuck in idle movement.","4084315dac0d85dbc33bbda197f3add193bb1eca"
"5","Encounters & World","0be33d642","2021-07-04","ratkosrb","Move elevator transport map to transport manager.","0be33d64297fa859752beca6f39bc39fe6bd580e"
"5","Encounters & World","72b22aa36","2021-07-03","ratkosrb","Prevent partybots from breaking CC with AoE if target is marked.","72b22aa3616555d79718aab561e9828280d039c5"
"5","General Systems","0c89cd776","2021-07-03","ratkosrb","Fix a compiler warning in battlebot waypoints.","0c89cd776fd2ce1aef38965860f48ef11632130b"
"5","Encounters & World","e776319fc","2021-07-03","ratkosrb","Send all elevator transports to player upon add to map.","e776319fc455e68eb707bc197bfb42f49f235276"
"4","AI & Movement","f85fdfcb4","2021-07-02","ratkosrb","Make partybots assist their pets.","f85fdfcb4ef71713be4591fdf4986f8529f0045a"
"2","Combat & Spells","2cea02a35","2021-07-02","ratkosrb","Reset partybot spell data on learning new spells.","2cea02a35165752a849eb463a5b427862b08973c"
"5","Encounters & World","889bb511b","2021-07-01","ratkosrb","Fix quest complete speells before 1.12.","889bb511b3564b387ac5d347f1b6bb39d3ffa8f5"
"5","General Systems","e378b9264","2021-06-28","ratkosrb","Correct stealth detection calculations to match classic measurements.","e378b92641a66d5da45a31154f81431fedd63d60"
"5","Core Architecture","bc977a782","2021-06-24","ratkosrb","Fix queries in player dump commands.","bc977a782b2927fd0ec33e804a302d470f09f4a1"
"5","General Systems","185b05c05","2021-06-23","stfx","Fix detecting a few indoor locations in 1.12.1","185b05c05211cc81577338cd54531b6e08b97db1"
"4","AI & Movement","85691e34a","2021-06-23","ratkosrb","Use pathfinding when returning pet to stay position.","85691e34a762ec9f20ebb75f018cdbfb8ca4302a"
"4","AI & Movement","7aaa9c34d","2021-06-22","ratkosrb","Refactor BuildMovementUpdate and fix elevators in pre 1.9 clients.","7aaa9c34d653a8b54b9ec8f6a1fd757ff610af32"
"1","Crashes & Security","5dd6f8b46","2021-06-22","ratkosrb","Fix a possible crash in HandleMoveTimeSkippedOpcode.","5dd6f8b4603361a4f49163e110cfdf2d8614b7d6"
"4","AI & Movement","9715f1c62","2021-06-22","ratkosrb","Prevent assisting againt player outside of visibility range.","9715f1c62487041b436562b1edd3fe634cf4a071"
"5","Encounters & World","3b1a1bb38","2021-06-22","VladimirMangos","Fixed money reward for max level and repeatable quests","3b1a1bb38364202678f5f017b70022b21b1c5334"
"4","AI & Movement","62df7b48e","2021-06-21","ratkosrb","Make warlock bots send their pet to attack.","62df7b48eb622344b18913708d3d06701ff55073"
"5","General Systems","7ab296fa6","2021-06-21","ratkosrb","Fix another migration error.","7ab296fa6046ffdc67d0eebdba4db62a4b748035"
"5","General Systems","26b88d59b","2021-06-21","ratkosrb","Deviate Guardian and Sunscale Screecher should call for help.","26b88d59b9be0527931f1ec3ada366f673898327"
"1","Crashes & Security","6d836a5de","2021-06-21","ratkosrb","Make sure druid bots leave form if their role is changed to healer.","6d836a5dec49e5c3cad18c8c801827b2cb2a3a4f"
"5","General Systems","26e1c8935","2021-06-20","Ariel Oak","Fix build for pre 1.9 clients (#1240)","26e1c89352f09f0d5d2eada97d60bfbe49689e9c"
"5","General Systems","6ab5a4dcf","2021-06-20","ratkosrb","Fix new characters starting with rested xp.","6ab5a4dcf4c66a8fe14f0a959527e683b42d4cd6"
"5","General Systems","8be9786b1","2021-06-20","ratkosrb","Fix conditions for bots to use Heroic Strike.","8be9786b14916340e4ec72ae2009db5de815eff7"
"5","Encounters & World","8a5614748","2021-06-20","ratkosrb","Remove obsolete comments for Update Entry script command.","8a56147489e84173d54ad2c8fae36de28ddcc7de"
"5","Encounters & World","0bada1e29","2021-06-20","ratkosrb","Add random gameobject target type.","0bada1e297f15702397a9fb9018dc6b49db77cc9"
"2","Combat & Spells","79efe80ae","2021-06-19","ratkosrb","Do not interrupt channeled spells on interacting with gameobject.","79efe80ae39d94a5e52b71179583509b1df75899"
"5","General Systems","2f1ee8a65","2021-06-19","ratkosrb","Correct data based on cache.","2f1ee8a65a6eaec6f5cd25b4906913aca1d2566e"
"5","Encounters & World","ba35193f7","2021-06-18","ratkosrb","Add missing fake transport check and fix middle car in deeprun tram.","ba35193f7cbd879ee6eca55cc6a1c6bb4cf9f0c2"
"2","Combat & Spells","29024150f","2021-06-18","ratkosrb","Add missing removal of auras on interact in a few places.","29024150f7492eb7d6eaadd279b0b1f0b629fe7f"
"2","Combat & Spells","3f3f190f0","2021-06-18","ratkosrb","Add missign spell interrupt flags and rename existing ones.","3f3f190f028f0648ae7f714bcb1323c5da6338bb"
"5","Encounters & World","6bf7401bd","2021-06-18","ratkosrb","More refactoring to transports code. (#1227)","6bf7401bd47d40d6fd54b65e9f9d4b5b394bf54a"
"5","General Systems","dd101b872","2021-06-14","ratkosrb","Fix wrong target for Tame Ice Claw Bear before 1.12.","dd101b872f461a6a03276f75781305bc49404dc1"
"5","Encounters & World","f1567deab","2021-06-14","ratkosrb","Fix position of Velinde Starsong for quest The Scythe of Elune.","f1567deab746ff8bfb745296c53923389f5d0066"
"5","General Systems","cacef79f1","2021-06-12","ratkosrb","Improve Buru the Gorger's phase transition.","cacef79f1baa5d57e296c179022453eb6a9f448a"
"5","Encounters & World","ab6238243","2021-06-12","schell244","Fix loot for Slimy Bag, Oozing Bag and Scum Covered Bag (#1216)","ab62382433a369ccc795739ac8f4295096c19e9f"
"5","General Systems","edfe11d04","2021-06-12","ratkosrb","Fix issues with Nefarian.","edfe11d046b9a56cd8d1c2afd4c4aff3c2f3248e"
"4","AI & Movement","35600c40f","2021-06-11","ratkosrb","Fix mind control movement in old clients.","35600c40fff1db21d9fb142315b64a43c1439cd8"
"4","AI & Movement","1b3e1b594","2021-06-10","ratkosrb","Allow party bots to follow player on transport.","1b3e1b594056274c18e827dc7b4c1706f1e846ba"
"5","General Systems","35911ef91","2021-06-10","ratkosrb","Small improvement to Shaman, Rogue and Priest bots.","35911ef91cc493ede52dc787f907ce4838f78544"
"2","Combat & Spells","545c35214","2021-06-10","ratkosrb","Remove spell mods for Mind Flay.","545c35214ac6c400558b11d45978cf1dda4939e7"
"2","Combat & Spells","8cd6defb4","2021-06-10","ratkosrb","Move AuraSaveStruct definition.","8cd6defb4c57ee8650d262a6cf6f13ebc4c3cd5f"
"5","Encounters & World","dc3d8cea4","2021-06-10","ratkosrb","Relocate player to transport's map on login.","dc3d8cea4c18fcedec467d742f5e3031e0b87c74"
"4","AI & Movement","5af5b4853","2021-06-10","ratkosrb","Add distance check for movement on transport.","5af5b4853da03715a900837427d113a97059c2f2"
"5","Encounters & World","0c2ee9921","2021-06-09","Orozxy","Reimplement the Scourge Invasion event. (#1204)","0c2ee9921731ea4b5a710fc77001db233df80709"
"5","General Systems","290980c8e","2021-06-09","ratkosrb","Update all character database tables to use lowercase column names.","290980c8e50daf27785edab31980b334fef03e13"
"1","Crashes & Security","55741f4ce","2021-06-07","ratkosrb","Change starting energy to 100.","55741f4ce152f387c538d03ce873e64e0eb9954b"
"5","Encounters & World","b106619ab","2021-06-07","ratkosrb","Improve description of Player::Create.","b106619ab7f508083b11069ce0bce785c5657dae"
"2","Combat & Spells","45836c24b","2021-06-07","ratkosrb","Correct stats of Living Flame and fix auras and regen of creature guardians.","45836c24bbaf7ae7ab6615b27b53a1809893b064"
"2","Combat & Spells","926e47f16","2021-06-06","ratkosrb","Don't cast learned spells during character creation.","926e47f1649b59f12954c383962bc25818c9a5f5"
"5","General Systems","cae13812c","2021-06-06","ratkosrb","Fix build for old versions and add chinese 1.6 versions.","cae13812cc3c36856c40e2aa7b78a1e229894a19"
"2","Combat & Spells","6408dc1e2","2021-06-05","NickTyrer","Correct Spell Effect for Spell Mistletoe (#1213)","6408dc1e269e4a3b220ee857cb5b2eb7af52bce0"
"5","General Systems","986e1939f","2021-06-02","GrenderG","Fix GNU/Linux build. (#1210)","986e1939f85fc69dc3d09eeac17f41d0cd10e32a"
"5","General Systems","a41f527df","2021-06-01","alexkulya","Fixed compilation with anticheat (#1209)","a41f527df2171035c3d8f3492516020aae4be0e0"
"5","Encounters & World","c540bbbfd","2021-06-01","ratkosrb","Remove Headless Horseman script file.","c540bbbfd2bf3978dc8cf200c115533e8f0031d6"
"2","Combat & Spells","65210cda3","2021-06-01","ratkosrb","Rename member variables and add enum for player rest state.","65210cda344666c94097fce46be6f1cd6b265a97"
"4","AI & Movement","39afde530","2021-06-01","ratkosrb","Implement pathing on elevators and improve extractors. (#1206)","39afde530776efe041d58f8c2ff5532da74c0799"
"2","Combat & Spells","2368e0470","2021-05-30","ratkosrb","Check if player has hostile reference for creature before removing from threat list when leaving visibility range.","2368e0470ce2b22d1c527172ab48c7cf4660c81d"
"5","Encounters & World","373845aca","2021-05-30","ratkosrb","Add Belfry Bat spawns to Hourly Bells event in Brill.","373845acac72dad03cf25c8ce587ee675a0bdd64"
"5","General Systems","ac5707309","2021-05-28","ratkosrb","Fix issues with Hurley Blackbreath.","ac57073094f7ea0f0b16fdc3afec2ecc876efd5e"
"2","Combat & Spells","2de058e82","2021-05-28","ratkosrb","Triggered dot aura by Wyvern Sting should be a debuff.","2de058e827311e14b2a00266acca7f11ede39525"
"5","General Systems","ec36159ff","2021-05-25","ratkosrb","Move more Copper Vein spawns to correct pool.","ec36159ffb73995f10d87ffae5d61c70f1f82bd8"
"5","General Systems","b6badb9dd","2021-05-25","ratkosrb","Move some copper veins to correct pool for zone.","b6badb9dd611c8912b6998faf70df9bb66dd75b0"
"1","Crashes & Security","816fd0774","2021-05-25","GrenderG","Remove bots if the original leader changed and it's not in party anymore. (#1195)","816fd0774b11a0e13d955eb9209f121b7699ff0a"
"2","Combat & Spells","fee640f56","2021-05-25","ratkosrb","Make hunter bots cancel feign death once threat is gone.","fee640f562886df3a2c69e9e615846b391bd11eb"
"5","Encounters & World","76d60488e","2021-05-24","ratkosrb","Use Reset Button command in Vorsha the Lasher script.","76d60488e0011f26d1c9b91968340e01b084ad51"
"1","Crashes & Security","06c4945ad","2021-05-23","ratkosrb","Fix buyback slot items not displaying properly after map change.","06c4945ad27d718f9e611878f15e7c8052c9b765"
"4","AI & Movement","3c979104e","2021-05-22","ratkosrb","Add option to react to any unit in LoS in EventAI.","3c979104e0942962a7f589143d951aad31696d6b"
"4","AI & Movement","19dea3dde","2021-05-22","ratkosrb","Add missing texts for quest Freedom for All Creatures.","19dea3dde97710967d8f5fd7e4458f15072dbeb1"
"5","General Systems","5861be8bc","2021-05-22","ratkosrb","Fix Curgle Cranklehop's gossip menu.","5861be8bc3495f2046603b0e5adb61bed54dae40"
"4","AI & Movement","dbfb07270","2021-05-22","ratkosrb","Make sure mobs attacked by Guardian Pet are tagged for owner.","dbfb07270c72fad63fe71d565bfb7bc9f9a2cfa1"
"2","Combat & Spells","b3a8a89fe","2021-05-21","ratkosrb","Correct wrong spell ids in creature scripts.","b3a8a89fe34c42be970473844a4543f42a48ea79"
"1","Crashes & Security","e354d5850","2021-05-21","ratkosrb","Revert changes to Thrash spell id.","e354d585031bea0775996535e98dd3426757b776"
"2","Combat & Spells","ad64a9600","2021-05-20","ratkosrb","Use signed ints for periodic aura timer.","ad64a9600306c393d209ed72563f8888923177bc"
"5","Encounters & World","75d3992d3","2021-05-20","ratkosrb","Convert more doubles to floats in uldaman script.","75d3992d35efd9b57bb8a994447582bc58c746db"
"4","AI & Movement","d3f73bf2b","2021-05-20","ratkosrb","Remove useless creature addon entries.","d3f73bf2b26efd57ea3393efe4de2d074963253e"
"2","Combat & Spells","0133c2693","2021-05-20","ratkosrb","Add separate area aura type for creature groups.","0133c26930d13d120b8bd8851a328b337a13c696"
"5","General Systems","ac4de5685","2021-05-20","ratkosrb","Initialize update field flags array in place.","ac4de568592bc3783381112d7c6d198d71e83ee3"
"5","General Systems","b93fdf101","2021-05-19","ratkosrb","Fix another migration.","b93fdf101e2397b53f9213ea857dfd80269db906"
"5","Encounters & World","9b0c0427d","2021-05-19","ratkosrb","Correct texts and emotes for many quests.","9b0c0427d15f1814d112d6d53d7c062adb2b2f61"
"5","Encounters & World","359aa9531","2021-05-19","schell244","Add coin loot to fishing trunks (#1196)","359aa95314605854b4cb1b876e0c444b3e6bdd88"
"2","Combat & Spells","44312c3b7","2021-05-19","GrenderG","Fix damage and armor of starting mobs. (#1193)","44312c3b79b5eca94d613ec056da41bb0dce8071"
"4","AI & Movement","e349565ac","2021-05-19","GrenderG","Add field names for SMSG_PETITION_QUERY_RESPONSE. (#1192)","e349565acb8a358aa021fa0b23090f4626fd72d3"
"5","Encounters & World","dd8843cc2","2021-05-19","GrenderG","Reworked Norgannon events and removed wrong spawns. (#1190)","dd8843cc27ff2cae30f28f961238832c881f54ac"
"2","Combat & Spells","67c58acd5","2021-05-17","ratkosrb","Define targets for Ashbringer aura.","67c58acd53efe9552c43457ae87e36f24cea2d2a"
"4","AI & Movement","ae38ef93a","2021-05-17","ratkosrb","Fix Improved Drain Soul.","ae38ef93afc295e4ea283257a23aabc655c9a54e"
"5","General Systems","3f848afc2","2021-05-16","ratkosrb","More Giant Clam fixes.","3f848afc257371849c018ea27fad9b5e3f34bd21"
"5","General Systems","a5567ba37","2021-05-16","ratkosrb","Fix duration of SummonDemon effect.","a5567ba373de4378b8864317d075fa52c552de3d"
"4","AI & Movement","6365a5ca3","2021-05-16","ratkosrb","Don't initialize movement generators if creature is dead.","6365a5ca3a98987361851eb7ce0878119ff68398"
"3","Bounds & Exploits","2642fe034","2021-05-16","ratkosrb","Fix Garr respawn exploit.","2642fe0341ea269a1d5de4f7cf50cab02bc0865d"
"5","Encounters & World","3bd26c93b","2021-05-16","ratkosrb","Fix double to float conversion warnings in STV scripts.","3bd26c93b1de6ebe537905d2570096067f84e30a"
"2","Combat & Spells","ab61aacc5","2021-05-16","ratkosrb","Fix Ruthlessnes talent when proc delay is enabled.","ab61aacc5c02fe3961df8f619c9812768851ce0e"
"4","AI & Movement","b96a47ce7","2021-05-15","GrenderG","Small improvements for Tooga's Quest escort (#1189)","b96a47ce719ca963ff72ca9e93fc958551e9a3e0"
"5","Encounters & World","69cf22f8b","2021-05-15","GrenderG","Add missing reward text for deprecated quest The New Horde. (#1187)","69cf22f8b5363f9e00bc8811250b03b9c1d8788d"
"4","AI & Movement","8c74339b9","2021-05-15","GrenderG","Jer'kai Moonweaver should only be a quest giver. (#1186)","8c74339b90a7210ae09ede850e162fb205ed8603"
"2","Combat & Spells","5e0636e36","2021-05-15","GrenderG","Fix Plagued Warrior's Cleave spell and make Crypt Guards stunnable. (#1185)","5e0636e363e4652c6043e98c8dc6d4d162552c0f"
"5","Encounters & World","b2625407f","2021-05-15","schell244","Use broadcast texts in STV fishing tournament script. (#1177)","b2625407ff7871892d8bba8b090f1bfe24cb5cee"
"5","Encounters & World","80bc8c4a0","2021-05-15","GrenderG","Fix gender text of quest 724. (#1172)","80bc8c4a0a97cde1681d92ecd35cf6e5d2767a02"
"5","General Systems","9e504cfd8","2021-05-15","GrenderG","Fix Blue Pearl drops (#1167)","9e504cfd8c3714363d53e87e335018a05ff1aa55"
"5","Encounters & World","0977f829b","2021-05-15","GrenderG","Fix more quest completion issues. (#1160)","0977f829b7c730041bda74271a2b503a21786383"
"5","Encounters & World","bf1ae8b96","2021-05-15","GrenderG","Add skinning loot table to Drywallow Vicejaw #1144. (#1153)","bf1ae8b96fad7c6ea4760827a4a925db6dd1eef0"
"4","AI & Movement","f2c159b37","2021-05-15","GrenderG","Make Ouro follow content patch progression. (#1151)","f2c159b37a3ae1cf36f5fcac7823ba8585f329e0"
"5","Encounters & World","60dc6803c","2021-05-15","GrenderG","Heart of Hakkar mini event fixes. (#1149)","60dc6803c08ae3d1bb147261c04055f5fa47c998"
"4","AI & Movement","a910a6b90","2021-05-15","ratkosrb","Poison Water and A Bundle of Hides quest chains should be Tauren only.","a910a6b90612e20ffd2ecb065f683103503044ee"
"5","General Systems","c2ee11702","2021-05-13","ratkosrb","Don't expose the raw update fields data.","c2ee11702c1258f017bf9f594f165769942acf04"
"5","General Systems","d50741fb9","2021-05-13","ratkosrb","Implement update field hiding based on flags.","d50741fb9a6e6a5044634e6a51f5188b5fd4702a"
"5","Encounters & World","2d2467c3b","2021-05-11","ratkosrb","Fix wrong quest id for A Donation of Wool.","2d2467c3b4730aa546d089af7b4798bec9496a97"
"5","General Systems","6c8f580f6","2021-05-10","ratkosrb","Fix hunter traps not triggering in FFA case.","6c8f580f6e45154079e0294c6e24af219d6db9a8"
"5","General Systems","c855f3129","2021-05-10","ratkosrb","Fix a typo in variable name.","c855f3129790db945e1d7c6aa63e82357ae6a7b1"
"4","AI & Movement","1066199a3","2021-05-10","ratkosrb","Fix signed unsigned mismatch warning in weapon skill gain code.","1066199a361a7e22820cbaf56c5d97a0993d0c4b"
"4","AI & Movement","d9c40e003","2021-05-10","ratkosrb","Rename beast family to pet family.","d9c40e003758e71cef9422ff0622452759bc67ca"
"5","General Systems","e5eff38ee","2021-05-09","ratkosrb","Fix The Unforgiven in Stratholme.","e5eff38ee8bfec6545459510555b57564f927b79"
"2","Combat & Spells","8057e0e22","2021-05-05","ratkosrb","Don't prevent positive spells on immune targets.","8057e0e22da05e09aa25bbc065c387b9e34efe61"
"5","General Systems","d9ffe46c9","2021-04-30","schell244","Fix possible defence skill increase by two points (#1176)","d9ffe46c9d27a861f246fed752b9d4986eb944f2"
"5","General Systems","69ef43548","2021-04-30","ratkosrb","Correct some packets to vanilla.","69ef435485a68b01ecef38a8ee3c6a6f5f593000"
"2","Combat & Spells","45023b9ad","2021-04-29","WobLight","Fix weapon damage spell effect being calculated as integer (#1175)","45023b9ad6698655a1120574e91aaa3991fa7862"
"5","Encounters & World","ca6dd2f02","2021-04-27","ratkosrb","Pass ObjectGuid to ScriptsStarts instead of pointers.","ca6dd2f02dc7cf24b38a4e55db1c3ec34b8fea6c"
"5","General Systems","7394377f6","2021-04-24","ratkosrb","Rename optional header to fix cmake.","7394377f621927655b6943b539f5144faa3c566e"
"5","General Systems","8490500e8","2021-04-24","ratkosrb","Switch to optional-bare to fix VS 2015 IntelliSense.","8490500e8a2082cc1a832c424f1d855e6fa66260"
"2","Combat & Spells","b2c5ba578","2021-04-24","ratkosrb","Add intermediary SpellCaster class to hold common parts of Unit and GameObject.","b2c5ba578979c3307bc2d07318b4143b9dfa5615"
"5","Encounters & World","c5e6b8b24","2021-04-21","GrenderG","Remove wrong description text from all item locales. (#1127)","c5e6b8b240de9a553a688397099edc8c3378f85a"
"5","Encounters & World","051151e62","2021-04-21","NickTyrer","Add Misc Quest Start and End Scripts (#1140)","051151e62b5482b0e4a17aa7e6f90d26a179c7c0"
"5","General Systems","cda39a62b","2021-04-21","GrenderG","Fixes for Report on the Defias Brotherhood text. (#1137)","cda39a62bb9e47205857f28c88fcab2ba15f82b9"
"5","Encounters & World","fb63f071c","2021-04-21","GrenderG","Fix some quest issues in Duskwood. (#1135)","fb63f071cf190c4edcb645bb3b6dce7899aecaa6"
"5","General Systems","80d2d0601","2021-04-21","Orozxy","Fix the scale of Pat's Snowcloud Guy (#1131)","80d2d06011843fa0a4f6f3718112e420393e79ec"
"5","General Systems","fa9351de7","2021-04-17","ratkosrb","Fix priest partybots not buffing others with fortitude.","fa9351de7e832510309209351c17f5c53f3155ef"
"5","General Systems","45a71b7ea","2021-04-15","GrenderG","Fix Typo: DEVELOPPER -> DEVELOPER. (#1166)","45a71b7ea84b0b48ba8459c4a076d1c7133959e3"
"2","Combat & Spells","c7025d56b","2021-04-13","WobLight","Prevent negative dot damage due to sickness (#1163)","c7025d56b99529e3bfdaef5bf54243b88e52893c"
"2","Combat & Spells","782528e2e","2021-04-12","WobLight","Dither AURA_SCHOOL_ASSORB at cast rather than on assorb (#1161)","782528e2e819f892a83b5323a47e51514cab4f4b"
"2","Combat & Spells","7cdcc07d4","2021-04-11","ratkosrb","Make health and damage rates set in config apply to pets.","7cdcc07d4a0b7b7fa9f09261b8ce61e8c842ebe0"
"5","Encounters & World","7c23af3db","2021-04-11","ratkosrb","Prevent triggers in ZG from aggroing players.","7c23af3db9cdafb7063525e33adcbeb338881bc9"
"4","AI & Movement","b112e3638","2021-04-08","NickTyrer","Update Stonewatch Keep Creature Spawns and Waypoints (#1119)","b112e363862e005ce32a781867edfeefcb3431cc"
"5","General Systems","7aaba767b","2021-04-08","alexkulya","Wells Cleansing and a few other fixes (#1115)","7aaba767b33eae8dc68ab9f53aae273aa2485b9e"
"4","AI & Movement","782f35224","2021-04-08","NickTyrer","Add Bloodhoof Village Training Event (#1101)","782f352245ca0389b0d7cf2099158557a2f47ad8"
"5","Encounters & World","b335e44fd","2021-04-08","ratkosrb","Add old levels for Duskwood bossed and remove useless script.","b335e44fd85993b8813d1aec80e5df0545015dce"
"5","Encounters & World","5d9518c1e","2021-04-08","ratkosrb","Improve script for Tome of Mel'Thandris.","5d9518c1e99bde6ba5b8fa6cc68fb77758f896b7"
"4","AI & Movement","b58259721","2021-04-06","ratkosrb","Don't calculate level penalty again if bonus coefficient is set in db.","b58259721c79351faafed2f63fed62189f409ce5"
"2","Combat & Spells","95aece62a","2021-04-05","ratkosrb","Fix damage procs like Holy Shield.","95aece62a82979b82f8bb784b6ae792d13804f16"
"2","Combat & Spells","1a318d0bc","2021-04-04","ratkosrb","Don't report spell as absorbed if target died before it hit.","1a318d0bc444d8e7179b05529a8df8c2310b2f6c"
"5","Encounters & World","9fe41688a","2021-04-03","Ariel Oak","Use player's name in quest Encrypted Sigil progress text (#1150)","9fe41688a992fe6d5dddeedfcf7778685b2b9f26"
"2","Combat & Spells","28c5a74a8","2021-04-04","ratkosrb","Don't check cooldown for auto repeat spells.","28c5a74a862302bccaa84cf50bb03329c9b9714f"
"5","Encounters & World","3678a51dc","2021-04-04","ratkosrb","Destroy quest items on abandoning quest.","3678a51dc22f7b2356a371931ffac0db42742f7d"
"5","Encounters & World","4dd1adca8","2021-04-04","ratkosrb","Prevent player from running and drinking at the same time.","4dd1adca85459f8d1c34dd4a6126f8c699f5cb6a"
"5","General Systems","3ec2009dc","2021-04-04","ratkosrb","Fix build on VS 2015.","3ec2009dc09bae1be4ce52971ec52b7ead9dfcd6"
"2","Combat & Spells","2d4dc7bf9","2021-04-04","ratkosrb","Sitting player should always be crit by mobs.","2d4dc7bf935e801eff3f63ed88e770ce60ac1b2e"
"5","General Systems","95628c7e8","2021-04-03","ratkosrb","Fix defense chance and reduce weapon skill chance.","95628c7e8deb9cb24445486e57f6d6a23230e93a"
"2","Combat & Spells","aba329f57","2021-04-03","schell244","Improved formula for combat skill increase (#1043)","aba329f57ebf426e0af3e62cb55c9dd59e8531b1"
"5","Core Architecture","d5a38c8d8","2021-04-02","tonymmm1","Fix mmap directory creation under Windows (#1147)","d5a38c8d8e57434055594a8999d7bed2f1521b2e"
"5","General Systems","32ebb0a34","2021-04-03","ratkosrb","Fix banned addons on old versions.","32ebb0a345125de1d9fbebdb0e3589b4e9f5c775"
"5","Core Architecture","f73ad8150","2021-04-02","tonymmm1","Added default mkdir mmaps to MoveMapGen (#1108)","f73ad815030cfebf1336641bfddc54242c10d6da"
"5","General Systems","f7cda6eef","2021-04-02","ratkosrb","Add update fields for all versions.","f7cda6eef43a1bd3f99a1dd9b246d7d4d9c53764"
"3","Bounds & Exploits","af745365e","2021-04-01","ratkosrb","Don't use bounding radius for aggro distance checks.","af745365e9bd7f0963734510452c0ac957fb1424"
"2","Combat & Spells","720948727","2021-03-31","Velite12","Fix taunt to prevent exponential threat gains between two taunt casters. (#1132)","72094872725804c560f08428fc46ede6b3965e0f"
"2","Combat & Spells","5d7a7a079","2021-03-31","ratkosrb","Add batching for procs and delay most spell effects. (#1090)","5d7a7a07998797e0e92708ea8f8758d8e9c4c99c"
"5","Encounters & World","5c3de01a4","2021-03-31","NickTyrer","Add Justine Demalier Event (#1094)","5c3de01a499a6fa484c5ca50eb8c86f7511f0fdd"
"5","Encounters & World","c74d30395","2021-03-31","ratkosrb","Respawn all Serpentbloom gameobjects.","c74d30395a7e20b44f91d2ab5666926d58c4ad84"
"4","AI & Movement","d03eb638c","2021-03-30","ratkosrb","Correct pet xp gain logic.","d03eb638c59ad4d37dbafb3768cb7da3a88bbdc6"
"4","AI & Movement","0fe17daab","2021-03-30","ratkosrb","Add progressive class trainer lists.","0fe17daabfd94c95d27ce24b70061af9243441b0"
"2","Combat & Spells","628ca5e81","2021-03-30","ratkosrb","Pause wandering npcs when player interacts with them.","628ca5e81f0925fc0a10888778498a8404373c6c"
"5","Encounters & World","c22f3a4ff","2021-03-19","GrenderG","Fix RequestItemsText of Me Brother, Nipsy. (#1117)","c22f3a4ff9bb7a2429a0fcb37c776785d4a6a633"
"5","Core Architecture","1dbff5ae7","2021-03-19","WobLight","Vmapmanager2 destruction fix (#1126)","1dbff5ae7ce5b4de24eccd2dfb6f34f1fe77a263"
"4","AI & Movement","f31431ee0","2021-03-19","ratkosrb","Interrupt pet movement when destination is too far.","f31431ee068e9e268bd802d12603e0bb5bbf6deb"
"4","AI & Movement","ad8ef3802","2021-03-18","ratkosrb","Don't move pet when it first spawns.","ad8ef38020db837b892368d6bec41ec6d5dad1fe"
"4","AI & Movement","fe4a0ce0d","2021-03-18","ratkosrb","Don't update pet position when turning.","fe4a0ce0d7dadca927d7deabd36af4784309f932"
"4","AI & Movement","0e31e01f9","2021-03-18","ratkosrb","Add position extrapolation for pet follow movement.","0e31e01f95717169776280990655a79eca4d588a"
"2","Combat & Spells","5f61e6c2c","2021-03-17","ratkosrb","Correct more spells used by Doomguard.","5f61e6c2cac1f3f3f5b1aff362e0db9bd902060d"
"2","Combat & Spells","2f561c482","2021-03-17","ratkosrb","Correct Rain of Fire spell used by Doomguard.","2f561c4824a5f1da98c9527b1803d87f7513a299"
"4","AI & Movement","68883ad2e","2021-03-16","ratkosrb","Fix some evade issues with creature groups.","68883ad2e312a6e8920e268d53f67116abc40e88"
"4","AI & Movement","5896a8e74","2021-03-16","ratkosrb","Fix respawn issue with creature groups.","5896a8e74e8ded2340a35c204d458e3b0d602b6c"
"5","General Systems","91be65360","2021-03-16","ratkosrb","Fix Goblin Rocket Helmet and Horned Viking Helmet in patch 1.2.","91be6536091da81310ba545edc4ee2966d6789a6"
"5","Encounters & World","504ba4713","2021-03-16","ratkosrb","Fix flags for trigger npc used during The Battle of Darrowshire quest.","504ba4713dfd592bd2837072772c0f2f9310885f"
"1","Crashes & Security","32fc31e66","2021-03-16","ratkosrb","Change despawn type of Mana Surges.","32fc31e66b3ea86b97dffbeb887f049c679afa80"
"5","Encounters & World","2f230a807","2021-03-16","ratkosrb","Blasted Lands buffs from turning in quests shouldn't stack.","2f230a807138a3ce24ee9fad3526646fe9b1f020"
"4","AI & Movement","246c051a2","2021-03-15","ratkosrb","Fix some issues when pet gets feared.","246c051a2b1f85e0b1076079e0d5e97cf926e611"
"5","General Systems","7d32f6a5b","2021-03-13","ratkosrb","Correct scale of gnomes.","7d32f6a5b03ce9924d2edf2c17557886213e66cf"
"2","Combat & Spells","afb56896e","2021-03-12","ratkosrb","Correct auras used by Syndicate Highwayman.","afb56896e9d757ed6c5ebc6f925023fb956a412b"
"5","General Systems","036bb9fb6","2021-03-11","ratkosrb","Update Threshadon Fang drop locations and chances.","036bb9fb6ffa7eb743fc97144b316f398de94d13"
"4","AI & Movement","620287539","2021-03-11","ratkosrb","Add gossip menu for Fahrad and make him a trainer.","620287539d2f9d4e62cd949e06ceab08a8067bde"
"1","Crashes & Security","59f6a1435","2021-03-11","schell244","Change chat type of some BRD Arena texts to yell.","59f6a1435e68ffa6aac6a320f63818db0fb9b716"
"2","Combat & Spells","948e6c3eb","2021-03-11","ratkosrb","Fix trap spell for quest The Manor, Ravenholdt.","948e6c3eb7dc21eba3c76185c5d380146b9bf562"
"2","Combat & Spells","1ec0d26fa","2021-03-11","ratkosrb","Don't perform Create Item effect checks if spell is triggered.","1ec0d26fa1d2a307cc908d1cb7b5d25dcded9b1a"
"5","Core Architecture","2ecd2979d","2021-03-09","Gamemechanic","Fix vmap extractor on linux (#1107)","2ecd2979d2a9425e7b4233cde9588a7d901cac1f"
"5","General Systems","77773285b","2021-03-08","Gamemechanic","Update libmpq version (#1091)","77773285b8c50b6c088dd0910eb6eff048021d7e"
"4","AI & Movement","72ebfa618","2021-03-08","ratkosrb","Limit Vaelastrasz's Burning Adrenaline to Blackwing Lair.","72ebfa6182c47b1ba4e39115a7561ea39e292d49"
"4","AI & Movement","2c9ca496d","2021-03-07","ratkosrb","Preserve original path type when forcing destination.","2c9ca496d985a35201da34fb2391b84f2eee6be8"
"5","Encounters & World","e02d6af4c","2021-03-07","ratkosrb","Don't despawn Mizzle the Crafty until the dungeon is reset.","e02d6af4c3af8500a467ad7158ec1738e7be6497"
"5","General Systems","478410d4c","2021-03-05","WobLight","Fix Starshards and Curse of Agony (#1096)","478410d4cc30f94362c840ca22437213236066aa"
"1","Crashes & Security","14ff38d3b","2021-03-05","WobLight","Fix memory leaks (#1099)","14ff38d3bbe0f8ef2485aaa1266ce52aa7c41554"
"5","General Systems","4acf0e001","2021-03-03","ratkosrb","Fix mistakes in other migrations.","4acf0e001db7de2352ac4a31a29503d3c6497778"
"5","General Systems","85c105401","2021-03-03","ratkosrb","Correct some STV Fishing Tournament spawns.","85c1054011d73cc7b69097109201afbf93639758"
"2","Combat & Spells","734e9b565","2021-03-03","GrenderG","Make sure AFK status is removed before teleporting to BG. (#1088)","734e9b565bbcea60b465da45183b1d9b6a928a76"
"2","Combat & Spells","14f2ece03","2021-03-03","Daribon","Only spawn Camp Taurajo flight master in 1.6. (#1080)","14f2ece0310d3ced2d4077436a711a2aa6729d85"
"5","Core Architecture","c2445d4fa","2021-03-03","Gamemechanic","Update the vmap extractor to generate accurate vmaps for buildings (#1077)","c2445d4fafdfce23e05a195db0860d8bee1cc649"
"5","Core Architecture","1394744b1","2021-03-03","GrenderG","Removed unused map_template fields. (#1079)","1394744b11115618a96d2d2a7d8d93875bfab09e"
"4","AI & Movement","c23cfeb57","2021-03-03","Gamemechanic","Output mmap navmesh as wavefront 3d obj (#1076)","c23cfeb57c1209a3da2ca56cd060e8306b99d83d"
"5","Encounters & World","a8fb18de8","2021-03-03","GrenderG","Various fixes to AQ scripts (#1070)","a8fb18de80843a4d64fe7b00314c23d4da4f8fc4"
"4","AI & Movement","b3e816828","2021-03-03","alexkulya","Update russian trainer greetings (#1060)","b3e81682886ee07590657591841ccf6185597c47"
"5","Core Architecture","5277f404a","2021-03-03","T1ti","Add nature immunity to some lava elementals (#1042)","5277f404a6dbdc3e848c6936a2356f59b4a2d647"
"5","General Systems","dcc32285a","2021-03-03","NickTyrer","Misc database fixes (#1036)","dcc32285aeb220f075abe910dbfbc44f3d665fdd"
"5","General Systems","aad5d6924","2021-03-02","ratkosrb","Handle ack delay for teleports.","aad5d6924fb40d2c598fb4b507f71d100013003c"
"1","Crashes & Security","229a4295b","2021-03-02","ratkosrb","Use proper packets for resolving movement flag changes.","229a4295b86c1f8d18599a8cb66736549778a90a"
"1","Crashes & Security","f204b4b3c","2021-03-02","ratkosrb","Delay teleport to graveyard until client replies to movement changes.","f204b4b3cce3f063ba7532ce87cf844d882412bb"
"5","Encounters & World","fd9c1dd29","2021-03-01","schell244","Update Barrens scripts to use broadcast texts (#1031)","fd9c1dd29e3bba72079805f8999f34f968c20342"
"2","Combat & Spells","ef0f7b3b0","2021-03-01","ratkosrb","Check only Ghost aura in IsInvisibleForAlive.","ef0f7b3b07d6d071918a241e2f7a9ddcb57f8234"
"5","General Systems","b5111a3ca","2021-02-28","ratkosrb","Fix issues with The Great Masquerade.","b5111a3ca490f0729fa806977a06075ecb2de04d"
"2","Combat & Spells","64b630e1c","2021-02-28","ratkosrb","Remove cooldown preventing kodos from reacting to Kodo Kombobulator.","64b630e1c9a317b12a3bbceb724c3f962ad50591"
"1","Crashes & Security","8d0af8df8","2021-02-28","ratkosrb","Change default creature threat radius to 50 yards.","8d0af8df80f0f15abeabd6f14c8759931eaa740a"
"2","Combat & Spells","fd54b968e","2021-02-28","ratkosrb","Make players leave combat with mobs when out of visibility range.","fd54b968e19ae7b6edbb8c5a2ba8649b8f8214e9"
"4","AI & Movement","183203611","2021-02-28","ratkosrb","Refresh leash timer periodically while under crowd control.","183203611d796a4958bbd64a394728f325257cbd"
"4","AI & Movement","d1bcba215","2021-02-26","ratkosrb","Don't chase target if there is no path at all.","d1bcba215b28b13ef176e917b78c87edd5d6bd65"
"5","General Systems","1c5a652a8","2021-02-26","ratkosrb","Fix realmd for builds between 1.12.1 and 2.4.0.","1c5a652a8afe60ea839fa54ebdedcc2de51f3568"
"5","Encounters & World","0ad44aa78","2021-02-26","ratkosrb","Fix quest Questioning Reethe.","0ad44aa7803fc44e82dc2f57b46727729898a9cb"
"4","AI & Movement","6a77d5147","2021-02-25","ratkosrb","Make movement checks use current server side speed.","6a77d5147b62be974a42e0305b52d0290c782ed9"
"5","General Systems","1fb086bb8","2021-02-25","ratkosrb","Fix wrong speed being sent to client on overspeed jump.","1fb086bb8b193d2f2e9361747e7a20cc2017e0ae"
"4","AI & Movement","a10eb6f0d","2021-02-25","ratkosrb","Make sure low level pets get XP from kills in group with high level players.","a10eb6f0d06edd4b489968f24988bf8c3645afe7"
"5","Encounters & World","f83eab420","2021-02-24","gamemechanicwow","Improve quest Rise Obsidion.","f83eab4207b9c53d85ac6a59553e4cb4c7922e83"
"3","Bounds & Exploits","acc240dfe","2021-02-24","gamemechanicwow","Add missing range check to Feed Pet.","acc240dfeac4961d2558adcc7d26c6ba8804305c"
"5","Encounters & World","ce0120f5a","2021-02-24","ratkosrb","Don't allow solo player to reset instance while inside.","ce0120f5a7af2dc7c6a12c9b8295090456bcb1c4"
"5","General Systems","55f7f1adc","2021-02-24","ratkosrb","Add server side COD amount check.","55f7f1adc87795329afad8b4d2b44e9e897fe0eb"
"4","AI & Movement","65fb1503b","2021-02-24","ratkosrb","Revert ""Consider M2 object LoS for proximity aggro checks.""","65fb1503b9df3c197c828fb651872c1da9beaf43"
"5","Encounters & World","d26eafc37","2021-02-19","ratkosrb","Fix quest Screecher Spirits.","d26eafc377e0433d267fbdcb7f67a41d6840eff1"
"5","Encounters & World","dd8926f33","2021-02-19","ratkosrb","Handle running out of file descriptors on linux. (#1062)","dd8926f33e7a1548cdbd14af97855aa0c4c14182"
"5","Encounters & World","4ee22bb33","2021-02-18","ratkosrb","Improve Omen script.","4ee22bb33fb8dd4868f96f8001a4ac441e62aa1b"
"2","Combat & Spells","ba7fdf8d4","2021-02-18","ratkosrb","Health increase auras are all positive.","ba7fdf8d4914580ada23575ec303de8717a7dfd9"
"4","AI & Movement","a521c8e52","2021-02-18","schell244","Fix enemy stealth alert ignoring los (#1052)","a521c8e52b7a539bb4b87a69771be7d611cd31fb"
"2","Combat & Spells","20f210a8e","2021-02-18","WobLight","Refreshing auras should reset tick timer (#1050)","20f210a8e3a9fdac52e67847b80733e973b03755"
"2","Combat & Spells","757fa749c","2021-02-18","Velite12","Reset threat after casting Wrath of Ragnaros (#1068)","757fa749c55e8db01b36c6f22f097ea7d3eaaef4"
"2","Combat & Spells","6152e8089","2021-02-18","Velite12","Fix Might of Ragnaros Combat Bug (#1067)","6152e808926c15caf52abbe8a2e37393f415cd4b"
"5","Encounters & World","93812f5e5","2021-02-18","ratkosrb","Fix quest The Super Snapper FX.","93812f5e506a59dc84aba7dcadbb3d4cae6c7553"
"2","Combat & Spells","670f99338","2021-02-17","ratkosrb","Define proc chance for custom seal of command for seal twisting.","670f993383bc1d34211c5cad37107f3a2496bae9"
"1","Crashes & Security","37d011e61","2021-02-17","ratkosrb","Send speed update to client on resolving movement change.","37d011e6188015bf19bd79c07c46e9622b7bdf85"
"5","Encounters & World","3e1592e0e","2021-02-16","ratkosrb","Prevent Archmage Arugal from evading when target is unreachable.","3e1592e0e0806fd970a3fb90bac28ccdcd82be4d"
"2","Combat & Spells","1aa3ee97b","2021-02-15","Velite12","Add threat values for paladin blessings (#1014)","1aa3ee97b5edc0e97d009661be7947d14c8bfb42"
"1","Crashes & Security","440325b80","2021-02-13","ratkosrb","Implement changes to The Eye of Shadow and Mature Dragon Sinew drop source and chance.","440325b8024020d34eb4593b3bbc578b4b139557"
"2","Combat & Spells","47ec0fcf4","2021-02-11","ratkosrb","Clear power on death.","47ec0fcf4f348c8ca7b244c040f4ed3266d827a1"
"4","AI & Movement","9543db68e","2021-02-09","insuna","Fix Razuvious leash height (#1045)","9543db68e318955a56f3aabe02ecf16d804b0a89"
"5","General Systems","42f4a59a1","2021-02-09","ratkosrb","Improve Poison Cloud npc.","42f4a59a1150550bb97ca7769e96621c248af8da"
"2","Combat & Spells","422ba20c5","2021-02-09","ratkosrb","Move seal of command check to aura handler.","422ba20c523ff8809f37a47e591c8d4cf1b4201a"
"2","Combat & Spells","f28c2be88","2021-02-09","ratkosrb","Fix Spotlight spell.","f28c2be881467f87a60dbbace9376d7492e08473"
"5","General Systems","bf3ae8621","2021-02-09","ratkosrb","Fix dark portal migration.","bf3ae8621c88a3142023a70669eabca7b5fe8d63"
"4","AI & Movement","78821064c","2021-02-08","NickTyrer","Add misc creature waypoints (#1009)","78821064c20db686f98cf2c7e4262882972bd055"
"2","Combat & Spells","efd51cc1b","2021-02-08","ratkosrb","Define target for Dark Iron Taskmaster Death spell.","efd51cc1b5f9c2285638d794bd722e88ecba5cec"
"2","Combat & Spells","2344eb516","2021-02-08","ratkosrb","Don't proc Seal of Command if it was removed by Judgement.","2344eb516376ff7c5e7a8212766b0db5ba1c3fb2"
"4","AI & Movement","e8f44b1bc","2021-02-05","ratkosrb","Small refactoring to pathfinder code.","e8f44b1bc515c0164e83e3fc0e8a677275e537bd"
"5","Core Architecture","1974f0098","2021-02-05","ratkosrb","Guild roster privacy: send officer note only to eligible players.","1974f009833e42dd735a4521174174cc1cad4cc1"
"5","Core Architecture","72112fef5","2021-02-05","ratkosrb","Remove guild member limit.","72112fef594d4e20230c597f660eef23780f38a6"
"4","AI & Movement","9dba4ccf3","2021-02-03","ratkosrb","Another attempt to improve path to water.","9dba4ccf31b076f48163d792c5b0b4f623acf79c"
"2","Combat & Spells","d370b0a18","2021-02-03","ratkosrb","Correct bounding radius and combat reach for players.","d370b0a18c4baa910d1250863330770b1415e18f"
"4","AI & Movement","74c5f1e13","2021-02-03","ratkosrb","Don't build underwater path if start position is not in water.","74c5f1e1387f520e96cd3a4bb3409eec295d4e4f"
"2","Combat & Spells","c82d2f41d","2021-02-03","ratkosrb","Allow damage shields to benefit from damage done bonuses.","c82d2f41dc6863744d67ca3eecb7ceb6d636d9f6"
"5","Core Architecture","dde7d78e9","2021-01-30","WobLight","PlayerWrapper: declare template specialization in header (#1039)","dde7d78e936c9fb68e102ff9b04592be665240d5"
"5","Encounters & World","c550cc547","2021-01-30","schell244","Item description locales for german clients (#1034)","c550cc5476c7ae1d3dcef9bcf32ad06a9907c1ae"
"5","Core Architecture","569c73a9a","2021-01-30","ratkosrb","Mechanical units should be immune to normal heal effects.","569c73a9a10a575a8553e70443cb84f0b97658e5"
"2","Combat & Spells","b75f19ad7","2021-01-30","ratkosrb","Allow casting spells on target dummies.","b75f19ad7e01037837a7d55518385c256f2fe7fc"
"5","General Systems","ee5c3ccb7","2021-01-28","ratkosrb","Fixes to db data based on cache.","ee5c3ccb71209a16a8ea8c4cc1016cbb9f950726"
"5","General Systems","d9a02aa55","2021-01-28","ratkosrb","Add legacy cmake support for PCH. (#1032)","d9a02aa5528d5a62e7d8f9dcb68975c37601d276"
"4","AI & Movement","63411a7f8","2021-01-28","δåÇδª░","Add Bit to CreatureFlagsExtra comments","63411a7f8eb7f0797d65c59feefe0406907f1034"
"5","General Systems","175258ae4","2021-01-28","ratkosrb","Misc database fixes.","175258ae4cb43e791761c031c9a4b70bb3cb1a6b"
"2","Combat & Spells","b98c1995c","2021-01-27","Velite12","Allow spells which have resistance modifier as first effect to be considered binary spells. (#1013)","b98c1995c7d1aa9788fb47306a115118e2936c8c"
"5","Encounters & World","a61a19b95","2021-01-27","Trevor West","Fix requirements for Test of Skulls quests before Patch 1.3 (#1008)","a61a19b95c51bd60d7308f1f149f785473486214"
"5","Encounters & World","5b1ef58c4","2021-01-26","Trevor West","Fix name and vendor for Mooncloth Pattern before Patch 1.3 (#1007)","5b1ef58c472dd5bdd738296eef0116d45a61bbdf"
"5","Encounters & World","79688e2c6","2021-01-26","Trevor West","Fix objective for quest Scarab Shells pre 1.3 (#1005)","79688e2c630be60f4faad0549a2c16e147e00665"
"4","AI & Movement","fcb909a16","2021-01-27","NickTyrer","Fix Childrens Week Quest Chains (#995)","fcb909a16431a356930451e28e7353fd933753b8"
"4","AI & Movement","913df1edf","2021-01-26","NickTyrer","Fix Brood of Nozdormu Quest Chains (#993)","913df1edff3ba060cc32e667553a88f532d17611"
"1","Crashes & Security","b51cdeb98","2021-01-25","ratkosrb","Fix patch handler crash on Windows.","b51cdeb98ea831faee477df90327546ee8916f6f"
"5","General Systems","a927e5b7f","2021-01-24","ratkosrb","Refactor valid attack target checks.","a927e5b7f3cb68cffa34e1acf62f68a7581a040a"
"5","General Systems","295b133ee","2021-01-24","Gamemechanic","Fix Lexlort gossip option to retrieve Thorium Shackles (#980)","295b133ee72027968110d6c25a9df5d93b1baffc"
"5","Encounters & World","8d806cf7b","2021-01-24","ratkosrb","New script for Princess Theradras.","8d806cf7bd5d00073df220c5dd6c9b9b8bd55d9a"
"5","General Systems","0ca625ef7","2021-01-23","ratkosrb","Fix patch handler to update intermediate client versions. (#1015)","0ca625ef73ffb90f1d6b50dd2198320319731ed0"
"5","Encounters & World","72bfa1ba8","2021-01-23","schell244","Use broadcast texts ids for quest Counterattack script (#940)","72bfa1ba86d29d539b3570abb2c40d4627082ebe"
"4","AI & Movement","d0d58455d","2021-01-23","ratkosrb","Consider M2 object LoS for proximity aggro checks.","d0d58455d4125a0ae8094ed225cd8496a99bad87"
"2","Combat & Spells","55e8e3944","2021-01-23","ratkosrb","Set minimum count to 1 for Create Item spell effect.","55e8e3944057bb6e672427e1eeaf2f146f989208"
"2","Combat & Spells","0d3777344","2021-01-23","ratkosrb","Make sure creature owned pets are in combat with their target.","0d3777344d33be936dcff046103502ca1a0173a7"
"4","AI & Movement","b877e5c99","2021-01-23","ratkosrb","Consider pets to be in evade mode if their owner is evading.","b877e5c9986df07022c68bd1aafff10da2e90748"
"5","General Systems","4be63742b","2021-01-23","ratkosrb","Fix gossip menu for J.D. Collie.","4be63742bedc07db4c6571986dd357fd07d46909"
"1","Crashes & Security","8b5fdb43b","2021-01-22","ratkosrb","More looting check changes.","8b5fdb43b3b0ca545f7fdefd909abb77ea412c68"
"5","Encounters & World","f7e05b063","2021-01-22","ratkosrb","Add event when Ursal the Mauler dies.","f7e05b063cb778c471152387f561410aed4de97c"
"5","Encounters & World","9567ba0d7","2021-01-19","ratkosrb","Improve Zum'rah encounter in Zul'Farrak.","9567ba0d7944a883243c653364b40195f50ece83"
"5","Core Architecture","8a9aa7501","2021-01-19","ratkosrb","Make sure leeway is applied to mob too when attacking moving player.","8a9aa7501be72d50d4be131fc28fa2f56abfdc1b"
"4","AI & Movement","3666b1d85","2021-01-19","ratkosrb","Make sure creature pets use same leash timer as their master.","3666b1d85bfdd6de8dec23726119485dde566d04"
"4","AI & Movement","89c30f51b","2021-01-19","ratkosrb","Prevent Frost Armor from extending mob leash.","89c30f51bcc440f62fa41d681c3cc9359999c5de"
"4","AI & Movement","225abd017","2021-01-19","ratkosrb","Fix Tome of Divinity Quest Chains.","225abd01741b55e46bae522a93e45eb55853fdc7"
"4","AI & Movement","2fbbfa087","2021-01-18","NickTyrer","Update Quest Chain 1070 (#983)","2fbbfa08731918742a9748c3775f0f78df0e4619"
"5","Encounters & World","b8a919bda","2021-01-17","ratkosrb","Add command to use gameobject.","b8a919bda3432609b2472415c67fe0cce427a969"
"1","Crashes & Security","f82e9b6c9","2021-01-16","ratkosrb","More changes to loot release.","f82e9b6c9632e23999cca638466f553b4d6a4863"
"2","Combat & Spells","3d5affed1","2021-01-15","ratkosrb","Add missing critters used by unobtainable items.","3d5affed1dee62ef7392ccb38fce6403ce45455e"
"2","Combat & Spells","d24bb969e","2021-01-15","ratkosrb","Allow using formation movement when leader is wandering.","d24bb969e591f69ff134f7666bb3bf662f8d2894"
"2","Combat & Spells","26b665f11","2021-01-15","ratkosrb","Use auras for winter veil hats.","26b665f116cfa176c809be8638b367bb5f6a6456"
"5","Encounters & World","1b7ecdd3b","2021-01-15","ratkosrb","New script for Darkmaster Gandling.","1b7ecdd3b8dad4531ef54537093fa1952eddc3d3"
"2","Combat & Spells","84bccb18e","2021-01-15","ratkosrb","Pass down information about being triggered by aura to prevent procs from failing.","84bccb18e28808221d253fc38da07ea57c0467aa"
"2","Combat & Spells","5bd743526","2021-01-15","ratkosrb","Implement Spell Attribute Triggered duo.","5bd743526dba48f3e4754da149ec380e1ca68991"
"2","Combat & Spells","ad68f67ac","2021-01-15","ratkosrb","Add targets for spell Gnarlpine Vengeance.","ad68f67ac7034a19fdf666d34fc9b6124f26f001"
"2","Combat & Spells","c279c4fd7","2021-01-15","schell244","Add rejuvenation spell when eating deviate fish, improve spell effect ""Party Time"" (#977)","c279c4fd77b566b2a24d25446e4cf1d43a5f6ef7"
"5","Encounters & World","3ea4339d6","2021-01-14","NickTyrer","Add Gnomeregan Escape Event (#941)","3ea4339d60c40b26d71c3b6d4e003b4a5978b59c"
"5","Encounters & World","aea306c1e","2021-01-14","NickTyrer","Remove npc flags during Denalan's Earth quest event (#924)","aea306c1ed2add81d3128623857c8d7ed86ffac6"
"5","Encounters & World","069e9166a","2021-01-14","NickTyrer","Add waypoints and scripts to NPCs in Tanaris, Feralas, Silithus, Un' goro and Thousand Needles (#919)","069e9166a052e1b11a6062173022e7a697532b8e"
"4","AI & Movement","c8b90bb84","2021-01-14","NickTyrer","Correct Flags for Mining, Skinning and Herbalism Trainers (#918)","c8b90bb847a3609f6bb30250a35c66fb57ea6241"
"5","Encounters & World","e819a816d","2021-01-14","NickTyrer","Vendor fixes for Thousand Needles, Ungoro Crater, Silithus, Feralas and Tanaris (#917)","e819a816d02094b25dee9ca32855f3ad986870dd"
"5","Encounters & World","313fbfed0","2021-01-14","NickTyrer","Add OOC script for Pilot Stonegear (#916)","313fbfed0fe3cef0a0afecbcfd7c7a5691a6dcf4"
"2","Combat & Spells","43e9c3327","2021-01-13","ratkosrb","Snapshot aura points on apply to prevent exploit with some spell mods.","43e9c33278620011b9c597ed58bce94b1feab858"
"2","Combat & Spells","06bf94322","2021-01-13","ratkosrb","Rename CalculateSpellDamage to CalculateSpellEffectValue.","06bf9432200fa665baa80159e7374b49228c3ad2"
"5","Encounters & World","376e77112","2021-01-12","ratkosrb","Remove hardcoded script for Razormane Stalker.","376e77112cb96cc13d8ef06227eb65542bf2b82d"
"4","AI & Movement","84a0a885f","2021-01-12","GrenderG","Set some Escort NPCs as active objects. (#994)","84a0a885fccb13093faabb87c79c15210b15af07"
"4","AI & Movement","2aedc345f","2021-01-12","ratkosrb","Teleport creatures back to spawn on evade if no path.","2aedc345fcdbe2e80c22e2a7f5ef2d0bd837c437"
"4","AI & Movement","57d83ec91","2021-01-12","ratkosrb","Prevent shooting your own pet.","57d83ec91b1054670fd253ecbc0263fd2394bdd2"
"2","Combat & Spells","fdb34496e","2021-01-12","ratkosrb","Fix check for Preparation spell.","fdb34496e5af20bc111bbe9bf0bbb7883192065d"
"5","Encounters & World","b79b6b5fd","2021-01-12","ratkosrb","Remove distance check on gameobject loot release.","b79b6b5fdc2faf1e9843c4e157c8ebd42a3c9c18"
"4","AI & Movement","6369bb5ac","2021-01-10","schell244","Update Wailing Caverns scripts to use Broadcast Texts (#910)","6369bb5acf2852127803068af2dbf0495e4e8da0"
"5","General Systems","eaac8147a","2021-01-10","ratkosrb","Fix migration mistakes.","eaac8147a7d4983488e1dfabdcc91477816bfe8a"
"5","Encounters & World","c54d96a93","2021-01-10","ratkosrb","Prevent buffing low level players with high level group wide buffs.","c54d96a93ea16f417c64bc18ccfea70c30733e17"
"4","AI & Movement","750f53649","2021-01-10","ratkosrb","Make group wide buffs ignore los.","750f5364919b8656eb272f83c0ad30c0a8073484"
"5","Encounters & World","d8dfb2b71","2021-01-10","ratkosrb","Interrupt casting when looting and vice versa.","d8dfb2b719cdb0323d04064b7bd7024d5382ed5c"
"5","General Systems","7caca4261","2021-01-10","ratkosrb","Improve comments in ChooseDisplayId.","7caca4261d5ec52494cc28f4714cb2660338ee6b"
"2","Combat & Spells","34b9faa5c","2021-01-10","ratkosrb","Don't mark pet as in combat when it isn't really.","34b9faa5cd5cb0f1a373e08a0db9392146721858"
"4","AI & Movement","c8510cbbd","2021-01-10","ratkosrb","Initialize chase leash extension timer to 5 seconds.","c8510cbbd4dccbdac9900cc507910ef3ae0e6c43"
"4","AI & Movement","7d2f1e292","2021-01-08","ratkosrb","Rework creature leashing logic to match classic.","7d2f1e2923734ea1b983eeaa0208cfd158d4af02"
"2","Combat & Spells","7631d4851","2021-01-07","Torta","Quivers should not increase haste for ammoless ranged weapons. (#926)","7631d48515f7574c66f863a358c24966e2be1975"
"5","General Systems","15a609a71","2021-01-07","Orozxy","Silithus world pvp fixes (#968)","15a609a71ceed9750267168e0fa67ddfc3c7cca7"
"5","General Systems","7dd37129b","2021-01-07","Velite12","Correct Ouro Submerge timer (#965)","7dd37129b2610591dadaffc877b399c31c7cc9de"
"5","Encounters & World","e41c65395","2021-01-07","ratkosrb","Prevent multiple people from looting same chest.","e41c65395a6bf43f7508a174d653a09a54e4cfb6"
"2","Combat & Spells","7c8dee8ef","2021-01-07","ratkosrb","Implement SPELL_ATTR_EX2_CANT_TARGET_TAPPED.","7c8dee8ef1c157c7e1f9967173caade34cdd6253"
"5","Encounters & World","bb3b018b5","2021-01-07","ratkosrb","Prevent looting party wide quest items multiple times.","bb3b018b5816c9aba3a7346b4e2c5498bcd5fb85"
"4","AI & Movement","ff17e2c29","2021-01-05","NickTyrer","Update vendors in Stonetalon Mountains, Durotar, Orgrimmar, The Barrens, Desolace and Thunder Bluff (#903)","ff17e2c291d458fb786e472abd09c969bb29aee6"
"5","General Systems","179f2bdb1","2021-01-05","ratkosrb","Update many queries incore to escape table and field names.","179f2bdb113f73aaf25ff5846c54789b2adf1002"
"5","Encounters & World","dfe94c858","2021-01-03","NickTyrer","Fix Terrordale Haunting Spirit Gameobject (#960)","dfe94c8587788b049b8e4bedf93042bfcbe30678"
"2","Combat & Spells","7c6acd8b0","2021-01-03","Ulf Gebhardt","≡ƒì░ Readme - added missing versions, corrected spelling (#944)","7c6acd8b080751a1f1d231f9560bcf7576c382c9"
"2","Combat & Spells","0ba663857","2021-01-03","Orozxy","Cancelling Silithyst aura should create Silithyst Mound.","0ba66385773c687490bf060c650b3f40f32d2b5a"
"4","AI & Movement","c99acdba8","2021-01-01","ratkosrb","Remove custom creature used for Lava Fissure Eruption.","c99acdba8e4cfae0723ee6525bd378d822d16cfe"
"5","Encounters & World","16aa5be3d","2021-01-01","ratkosrb","Remove not needed workaround from cthun tentacle script.","16aa5be3d807362723330dd1b65c284fe95878aa"
"2","Combat & Spells","7dac563fc","2021-01-01","ratkosrb","Replace IsWithinMeleeRange with more accurate check.","7dac563fc2db5666faa6c1244b5f6e73ef040307"
"5","Encounters & World","44753a574","2021-01-01","ratkosrb","Replace tabs with spaces in scripts project.","44753a574f1ceac09ad41f4b82a3fccf8752388c"
"2","Combat & Spells","c24d7a6d9","2021-01-01","ratkosrb","Update dreadsteed ritual to make gameobjects cast auras instead of custom creature.","c24d7a6d9eef422a84b629c72dfba9aa991627df"
"5","Encounters & World","06cea6823","2020-12-31","Gamemechanic","Disable quests from WoW Beta (#911)","06cea6823652cdd748d1db9dbeb2268c25b34141"
"5","Encounters & World","d77dff7db","2020-12-31","GrenderG","Fix old issue with quests completion. (#908)","d77dff7dbf9ad4fc9fd6804a14d6d9098bec8523"
"5","Encounters & World","537bb9460","2020-12-30","NickTyrer","Correct Name For Game Event 67 (#898)","537bb946030eed0524167cd3de1d6bda081a7f17"
"5","General Systems","b77bbbcba","2020-12-31","schell244","Fix visual studio INSTALL with debug builds (#897)","b77bbbcba9be48fe26637f98ec99b204691ddd75"
"4","AI & Movement","d62e6b413","2020-12-30","ratkosrb","Add correct gossip menu for High Inquisitor Fairbanks.","d62e6b41395515f1e356b4500f4a9f84e2dfaa66"
"5","Encounters & World","9c8ba7b21","2020-12-30","ratkosrb","Add script for Final Message to the Wildhammer.","9c8ba7b21b26a4b18b66cafdc5fd3f2342fb7c57"
"5","General Systems","d14f1030a","2020-12-30","ratkosrb","Update Create Item inventory check to match classic.","d14f1030a8988982f24d9136f302f220647212f8"
"2","Combat & Spells","053c99231","2020-12-29","ratkosrb","Remove randomness from Sayge's Dark Fortune of Damage.","053c992317cac9d0c30071a7208862e5a9b56445"
"5","Encounters & World","6005cb29b","2020-12-27","ratkosrb","Improve Mindless Undead event in Stratholme.","6005cb29b329b65ff2a95b9c8528b76c82cf8c45"
"5","General Systems","225104053","2020-12-25","kot1919","Correct placement of existing Plaguebloom objects. (#883)","225104053d30f73ba5ee8b6458669c0f3e6cca28"
"5","Core Architecture","d74b26111","2020-12-25","ratkosrb","Update mmaps generator to specify mmap folder needs to be created manually.","d74b2611181dc89b62a749a3508d9f90796a71fc"
"5","Encounters & World","250e528db","2020-12-18","ratkosrb","Allow specifying guid from start waypoint script command.","250e528dbdf1d93c7ee3209a690d7c2746ac7e6e"
"2","Combat & Spells","57c33e78d","2020-12-16","ratkosrb","Add cast flag to only cast spell if target is casting.","57c33e78dfbe438f7e8f22e357af13b61b04dc3d"
"5","Encounters & World","795458549","2020-12-14","ratkosrb","A few loot corrections.","7954585493fe5d9e45deeef27f10a664884bd458"
"5","General Systems","88955825f","2020-12-14","ratkosrb","Misc small fixes.","88955825fc42c857edaf124c526f77bb8bb751fe"
"5","General Systems","f37b44390","2020-12-13","ratkosrb","Fix position of Scarlet Warrior spawned underground.","f37b4439082ab182d739e23d7ba7eb574f430bd5"
"5","Encounters & World","df3960ab0","2020-12-12","NickTyrer","Correct North Kalimdor Vendors (#869)","df3960ab00007785d7b4b35d473a8a45cc23b9b3"
"4","AI & Movement","6d505ec0a","2020-12-12","NickTyrer","Add Missing Waypoints, Scripts and Creatures to North Kalimdor (#868)","6d505ec0a7fbae16e18f755f0e41f86eb76aac73"
"5","Encounters & World","00c3ca0f7","2020-12-12","NickTyrer","Update scripts for Undercity npcs (#839)","00c3ca0f76bb7f98cf2682b4dc18519485c5dc6c"
"2","Combat & Spells","81fea8732","2020-12-12","ratkosrb","Send melee attack target in update object packet.","81fea8732ddd77d63cec2abde2f4670fa5e05ce1"
"5","General Systems","c1db8e8f6","2020-12-11","ratkosrb","Fix multiple small db issues.","c1db8e8f625ba5dbba3c03a11eafb4411e1557db"
"4","AI & Movement","5cc897e71","2020-12-11","ratkosrb","Imp pets should have a chance to say text on aggro.","5cc897e7164c6230c09d78a8c1afe683221f0f34"
"4","AI & Movement","0a24e43fe","2020-12-11","ratkosrb","Update multiple escort scripts to remove immune to npc flag.","0a24e43fe353853d860b5349c3677a6d9d9867db"
"1","Crashes & Security","0b56d225a","2020-12-11","ratkosrb","Fix another possible crash with creature groups.","0b56d225a48120214ebcc1bb08fe7264b0896e45"
"3","Bounds & Exploits","67839c0fd","2020-12-11","Gamemechanic","Fix Free at Last and Homeward Bound escorts (#894)","67839c0fdb1da6e8f07c0d422a38b3bced2d3f47"
"5","Encounters & World","6f8de5b19","2020-12-10","ratkosrb","Update AQ20 scripts to check original leader guid.","6f8de5b19fab908151c919ac4354a93a7e958995"
"4","AI & Movement","35f3eb228","2020-12-10","ratkosrb","Pick new creature group leader on death of old leader.","35f3eb22817fbec74d30328b18abde7720f4c0f1"
"4","AI & Movement","00b767c2a","2020-12-09","ratkosrb","Implement spline counter for SMSG_MONSTER_MOVE.","00b767c2a9bfd624ef129b087e1d3510a46b3eff"
"4","AI & Movement","fdd11c710","2020-11-29","Gamemechanic","Remove Immune to NPC flag from Kaya flathoof during escort. (#886)","fdd11c710552a3c64e0acf7aba25bddd11fed64c"
"2","Combat & Spells","951401b79","2020-11-29","ratkosrb","Implement RANGED_ATTACK for Creature spell weapon damage calculation.","951401b79e0193eac27e9496d81993cc8b22bd0b"
"5","General Systems","db7bc888b","2020-11-29","ratkosrb","Properly handle BG ending with no winner (draw).","db7bc888bc0a980770a0dfad7860e8eec326001c"
"2","Combat & Spells","743e076cb","2020-11-29","ratkosrb","Safeguard GO targeted SPELL_EFFECT_OPEN_LOCK against GO_FLAG_IN_USE.","743e076cbb248c261be7f52a269ed2fe7be87266"
"2","Combat & Spells","013805197","2020-11-29","ratkosrb","Do not remove roots and speed reductions due to forced debuff auras.","013805197670c8068101c852b58cbe229b7dc9dc"
"2","Combat & Spells","a4c1a95f9","2020-11-25","ratkosrb","Garrote should scale with attack power.","a4c1a95f93fab8bce168efac10db206721ae48e0"
"5","General Systems","3d3319bd4","2020-11-22","schell244","Fix victory near sound for horde in Arathi Basin (#873)","3d3319bd4fea55baf50add1880c676229d0e20fb"
"5","Encounters & World","76821316a","2020-11-21","ratkosrb","New script for Niby the Almighty.","76821316aa66791f4805a7f22070a65c78476390"
"2","Combat & Spells","089db4e9d","2020-11-19","ratkosrb","Mottled Boar should run away when player in combat approaches.","089db4e9da8d911e6ff8575534cd1a24c4532104"
"5","General Systems","784d5d348","2020-11-19","ratkosrb","Update chance of Noggenfogger Elixir effects.","784d5d348b0cadbbafa12fc45e889bd0af5518aa"
"5","General Systems","3464f73a3","2020-11-19","ratkosrb","Update a few custom sql files.","3464f73a38aedfc740387a557655c1a4b26794ed"
"5","General Systems","5a5772454","2020-11-18","ratkosrb","Correct scale of cats and dogs in Arathi Basin.","5a5772454ae1292b3099ceb4d31bd8c1fa7a724a"
"5","General Systems","72f743945","2020-11-18","ratkosrb","Fix more issues with Buru's Eggs.","72f743945e70fa55cfa6bb9d6fa82af47732ad2d"
"2","Combat & Spells","5863b79b3","2020-11-18","ratkosrb","Remove spell hack for Buru's Egg Explosion.","5863b79b31c15bfb4162bd923b6f4405c7470183"
"5","General Systems","7212372c6","2020-11-17","ratkosrb","Fix mistakes in last commit.","7212372c692459ed1e9bb1241cec33e1014098fb"
"4","AI & Movement","7caa4247d","2020-11-17","ratkosrb","Fix remaining text issues in Naxxramas.","7caa4247da3c76d2ffd9f0b1c71a60e4d52e03a6"
"5","Core Architecture","1c183c246","2020-11-17","ratkosrb","Make C'Thun cast Digestive Acid instead of the player.","1c183c246aeba8306c67f267b251c3ef8d2d782f"
"2","Combat & Spells","fb9fa021b","2020-11-16","ratkosrb","Correct spells used by Theramore Preserver.","fb9fa021bd1547e66e16dc83e87f4d5df4d11028"
"2","Combat & Spells","ff1782678","2020-11-16","ratkosrb","Reduce channeling update delay when casting is interrupted.","ff1782678512d855d20ab38134f538e65b098cf1"
"5","General Systems","9c9015d64","2020-11-16","ratkosrb","Fix typo in last commit.","9c9015d644990fdf2715c347bfc5e631a1c7e2b7"
"5","General Systems","95f3d6e85","2020-11-12","NickTyrer","Correct gossip menu for Rwag (#853)","95f3d6e854d9b6c4233727229b6d7ee37d14b338"
"5","Encounters & World","d0ed60e4b","2020-11-12","NickTyrer","Add Rimblat Earthshatter Script (#848)","d0ed60e4bab86214c4b2494516f6a4b30477b686"
"2","Combat & Spells","954267ec7","2020-11-12","ratkosrb","Add Disease Cloud aura to Wickerman Guardian.","954267ec7be653c86cdc965fc009841ce208704d"
"5","Encounters & World","e085523ad","2020-11-12","ratkosrb","Implement proper gameobject interaction distance checks.","e085523ad0d1b49c3192110b1cf4d3811f1b80ea"
"1","Crashes & Security","5e8391aff","2020-11-12","ratkosrb","Revert faction change of Simone the Inconspicuous.","5e8391aff234b4d016c8eb1f575c2084b1086256"
"4","AI & Movement","f8b965a39","2020-11-10","ratkosrb","Fix a bug that was preventing Field Marshal Teravaine from spawning.","f8b965a3999aafe492e878b916eb97b193cef452"
"4","AI & Movement","85ac58566","2020-11-08","ratkosrb","Redesign creature addon table.","85ac585662a41cd60033ef94f8dcda281a6f2c47"
"5","Core Architecture","91134917b","2020-11-07","ratkosrb","Rename unit byte flags and add offsets enum.","91134917bff8ffa815392678207fab0a1284026b"
"1","Crashes & Security","f8f01f929","2020-11-07","ratkosrb","Attempt to fix hanging on shutdown issue.","f8f01f92917734dd333f9bc778fe6d49be7f2f3b"
"5","General Systems","6c1a278fd","2020-11-04","ratkosrb","Reduce how often party member position updates are sent.","6c1a278fdca36239367261c95bce78324b0327c7"
"5","General Systems","a6919c7e5","2020-11-03","ratkosrb","Update Nefarian's speed.","a6919c7e5b86dc94c14ec0c0e9566d2c317b038c"
"4","AI & Movement","cd907bfc2","2020-11-02","schell244","Update mail delay logic to match Classic (#829)","cd907bfc2cdd5c001da6009a04467b530fd32f13"
"5","Encounters & World","9da7ff0e0","2020-11-02","NickTyrer","Add script for Thornling (#821)","9da7ff0e018789ae726bd99dd736903dbc288c88"
"5","General Systems","f0cd647c0","2020-11-02","NickTyrer","Update abilities of faction leaders (#819)","f0cd647c064e90b72c975500538ffdb879599840"
"5","Encounters & World","92073415d","2020-11-02","NickTyrer","Fix Eastern Kingdom Vendors (#794)","92073415d446ba8e26fd5156831cffeaf9f9cac5"
"4","AI & Movement","7a9c32a3f","2020-11-01","ratkosrb","Add creature spawns to hidden farms in Eastern Kingdoms.","7a9c32a3fae91bdb9bbcc71aa881658c1f939405"
"5","Encounters & World","cce0ceddd","2020-11-01","ratkosrb","Update gameobjects, npc texts, and page texts.","cce0cedddac80cfd9d949c5cd12cd43195275b37"
"5","Core Architecture","41a7e8b5b","2020-10-31","ratkosrb","Add commands to modify unit byte fields.","41a7e8b5b4135440933ead2be728e22d94322e7c"
"4","AI & Movement","86e1d0d80","2020-10-31","ratkosrb","Delete some bad creature addon entries.","86e1d0d809743cdae69720e10801bdc1a58df30c"
"2","Combat & Spells","5bbc6c346","2020-10-31","ratkosrb","Correct stats for mobs in AQ40.","5bbc6c3463d28bb33933a27d002ba1a517458ab7"
"2","Combat & Spells","b927570a1","2020-10-25","ratkosrb","Correct combat reach and bounding radius for multiple mobs.","b927570a10b216c93c97ba864d5daac4a82ea54b"
"4","AI & Movement","f0a1fbfc8","2020-10-25","ratkosrb","Correct attack and movement speeds for multiple mobs.","f0a1fbfc87d97d8a876bf569ca9eb09729714cdd"
"5","General Systems","472ff2c42","2020-10-24","ratkosrb","Fix Deathguard Elite guid in previous migration.","472ff2c4232f0adc075e9a5ab03291e9a5c97049"
"5","Encounters & World","69f6c7fa2","2020-10-24","ratkosrb","Implement Burning of the Wickerman event.","69f6c7fa242bc9cfbe23ada06939764ce412de2f"
"5","General Systems","ca8f5d3e1","2020-10-24","ratkosrb","Update Hateful Strike targeting logic.","ca8f5d3e1b9ec6f4e95e8b964078ddc659fea2a4"
"5","General Systems","7e12abfde","2020-10-22","Torta","Added support for discontinued City Protector titles. (#735)","7e12abfde787dcac1b44251a7ee0baf645111018"
"5","Encounters & World","d4e2f22cd","2020-10-22","NickTyrer","Fix quest Fragments of the Past (#796)","d4e2f22cdae0f0a484251cf85df605f80965027f"
"5","General Systems","35f0de3db","2020-10-22","Daribon","Correct position of Araj the Summoner. (#784)","35f0de3db275a419a77381a205c2635c95c9fda4"
"5","General Systems","8814a5dda","2020-10-22","Daribon","Update old position of Kriss Goldenlight and Aurora Skycaller (#783)","8814a5dda9add5974a8633ef1c4b5c6eee7c0b0d"
"5","General Systems","0a5aa0a61","2020-10-22","tonymmm1","Update TBB and ACE in .travis.yml and add make install (#781)","0a5aa0a615f29de10dc6788609a1402e54ac12e7"
"4","AI & Movement","109ae4882","2020-10-22","NickTyrer","Add waypoints to creatures in Tirisfal Glades (#733)","109ae48822f724ada1c2c6950dba4a618a3f6b3b"
"5","Encounters & World","baa891c4b","2020-10-22","Ariel Oak","Create item instances with guild charter flag from template (#737)","baa891c4bdad7b2381b2be0854ccba285e4c3545"
"5","Encounters & World","f03732ba7","2020-10-22","ratkosrb","Fix issues with Hallow's End event.","f03732ba7639c7ecde3191ffe55bd064a4712603"
"5","General Systems","bba4974f6","2020-10-13","ratkosrb","Fix typo that broke dispel checks.","bba4974f612c0f7fc318ae5c3e55e017d9b3c9f3"
"2","Combat & Spells","30597d6db","2020-10-11","ratkosrb","More fixes for Theramore Combat Dummy.","30597d6db890f4b9401e5566046941d220e8ce34"
"5","Encounters & World","7fb965524","2020-10-11","ratkosrb","Correct emotes for a few war effort quests.","7fb9655246289453bdcec1d48a7e53b979e861d9"
"2","Combat & Spells","d4f50767f","2020-10-11","ratkosrb","Use proper spell to give Draconic for Dummies chapter 4.","d4f50767feb8021b449114c470d3f7d180eb87e4"
"5","Encounters & World","a8e612445","2020-10-11","ratkosrb","Prevent Theldren Trigger from aggroing.","a8e612445e228a732f390bc9eb11ba83ccc420be"
"5","General Systems","6fda7523d","2020-10-11","ratkosrb","Correct level range for multiple mobs.","6fda7523d1f51f9ef2c5ed7d2951316285638f95"
"5","General Systems","42886928c","2020-10-09","GrenderG","Fix Spirit of Aquementas patch. (#817)","42886928cff4751ac609d5de815a1d048563fd05"
"2","Combat & Spells","f69031a92","2020-10-08","ratkosrb","Prevent auto shoot interruption due to desync between attack timer and spell cd.","f69031a9289d9eb208ea59065abdad42ed830e65"
"5","General Systems","e0a7820c6","2020-10-08","ratkosrb","Replace irand usage with urand to fix Naxx text errors.","e0a7820c610a37baad35cf4cb4c733cb67b40b5c"
"5","Encounters & World","70000972a","2020-10-08","alexkulya","Replace script texts ids with broadcast texts in Naxx scripts (#810)","70000972a3b0ca9abc1b87c4198c2be91a1fdf58"
"5","General Systems","774e0d06f","2020-10-08","NickTyrer","Fix A Couple of DB Errors (#803)","774e0d06f14f3bbf12c40240547960aa49bbd18c"
"5","General Systems","16902fea8","2020-10-02","ratkosrb","Move the gcd check above chance calculation.","16902fea8691cdfeded056413a6c97127f3c68e3"
"2","Combat & Spells","b0c17ba53","2020-10-02","ratkosrb","Check GCD before proccing item spells.","b0c17ba53b36084c85c3dffae8080d2f8f9cde6f"
"5","General Systems","51722403a","2020-09-30","coolzoom","Update readme to show travis matrix build badge (#780)","51722403afe426cb737b2a6d4992edf47d3f9045"
"5","Encounters & World","2548726fc","2020-09-30","GrenderG","Fixed quest count objective updating. (#695)","2548726fcd3aa607229429568822aa7c0903dab8"
"2","Combat & Spells","fa7c6e97a","2020-09-30","ratkosrb","Remove minimum build from spell that exist in 1.2.","fa7c6e97a2dd17571107f251343580c0b505b55d"
"2","Combat & Spells","1e95b7cba","2020-09-30","ratkosrb","Correct spell proc cooldowns based on classic.","1e95b7cbaffbbb3d705f2ca5114aca719deeed1f"
"2","Combat & Spells","a9a969fcf","2020-09-30","ratkosrb","Check cooldown and cast proc spell in central place.","a9a969fcfedd2af2dd7bf340287d0eac980b30cf"
"2","Combat & Spells","9a45e727d","2020-09-30","ratkosrb","Move infinity cooldown code.","9a45e727d68e14ea91e8238b68b75d2d70b911d6"
"2","Combat & Spells","93d94f1b5","2020-09-29","ratkosrb","Port new cooldown system from cmangos.","93d94f1b551688b02e0ae26583bde17a3d3f27fa"
"5","Encounters & World","3edd1ce5a","2020-09-27","ratkosrb","Add more quest emotes.","3edd1ce5af4fa2b3c04fd76ab9555343b0948ca8"
"5","Encounters & World","33435e22b","2020-09-26","ratkosrb","Add missing quest emotes and texts.","33435e22b319fed8f82c7b9295043c1c421a3591"
"4","AI & Movement","b7f728d7c","2020-09-26","NickTyrer","Correct trainer list for Una (#801)","b7f728d7c2dc76cd7e03a271f4b96ae2ee03192e"
"4","AI & Movement","0dfc8aeac","2020-09-25","ratkosrb","Correct data for multiple creatures.","0dfc8aeac8112881e949c275c2538657fd118471"
"5","General Systems","20ee47e90","2020-09-25","ratkosrb","Update Jazzrik's respawn time.","20ee47e90f5e94f8290ae141da53dc33e3bbe799"
"2","Combat & Spells","c4d113675","2020-09-23","ratkosrb","Fix some errors in spell data.","c4d11367548422be863ce67de512bc80c5ef832b"
"5","General Systems","33c66ec7b","2020-09-19","ratkosrb","Small improvement to premade gear related code.","33c66ec7b3037dbb801855dd7b83bc8cd555e0e2"
"1","Crashes & Security","150d3d7b9","2020-09-10","ratkosrb","Fix crash in Ragnaros script.","150d3d7b9de8cdeb358663eb6853627347d8b24a"
"5","General Systems","a6160483b","2020-09-02","ratkosrb","Fix spawning new npcs.","a6160483b1765110e260394fe92ebd975e6b3aa8"
"5","Encounters & World","ec8abeb9b","2020-09-01","ratkosrb","Split event_scripts table.","ec8abeb9bb47e646c94061c93ee04770c1eaf774"
"5","Encounters & World","e8b603fe2","2020-09-01","alexkulya","Update Naxxramas scripts to use broadcast text ids (#758)","e8b603fe22e69fbe6c5df8ea9c47d2c297f936cd"
"4","AI & Movement","5f6d6b2b2","2020-09-01","NickTyrer","Add conditions to profession trainers (#771)","5f6d6b2b26c11014e65cc1abf32786c36727a7dd"
"5","Encounters & World","39fe13eef","2020-09-01","NickTyrer","Fix completion text for quest Lessons Anew (#768)","39fe13eef72abbcb63c3530e1e5ae0325f7a1122"
"5","Encounters & World","37b9982c8","2020-09-01","NickTyrer","Fix end script for quest The Shimmering Frond (#763)","37b9982c87ee3c3c8a78eb6064ccbfd9e22236ed"
"5","General Systems","c7b1c2dbc","2020-09-01","NickTyrer","Update Blackrock Orcs in Redridge (#732)","c7b1c2dbcc8f546f5cc6b42b6f34ba837ded6ad8"
"5","Encounters & World","2bc80170f","2020-09-01","NickTyrer","Add Stormwind NPC OOC Events (#729)","2bc80170f80fad9e047e3f30c7f9a8b998d6a10f"
"4","AI & Movement","835e3d87a","2020-09-01","NickTyrer","Fix Leatherworking Trainers (#727)","835e3d87a54fb0ce6b6855a95e198ed40528e830"
"5","Encounters & World","5939bfd8b","2020-09-01","NickTyrer","Fix Stormwind and STV Vendors (#713)","5939bfd8b954f10d39ba7a98b77de297b75da145"
"4","AI & Movement","83f3725b9","2020-09-01","NickTyrer","Fix Enchanting, Engineering and Cooking Trainers (#708)","83f3725b94516cb7742a47dabb2ff395a6e02735"
"4","AI & Movement","24edd47a0","2020-09-01","NickTyrer","Fix Blacksmith and Tailoring Trainers (#699)","24edd47a0d6775c31aac8631a111198106de09f7"
"5","General Systems","907c4953c","2020-09-01","ratkosrb","Make the db guid condition check multiple guids.","907c4953c794105a231da79053cede3ffb6489c7"
"4","AI & Movement","e992f52e4","2020-08-30","ratkosrb","Flask of Petrification fixes.","e992f52e4bfcf73207048cb388002344405fac14"
"5","General Systems","afe6dc727","2020-08-30","ratkosrb","Fix Life Tap scaling.","afe6dc727a52b439992dc1300a9ad894df0bf547"
"5","General Systems","cd74c2c9a","2020-08-29","ratkosrb","Set count correctly when storing new items.","cd74c2c9aa891e975524e68be2fd0f227ed5a658"
"5","General Systems","c04309db7","2020-08-28","NickTyrer","Fix Rogue Starting Items (#690)","c04309db7930adaa8d7f0344a965798de9d5d6da"
"5","Encounters & World","bd8da6742","2020-08-29","ratkosrb","Add missing gameobject animation in Exzhal script.","bd8da67420092c227246f172d98f363a2ad08fb8"
"5","Encounters & World","e5fe88a38","2020-08-28","ratkosrb","Prevent casting water walking on mounted or shapeshifted target.","e5fe88a387c6add7593119af72beb53169d3c593"
"2","Combat & Spells","b07ba6898","2020-08-27","ratkosrb","Spell aura 35 should increase current power too.","b07ba6898fe189712ce09a8c1e13edbb473a2bcd"
"5","General Systems","abc87ad5e","2020-08-23","NickTyrer","Correct mistakes in previous migrations (#734)","abc87ad5e4d2634e0a6ff9e66867313b9295d083"
"5","Encounters & World","b549e9814","2020-08-20","ratkosrb","Add missing description of new condition source.","b549e9814989196765096ea63a952e3c9da0bbbc"
"5","General Systems","1b96d15e7","2020-08-18","ratkosrb","Update discord link.","1b96d15e7ca5a15e98d389dc0a249c72bae75aab"
"5","Encounters & World","4c572957b","2020-08-17","NickTyrer","Improve Quest Warlord's Command (#687)","4c572957b3b5dc9cf35e8f1cfe0c5d651262e9e2"
"5","General Systems","e1f61ae6b","2020-08-13","GrenderG","Correct patch for Nefarius spawned in UBRS (#766)","e1f61ae6bb72b306f250699c18a7862646ab5220"
"5","Encounters & World","9eef1bdf9","2020-08-10","ratkosrb","Script for Private Thorsen ambush.","9eef1bdf9d990c49d0385c7225279949d576812b"
"5","Encounters & World","9c1e19f81","2020-08-06","ratkosrb","Fix a few GameObject templates.","9c1e19f81404251cce14c9ae798a26f15dfbe425"
"5","Encounters & World","74a1dd22a","2020-08-06","ratkosrb","Correct name of quest 236.","74a1dd22a97e495f249e11f6d7ead1ab822c2df7"
"5","Encounters & World","d1d07973e","2020-08-06","alexkulya","Convert text ids in multiple core scripts to broadcast texts (#738)","d1d07973ef225546ca76c6eff49ff877965a9140"
"5","Encounters & World","8577a737b","2020-08-06","ratkosrb","Corrections to quests Watcher Callahan and Four-legged Menaces.","8577a737b40fe996cd4beab36a3f50f4fff02b26"
"5","General Systems","0ee6b527d","2020-08-06","ratkosrb","Correct UBRS door.","0ee6b527dc5444ee733c8bf985e0db0103095009"
"5","Encounters & World","acec93234","2020-08-04","ratkosrb","Fix Westfall and Elwynn Vendors (#745)","acec932340e3f56cc4303710e9c38b2fb809ec01"
"5","General Systems","2ef9a4c44","2020-08-04","NickTyrer","Correct Faction for Plague Spreader (#691)","2ef9a4c4455d8e7a30283e5ec1a5ca60209437a5"
"5","Core Architecture","7fa7efec2","2020-08-04","ratkosrb","Rename UNIT_FLAG_PASSIVE to UNIT_FLAG_IMMUNE_TO_NPC.","7fa7efec22e9ec09832e1da18f62ea1320a4a14d"
"5","Encounters & World","9985c2b14","2020-08-04","NickTyrer","Fix Westfall Lumbermill Event (#692)","9985c2b141b5372f7daae753605d3c5b6c0829c0"
"5","General Systems","5d111a2a8","2020-08-04","NickTyrer","Fix Firebrand Invokers (#688)","5d111a2a8b8cd6938be3255284a4ead219ef1f21"
"5","Encounters & World","b83de1765","2020-08-04","NickTyrer","Fix Tome of Divinity Quests (#678)","b83de1765c5206bdf2215821f79bc43c2cf59cfe"
"5","Encounters & World","d2c9bf380","2020-08-04","ratkosrb","Update progress text for Call of Water quest. (#746)","d2c9bf380134bd43870518b437619875b4fa4d81"
"5","Core Architecture","69d58a773","2020-07-21","ratkosrb","Allow wrapping traded item.","69d58a773da95c0b6ca3480a15367a31213f26e1"
"5","General Systems","a5669588d","2020-07-20","ratkosrb","Update already known profession when applying gear template.","a5669588d7d2c6960ebb10ab23d8f0ad8fec9162"
"5","General Systems","d994cb142","2020-07-19","ratkosrb","Add missing null check.","d994cb14222b8abae54e5494d1ff2f29165964e2"
"5","General Systems","b0f979272","2020-07-19","ratkosrb","Improve check used in previous commit.","b0f9792729870666c3b169facb6c37b868130e67"
"5","General Systems","ebf1c24ba","2020-07-19","ratkosrb","Add server side check for using items while shapeshifted.","ebf1c24ba2f2ae4135b105b33e504c3dab2d79cf"
"5","Encounters & World","29408fbe6","2020-07-17","alexkulya","Add Smith Slagtree and Mystic Yayojin OOC event scripts.","29408fbe69a582c160353f68d286716afa4545a0"
"1","Crashes & Security","d346c6203","2020-07-17","ratkosrb","Fix crash in emote script command.","d346c620382e2be7442d59c78b3913569a0bc228"
"5","Encounters & World","a7561854c","2020-07-13","NickTyrer","Fix Duskwood and Redridge Vendors (#616)","a7561854c602493edc54965b752ada5f79bc8674"
"4","AI & Movement","99b14472d","2020-07-13","NickTyrer","Fix Stockades Jailbreak Event (#671)","99b14472da700cb50cbcafd00e37245eb8bcccb2"
"5","General Systems","ea0f0ee46","2020-07-08","Daribon","Updated Stonetalon Peak spawns for pre 1.11.0 (#635)","ea0f0ee4681d9578c19567e970e3475bc7d5165b"
"5","Encounters & World","3ecdb6187","2020-07-08","NickTyrer","Add missing progress text to quests (#633)","3ecdb6187264806de5a7647e6880dfb95f83859d"
"1","Crashes & Security","42a74bbdb","2020-07-08","GrenderG","Improve the Corrupted Ashbringer SM event. (#632)","42a74bbdbae1b79d7bca16aa132a27063f7d03a8"
"5","Encounters & World","b1ca6cc17","2020-07-08","ratkosrb","Fix problems with Set Field script command on old builds.","b1ca6cc1707c0bf4261da023d7490dbf4773b00c"
"5","Encounters & World","d5c75a57d","2020-07-08","NickTyrer","Add Westfall Lumbermill Event (#619)","d5c75a57dc030344f316fe801d9dda0bbcd1977d"
"5","General Systems","d43d0478c","2020-07-08","Daribon","Updated spawn of several Stormwind NPCs. (#618)","d43d0478c9cfd04df5799aa38d3887f11fc7a365"
"5","Encounters & World","a6abdfa4a","2020-07-06","ratkosrb","Prevent players without a shield from blocking.","a6abdfa4aec9d5b70c3465157c73dadb986a2f18"
"5","General Systems","5a13b14ce","2020-06-28","ratkosrb","Fix a typo in comment.","5a13b14ce08869cfcb18f8bbe2a7354afa488b8f"
"4","AI & Movement","062dc60d7","2020-06-27","ratkosrb","Remove mail responses that don't exist in Vanilla.","062dc60d78b215c8466aebeb311b3190b9620ad6"
"5","General Systems","761401e38","2020-06-26","Daribon","Updated spawn of PvP NPCs in Thunderbluff. (#628)","761401e3876953f678e5639b430a6d683ede97e6"
"5","General Systems","b114a53fb","2020-06-26","Daribon","Update Varimathras orientation and size. (#629)","b114a53fb460dce2bfcd4476c0ce2f76b0b39312"
"5","General Systems","14ce95f79","2020-06-26","ratkosrb","Fix broken gossip option icons on old client builds.","14ce95f79f9ae9ade98b8221a86fc4c95e2b376c"
"1","Crashes & Security","d62ac66d9","2020-06-26","Daribon","Implement changes to MC attunement. (#617)","d62ac66d981c31d1478e5e5cec14aff91f0a51eb"
"5","General Systems","0042ecf77","2020-06-26","Daribon","Updated spawns for Sulhasa and Shaethis Darkoak. (#615)","0042ecf77447f68bce122bc49d355198b50d2d56"
"5","Encounters & World","f6216a6f0","2020-06-26","NickTyrer","Fix Hillsbrad Vendors (#600)","f6216a6f0f4da24f5baff614c87d4c287bf67c96"
"5","Encounters & World","2b606fe4d","2020-06-26","NickTyrer","Fix Arathi Highlands Vendors (#597)","2b606fe4d1b8bbcf4da0f3a71aff45e4b600b6b1"
"5","Encounters & World","a92053dda","2020-06-26","NickTyrer","Fix Viktori Prism'Antras script (#636)","a92053dda00ce4832e74ab49fec95bb83c40e288"
"5","Encounters & World","c6dd647f1","2020-06-25","ratkosrb","Add portuguese item descriptions.","c6dd647f15a9dc13d252b0f7ea1bd535b49ba3ff"
"5","General Systems","af9f0cd6d","2020-06-25","ratkosrb","Update portuguese locales.","af9f0cd6d8d90040fe94c2fae7168475413e68c2"
"5","Encounters & World","82e8daa71","2020-06-19","NickTyrer","Fix quest givers for quest A Simple Request (#594)","82e8daa717ff1ce08b15cb75f9915ba6bb97eeee"
"5","Encounters & World","680285d39","2020-06-19","NickTyrer","Add Wetlands Hide and Seek event (#591)","680285d39e74c381e43359ad4d8f2d5216f45fba"
"5","Encounters & World","2bb847736","2020-06-19","ratkosrb","New script for UBRS Blackrock Stadium Event. (#611)","2bb8477367f1dedd2db6636467426aa5d0bf7ebc"
"5","General Systems","38b3126dd","2020-06-18","NickTyrer","Fix mistake in Bingles Blastenheimer waypoints (#613)","38b3126dd32934c3e434ca75aac866bf1074cdc5"
"5","General Systems","8cc7a13bd","2020-06-15","ratkosrb","Correct waypoints for Ursangous.","8cc7a13bdc4d1698e07563d4af7b60b23c1ec51f"
"5","Encounters & World","40e09eb84","2020-06-15","NickTyrer","Corrections to Wetlands Vendors (#590)","40e09eb84574f963516f8f76da6d0045e0c067e9"
"4","AI & Movement","6b2d5190a","2020-06-15","ratkosrb","Add display probability and scale to creature template. (#604)","6b2d5190a22dc2a9b60f2d3b6b6b87b4ccd463e9"
"5","Encounters & World","7d0ef5388","2020-06-12","NickTyrer","Fix script id for Bingles Blastenheimer (#606)","7d0ef5388e402d7e0239c691b164dd005bbfeb5a"
"5","Encounters & World","a1ca97133","2020-06-11","NickTyrer","Corrections to Loch Modan Vendors (#583)","a1ca9713327d8920c54bc4cf56303165c6ccf4db"
"5","General Systems","3dd997030","2020-06-08","ratkosrb","Correct positions of Justine Demalier and Melris Malagan.","3dd997030129ac6ea1801fa228828812e7f9eeaa"
"5","Encounters & World","d44e4dd9e","2020-06-08","GrenderG","Fixed Stormwind Rendezvous and The Great Masquerade quests. (#578)","d44e4dd9e477d0d00d9492ab301cc902545f4b90"
"5","Encounters & World","e264dc901","2020-06-08","GrenderG","Deleted non-blizzlike skinning loot template. (#572)","e264dc901d82aef859514d5d154eb820b6626c0c"
"4","AI & Movement","e6227aebf","2020-06-08","NickTyrer","Add stockades jailbreak event (#567)","e6227aebf7ed00dc4ba29b0a34bc492c546599a5"
"2","Combat & Spells","59ce12da2","2020-06-08","ratkosrb","Update table key name in custom duel cooldown reset sql","59ce12da25cc8cc83a30f847979198e803439301"
"5","General Systems","f9ddf353a","2020-06-07","ratkosrb","Update included zlib to 1.2.11 (#587)","f9ddf353ad1b51ac344145615b4744281d6e1ada"
"4","AI & Movement","fb3a42f22","2020-06-07","NickTyrer","Update alchemy trainers gossips (#547)","fb3a42f22bdd11f67d8dfeddead6da2ee72d5183"
"5","General Systems","590187892","2020-06-07","ratkosrb","Fix travis build.","590187892ef814305ca138479fcdfbaee0baa17c"
"4","AI & Movement","a1e5ab989","2020-06-07","NickTyrer","Add conditions for alchemy trainers gossip (#527)","a1e5ab9893350e0fbeb4a8d910df293c87e88b36"
"2","Combat & Spells","24ccad3dd","2020-06-07","ratkosrb","Fix spell ids used on 2 items.","24ccad3dddca083712ff571ea53433d7ed9279b4"
"5","General Systems","4ddd01e79","2020-06-07","ratkosrb","Correct gossip menus for some npcs.","4ddd01e7994973937ebedee5bb311a03fc38a5a8"
"5","General Systems","9f24cc804","2020-06-03","ratkosrb","Add PickRandomValue helper and fix Coarse Dynamite dummy.","9f24cc80452ef7c0264c4543eca1887d8bfd3f81"
"4","AI & Movement","8f55a4303","2020-06-02","ratkosrb","Don't delete Bot AI on mind control.","8f55a4303dc6a942ed9be3a1202fbddb6124d333"
"5","Encounters & World","6acb84494","2020-05-31","NickTyrer","Update Nurse Lillian script (#566)","6acb8449445bf4448a86541d13622915210704e5"
"4","AI & Movement","3c78fbc17","2020-05-31","NickTyrer","Add movement scripts to Haggle (#564)","3c78fbc176786d08e29834d271caedcc831c8eb2"
"4","AI & Movement","c849de0a9","2020-05-31","NickTyrer","Add movement scripts to Grand Mason Marblesten (#561)","c849de0a9b32c6d2f3d39ce39aff7fe45acc42e8"
"5","Encounters & World","051e1ed01","2020-05-31","NickTyrer","Corrections to vendors in Ironforge (#562)","051e1ed01e0805703294c93e0de8b5fcd63eb995"
"4","AI & Movement","1628433e9","2020-05-31","NickTyrer","Add movement scripts to Gol'Bolar Quarry (#558)","1628433e97b935be8856701361c109444c52b5d0"
"4","AI & Movement","805198265","2020-05-31","NickTyrer","Add movement scripts to Amberstill Ranch (#555)","805198265f77046db717bd4ec3190ff637e077f0"
"5","General Systems","99d377f1c","2020-05-31","ratkosrb","More gossip menu corrections.","99d377f1c9bc65b4f88ea7951e82edd697ad4039"
"5","General Systems","3421cd17b","2020-05-31","ratkosrb","Fix compile error with visual studio.","3421cd17bbda8aea4b7e3c17f0836d3339216309"
"5","Encounters & World","3d668704b","2020-05-30","GrenderG","Fix level 40 paladin mount quest ExclusiveGroup. (#576)","3d668704b5749970b5a3f51f70d7c41575bc9fd3"
"5","General Systems","c5606f045","2020-05-30","GrenderG","Fixed deleteitem command and added merged updates to .gitignore. (#575)","c5606f04539829058d618cca0fd37c9422eeb40d"
"5","General Systems","24f8b01ba","2020-05-30","ratkosrb","Remove custom Black Lotus spawns and correct positions.","24f8b01baa9821a6fbd2dbb6689a95eb93b354a8"
"2","Combat & Spells","4c508fd52","2020-05-29","ratkosrb","Fix to caster position dependent spell target types.","4c508fd52afeb484cd1c6ad7af4f9cd6616ee0e7"
"5","General Systems","8b78abfa6","2020-05-29","NickTyrer","Fix last migration (#580)","8b78abfa63116089295ee4bf982f42df420ff084"
"4","AI & Movement","8d78b83cd","2020-05-28","NickTyrer","Add missing recipes to alchemy trainers (#545)","8d78b83cd3e07a151fdbed2d18b931b0db59a1d4"
"5","General Systems","54ad651f0","2020-05-28","ratkosrb","Correct usage of CreateObject2.","54ad651f0115873f8217e90798dc415b0b60cb51"
"5","Encounters & World","e8daf1367","2020-05-27","NickTyrer","Add missing starter npcs to quest Feathermoon Stronghold (#543)","e8daf136704c9a4854cb2c98561ca4bc7bda5b76"
"5","General Systems","ede00227e","2020-05-27","NickTyrer","Fix a couple of npc locations (#511)","ede00227ea5b74920b38430540001743a9d4a605"
"5","General Systems","7270b99bd","2020-05-27","ratkosrb","Fix Stratholme rat trap gates.","7270b99bd65c3cb9d81e436a5d470c388248a472"
"4","AI & Movement","1fd64ba79","2020-05-26","ratkosrb","Fix gossips for many trainers.","1fd64ba79f88afb6784cbf1d8e35d8f8f804299f"
"5","General Systems","6b56470fd","2020-05-26","ratkosrb","Correct data for Thorvald Deepforge.","6b56470fdd28305bf7574920bc5763726f9d846d"
"5","General Systems","ce42f2b81","2020-05-25","ratkosrb","Fix Curse of Agony before patch 1.11.","ce42f2b81822f15f5c1a6a71cd96744cae098829"
"5","General Systems","d5ac534c5","2020-05-21","ratkosrb","Fix size of a few Tauren NPCs.","d5ac534c57c7204599ad400fa4889768d7de89b7"
"5","Encounters & World","17e8cdaa3","2020-05-21","ratkosrb","Update game event time for 2020.","17e8cdaa3ade69aad3f5a7c3be28333e5aac5b72"
"5","Core Architecture","22202bb92","2020-05-18","ratkosrb","Fix guild tab in pre 1.9 clients.","22202bb9263e4a019634a88fdb2e4a7cf90a92c7"
"2","Combat & Spells","8500c328c","2020-05-18","ratkosrb","Fix bonus for spells where damage is not first effect.","8500c328cf49775cb3b840bc5ea3f7444aa69370"
"4","AI & Movement","55ba8c158","2020-05-17","ratkosrb","Correct position of some creature spawns.","55ba8c15866cca3a1c99d96e2797398b0c3ecf77"
"5","General Systems","0888bdb4e","2020-05-17","Daribon","Correct positions for Spirit Healers and Undercity Graveyard. (#546)","0888bdb4e86e60090a933efd3378cd3f0d2b487c"
"2","Combat & Spells","e6b3ecd2c","2020-05-17","ratkosrb","Update debuff limit category for some spells based on logs.","e6b3ecd2c2475543d97a178488ece4d6a1244628"
"2","Combat & Spells","dc91bbfab","2020-05-16","ratkosrb","Add spell bonus coefficients from classic.","dc91bbfab5b547053148eb39f4e405e036ffb33f"
"5","General Systems","3d97172ec","2020-05-15","NickTyrer","Correct spawns near Stockades entrance (#541)","3d97172ecb0fd689ef236b8c66f966bfb182e0b6"
"4","AI & Movement","eee4ca7dd","2020-05-15","NickTyrer","Ensure alchemist trainers have the correct recipes (#529)","eee4ca7dd889a30ae31ca11ec3d0fc6a23f93f0d"
"5","Encounters & World","02afc0d21","2020-05-15","ratkosrb","Add a few missing gameobject spawns.","02afc0d21df989914aa924b4f03ba048f9baf228"
"5","Encounters & World","068899dbc","2020-05-14","ratkosrb","Add command to unbind whole group from instance.","068899dbceaeef193d848a30a145a569da7ebeab"
"5","Encounters & World","92d6bf141","2020-05-14","ratkosrb","Correct guild tabard vendor gossips.","92d6bf141bec5c5d42c419709d6b26f12873ec74"
"5","Encounters & World","bcf515426","2020-05-13","ratkosrb","Move some RFD scripts to database.","bcf5154261aa5ad2324de2593dcc6489b7674a9e"
"5","General Systems","25f252f7c","2020-05-13","ratkosrb","Correct spawn position of Grel'borg the Miser.","25f252f7cd537653685acee707bd1d6c0cd3b3be"
"4","AI & Movement","70dab7ba6","2020-05-13","ratkosrb","Correct gossips for Ironforge Engineering trainers.","70dab7ba60ceeb503fb7d127e2d27c9e8e9fabdb"
"5","Encounters & World","56ee93f39","2020-05-13","ratkosrb","New script for Taskmaster Fizzule.","56ee93f39b9cb134f9e072399f846b28ad87508e"
"4","AI & Movement","f89afc905","2020-05-13","NickTyrer","Fix rogue quests and trainers re #442 (#513)","f89afc9051ef0cf3e362d2cd170dca814a42a7dd"
"5","Encounters & World","b9c83f0b0","2020-05-13","NickTyrer","Add gameobject blue recluse sign (#518)","b9c83f0b08a41f95ac22a3cb83add74fe7e93a42"
"5","Encounters & World","eae3759ed","2020-05-12","NickTyrer","Fix cloth donation quests (#509)","eae3759ed5a9d10e30a79019344ef9e698a86c9c"
"5","Encounters & World","49b731dbb","2020-05-12","ratkosrb","Move some item reputation requirements to vendor conditions.","49b731dbb3ca2ad8ebfc6a4a8dc98fc3150819ad"
"1","Crashes & Security","d092ac0ef","2020-05-12","ratkosrb","Fix soulbound items before 1.7 and misc db changes.","d092ac0ef1af790acdb5324d4c88041326bdee32"
"5","General Systems","d22fc715d","2020-05-11","ratkosrb","Correct npc text data.","d22fc715d9755978fa23005c1bbdd19c12c774a3"
"5","General Systems","4b80e69c3","2020-05-11","ratkosrb","Update some page text entries.","4b80e69c30702cea93ee7a55aeaa5608af27612a"
"2","Combat & Spells","facb9e9a8","2020-05-11","ratkosrb","Fix Lava Annihilator damage.","facb9e9a8a4bd27968349575f7ab2ff21615e3d4"
"4","AI & Movement","cfc0b1517","2020-05-10","ratkosrb","Sync remaining gossip ids with cmangos.","cfc0b1517bc34058c812c203182385606dd044bc"
"5","General Systems","108799004","2020-05-10","ratkosrb","More gossip corrections.","108799004810e989bf05e130ca87c577044ecc26"
"5","Encounters & World","52552831f","2020-05-09","ratkosrb","Add back Hex of Weakness quest to Aelthalyste.","52552831f4f4a11451544d509fe410e06206cc95"
"5","General Systems","8180f87ec","2020-05-07","tonymmm1","Fixed trivial mistake in .travis.yml (#528)","8180f87ececade32623a9c2f3f3576fe6e3cf55a"
"5","General Systems","db1e49ee8","2020-05-07","tonymmm1","Fixed travis and added support for windows builds (#519)","db1e49ee873bc73971f977c0512e5dd86c84a524"
"4","AI & Movement","ab11bde48","2020-05-05","ratkosrb","Add missing emote to Kul Tiras Sailor.","ab11bde485814e2161bf8d174ff789035ecae2fe"
"4","AI & Movement","1084b3142","2020-05-05","ratkosrb","Disable waypoint smoothing for creatures in groups.","1084b31421697675fa439e76ba9bc18cd1625949"
"5","Encounters & World","93ba2e065","2020-05-05","ratkosrb","New scripts for level 5 priest quests.","93ba2e065469939c6db18658d2c7522c4e9e258d"
"5","General Systems","f068b5623","2020-05-05","ratkosrb","Fix waypoint issues on last point due to smoothing.","f068b5623a1237097e23d0368304a94ed9af6d3f"
"1","Crashes & Security","b8958bd9f","2020-05-04","ratkosrb","Miran's faction was changed in 1.10 not 1.7.","b8958bd9f66a38f00cbb8217d26a3767741ae324"
"5","Encounters & World","7a574e6b7","2020-05-03","ratkosrb","Update custom sql to remove gm island vendors","7a574e6b7b0ba3bfa2a66bb604b40f67c6b3be29"
"5","Encounters & World","528f3d12d","2020-05-03","ratkosrb","Update custom sql to add gm island vendors","528f3d12dfa67c08e89da140c082fbb542f35007"
"5","Encounters & World","936b83348","2020-05-03","ratkosrb","Improve Call of Fire quest.","936b833483377b360f2a08fd2401d7230437e6ee"
"3","Bounds & Exploits","5cbd094b9","2020-05-03","ratkosrb","Add range checks to inspect and trade.","5cbd094b93e7044846d15d9055ebf999821f4acc"
"5","Encounters & World","708c1731b","2020-05-03","NickTyrer","Fix hunter quests (#478)","708c1731b8d417437bbb443a00cda26be1267747"
"5","General Systems","3fb903043","2020-05-03","NickTyrer","Multiple database fixes (#480)","3fb903043dd88bbb133b09d890799026d843c5bb"
"4","AI & Movement","241ee3e66","2020-05-02","NickTyrer","Fix warrior quests and trainers re #441 (#476)","241ee3e66dfcb3eb0c24c13b60b91c8e9254dec5"
"5","General Systems","83ddc7ca8","2020-05-02","NickTyrer","Correct position of Cenarion Emissary Blackhoof and Grinkle (#503)","83ddc7ca85e3ec5f31617b0e3322cec5130efa74"
"5","Encounters & World","157592d70","2020-05-02","schell244","Improve quest item tracking in UI (#497)","157592d7090832891c12494184e3662c2d8437b9"
"2","Combat & Spells","25100ddf1","2020-05-02","ratkosrb","Correct stats for trash mobs in Ony, MC, BWL and ZG.","25100ddf1156da3131aca2af7e7d46a1cad6a992"
"2","Combat & Spells","b5c11cafd","2020-05-02","ratkosrb","Correct stats for BWL creatures.","b5c11cafd9656a4de83e595c69040aafe18e2ffd"
"2","Combat & Spells","f5bb15e34","2020-05-01","ratkosrb","Correct stats for Molten Core and Onyxia bosses based on Bestiary.","f5bb15e34c1180fb6490c4804f23b732659590f0"
"2","Combat & Spells","d897e5df4","2020-05-01","ratkosrb","Add scale and sheath state to unit info command.","d897e5df4d23f4bffe8f1a3cfabb474f940f4621"
"2","Combat & Spells","2565e82eb","2020-05-01","ratkosrb","Divide Hakkar's damage in 2.","2565e82eb732d5857117dd0cd6b974420b0e6416"
"2","Combat & Spells","d97d96aa3","2020-05-01","ratkosrb","Make some spells persist through evade.","d97d96aa394c58761ba8852674c011a27efd6660"
"2","Combat & Spells","dc042f9dc","2020-05-01","ratkosrb","Correct stats for ZG bosses.","dc042f9dc608512952abb902d63b2579b6e9125f"
"2","Combat & Spells","0edcb3709","2020-04-30","ratkosrb","Extend negative range to spells too.","0edcb3709c9dc2e7ff6fdf97bc99d843c44e83a0"
"4","AI & Movement","0bc405964","2020-04-29","ratkosrb","Correct data for ZG creatures.","0bc40596498550af21e2823042371789ea048779"
"5","General Systems","da6b1c494","2020-04-26","ratkosrb","Fix some warnings found by GCC.","da6b1c4947b3451d7d84b5f943b9cc550da51ed0"
"5","General Systems","601b8e442","2020-04-24","ratkosrb","Update Righteous Orb drop chance.","601b8e442af642fc75323440bcdcfbb91043c462"
"5","Encounters & World","dd811ea20","2020-04-24","ratkosrb","Add some quest greetings.","dd811ea20339c8dae0d45f9355e5c5850ae3a394"
"5","General Systems","e0f971ca0","2020-04-24","NickTyrer","Fix sql errors (#477)","e0f971ca00304f7df34fb146414e60600fd7422f"
"5","Encounters & World","1f7567045","2020-04-23","GrenderG","Fixed PrevQuestId for Commander Gor'shak quest. (#475)","1f756704590a413550c443372923a29c7dac6573"
"4","AI & Movement","c9ac1a458","2020-04-23","NickTyrer","Fix paladin quests and trainers re #444 (#472)","c9ac1a458433f43a5b40069d9ae4f29c58c3eb62"
"5","General Systems","7acafb715","2020-04-23","tonymmm1","Fixed typo in .drone.yml (#471)","7acafb7155e9379f33378ec5c6177657ea5dd283"
"2","Combat & Spells","071a91e45","2020-04-23","NickTyrer","Update priest trainers with correct spells (#468)","071a91e45dc75243e83817f60d1f1edcde08f98f"
"4","AI & Movement","d0525a3bb","2020-04-23","NickTyrer","Fix priest quests and trainers re #450 (#465)","d0525a3bb886ab4617a4e85239e71e50d646efb6"
"5","General Systems","835a03316","2020-04-23","ratkosrb","Fix equipment for Bartleby and disable waypoints.","835a033169177683fe51068e43be8966794780bc"
"4","AI & Movement","07e58ba63","2020-04-22","ratkosrb","Add player support to distancing movement.","07e58ba63524b3a1a68e1986100ddb87be341024"
"1","Crashes & Security","140bf67c5","2020-04-20","ratkosrb","Small changes to bots.","140bf67c595865c0eb873cee7491617fcd0cb841"
"5","General Systems","75367b6aa","2020-04-20","ratkosrb","Fix gossip for Ribbly Screwspigot.","75367b6aa58472cbc36a24366e073dee4701100d"
"4","AI & Movement","a6b66ae42","2020-04-20","ratkosrb","Do not show pet talent reset option before 1.7.","a6b66ae426f4e2a000f491c92dcc639109238e4b"
"4","AI & Movement","f6f3beee6","2020-04-20","ratkosrb","Add Faerie Fire (Bear) to trainers.","f6f3beee6714ddb8f791fcb66a4271995eba49aa"
"5","Encounters & World","55958b2e2","2020-04-20","ratkosrb","Correct patch for a few gameobjects.","55958b2e267861d59c2ea2e099a51c271451a413"
"5","General Systems","5d22e79d4","2020-04-19","ratkosrb","Fix startup errors with 1.6.1 client.","5d22e79d4d98dc68379f9dd32fafd91efd63dc9a"
"2","Combat & Spells","fd446e41a","2020-04-19","ratkosrb","Remove static Protector of the People spawns.","fd446e41acafc361c526eaaf871223e2c70a5329"
"5","General Systems","11bada3c1","2020-04-17","tonymmm1","Add support for Drone CI and update Travis CI (#455)","11bada3c191aeefbc9614ff0d12dc62b4a9ffbd3"
"4","AI & Movement","2c1316179","2020-04-17","NickTyrer","Fix shaman quests and trainers re #436 (#460)","2c1316179b0bda85166b295801798f277b60ddda"
"5","Encounters & World","231c3244e","2020-04-17","ratkosrb","Fixes for Call of Water quest.","231c3244e9c1e43713c6d052ff0a868d77bd5717"
"4","AI & Movement","8681ea1f7","2020-04-17","NickTyrer","Fix druid quests and trainers re #436 (#458)","8681ea1f7e42fae67180cdbe8590a3a07459197e"
"4","AI & Movement","109aca070","2020-04-17","NickTyrer","Fix mage quests and trainers re #435 (#457)","109aca07052964c7448f0175a57c939c49b097da"
"5","Encounters & World","0f23ec9f9","2020-04-17","ratkosrb","Add condition support to vendors.","0f23ec9f92b185c4ea4d784e1d1d99fe955bf81e"
"4","AI & Movement","b7c29a4b2","2020-04-17","NickTyrer","Fix warlock quests and trainers re #434 (#452)","b7c29a4b2650d40dcef837b30424c6dd8dd51997"
"2","Combat & Spells","df4f4bb44","2020-04-16","ratkosrb","Implement create house spell effect.","df4f4bb44d4129f43beeb527c92bb497e786656f"
"4","AI & Movement","38b75ae07","2020-04-16","ratkosrb","Use broadcast texts for quest Escorting Erland.","38b75ae072135a26d1b5f29be6f93fdaca27f590"
"2","Combat & Spells","9e47ff0a7","2020-04-16","ratkosrb","Add a rudimentary formula for raid XP penalty.","9e47ff0a7d7544a82ed4245a0485bf309e27a166"
"2","Combat & Spells","05b474c3b","2020-04-16","ratkosrb","Fix XP reward from mobs summoned by a spell.","05b474c3bb0e092eb2dffacf923aa4abe6928117"
"4","AI & Movement","3bd00f586","2020-04-16","ratkosrb","Add missing LOS check in Pet Event AI.","3bd00f5860e349c812fc2dc79da94971659375e4"
"1","Crashes & Security","680de2660","2020-04-10","ratkosrb","Handle teleport in CheckPendingMovementChanges.","680de266000bb530010243415ae78f2de930a34e"
"2","Combat & Spells","573057a9c","2020-04-10","ratkosrb","Add commands to unlearn recipes and gm spells.","573057a9c4d165f20348912f7a48cb88e2f01955"
"5","General Systems","332172c27","2020-04-10","ratkosrb","Improve teleport handling.","332172c2710d2548a88e6cf14016ab72c40358e4"
"5","General Systems","66ebe7f87","2020-04-09","ratkosrb","Rename and handle the affects victim hitinfo flag correctly.","66ebe7f87912dccc032bb293e9b5f3a0990de4ca"
"2","Combat & Spells","f77d1c371","2020-04-08","ratkosrb","Add target for Test Ribbon Pole Channel spell.","f77d1c371fe925fc96701ed74b4c7799a221c8da"
"4","AI & Movement","1e4f18e32","2020-04-08","ratkosrb","Correct movement speeds for some creatures.","1e4f18e32820902f6905da69d04e0eaeccfa84c8"
"2","Combat & Spells","4a1083821","2020-04-08","ratkosrb","Correct attack speed for some creatures.","4a1083821eecdd77129e053e9c77b966c15f6924"
"5","General Systems","ec8b96abb","2020-04-08","ratkosrb","More faction corrections.","ec8b96abbaad3b1ae7da0bd49437f656aa91d698"
"4","AI & Movement","7396e157d","2020-04-08","ratkosrb","Add some creatures seen on Programmer Isle.","7396e157d59b3ffe7ed4cfe960d81a6cdf718bf3"
"5","General Systems","f2b4c043d","2020-04-07","ratkosrb","Fix update types pre 1.9.","f2b4c043d05a344410874154f677fcc05b2efc5d"
"5","Encounters & World","8ed340bb9","2020-04-07","ratkosrb","Fix transport progress pre 1.9.","8ed340bb98f1d0fdd59509046f56e28a3626a6a0"
"4","AI & Movement","c57d1cb95","2020-04-05","ratkosrb","Correct faction for more creatures.","c57d1cb955f09739ad3451eec998d26cc1837248"
"4","AI & Movement","14c6d5843","2020-04-05","ratkosrb","Correct faction for some escort npcs.","14c6d58432edf83708174fb53b4d00dfaf0fa438"
"4","AI & Movement","bbcb7860f","2020-04-05","ratkosrb","Increase reset time limit for OOX escort quests.","bbcb7860f28510492da49c42a7db14c59faeda9b"
"5","General Systems","7d9e502a1","2020-04-05","ratkosrb","Correct default faction for some mobs.","7d9e502a1247a441e8ab767df9a366295d0f5010"
"5","General Systems","4fd6091a3","2020-04-03","ratkosrb","Fix animation of Dreadstead ritual circle.","4fd6091a3a58d22142e8b8437c556e3321d5a4c6"
"2","Combat & Spells","c4aa59e4c","2020-04-03","ratkosrb","Send correct spell id when down ranking aura.","c4aa59e4c317dbee082db2f1aa05331a67065ca3"
"2","Combat & Spells","623e9440a","2020-03-27","ratkosrb","Add missing gossip and spell to priest trainers.","623e9440a2888412adbef23be4fe7b018f917efe"
"5","Encounters & World","ac8516fff","2020-03-26","ratkosrb","Fix more priest quest relations.","ac8516fff879bd66c1248fc5e7dc804908ed62bb"
"5","General Systems","66bcdb846","2020-03-26","ratkosrb","Fix scale of Orb of Domination.","66bcdb8464be1693ded26ae2c4c3a3d7a51a56bb"
"4","AI & Movement","ae98dff7f","2020-03-26","ratkosrb","Correct givers for quest Cenarion Aid.","ae98dff7f5f44937e5a1ec48c4bcec69a40a2cf0"
"5","Encounters & World","e1f388d16","2020-03-26","ratkosrb","Fix relations for undead priest quests.","e1f388d165e6fe5d4096aa8a8c415512ec264c2c"
"5","General Systems","fad8cb86b","2020-03-26","ratkosrb","Correct position of 2 cultists in felwood.","fad8cb86b3402996da0c7023928bc432ccc95e30"
"4","AI & Movement","99d11c260","2020-03-23","ratkosrb","Optimize movement checking code. (#429)","99d11c26021a1b3c479dc75bcc503e9477d76a70"
"4","AI & Movement","41661ae8f","2020-03-22","ratkosrb","Fix undead priest trainers.","41661ae8fbc3b6a2014724a94f6bb75b4b1d602c"
"5","Encounters & World","65fceeb3f","2020-03-16","ratkosrb","Add missing completion text for quest Summon Felsteed.","65fceeb3fc3371e85ee4fa9736c3ad3217778dec"
"5","Encounters & World","d692f863e","2020-03-16","ratkosrb","Improve warlock orb quests.","d692f863e54e9ccf627db6aa84cf6d693e7a84eb"
"5","Encounters & World","9e9d579a9","2020-03-16","ratkosrb","Use correct quest for Naxx attunement.","9e9d579a98edc29c67b0fcceeaa0ac0c1debdfd9"
"5","Encounters & World","fb5c193a8","2020-03-15","schell244","German quest locales for Hillsbrad Foothills (#401)","fb5c193a840fa8062a27f0e62b2414d70921f1a2"
"4","AI & Movement","b53a0f10b","2020-03-15","shenna","Add command to mount any targeted creature. (#400)","b53a0f10b77a8a46d5621c4ca8ee4614553cc516"
"4","AI & Movement","18a3a0105","2020-03-15","schell244","Fix movement issue for npc 1502 (#397)","18a3a0105ac06960e6a6b836ea55726f3ed75c36"
"4","AI & Movement","4c3f4e5ed","2020-03-14","ratkosrb","Avoid extra copy in path finder.","4c3f4e5edc2c4f4a8a297b87957ec4ad7bb7c31d"
"5","General Systems","16ef797e2","2020-03-10","ratkosrb","Improve Arcane Missiles animation.","16ef797e2ceff160f47261d1cda970f14ab3c055"
"5","General Systems","cf4576b19","2020-03-09","ratkosrb","Update some custom sqls.","cf4576b1940d27006808273244491696bdd2d3f3"
"5","Encounters & World","26addb524","2020-03-05","ratkosrb","Rework of the New Year's Eve and Fireworks events. (#398)","26addb524373e12667d050f23caedc53d3f8ffd6"
"5","Encounters & World","556edf862","2020-02-29","shenna","Don't display master looter icon if group is not set to it. (#390)","556edf86297a2a7f12791219e2accbc1d4ff831b"
"1","Crashes & Security","4c6f080c8","2020-02-29","ratkosrb","Allow changing rank points of other players.","4c6f080c86fce21607bc1a7d4240d89910fb70c6"
"5","Core Architecture","b13ed5000","2020-02-29","shenna","Add commands to customize player appearance. (#386)","b13ed50000a26e994c74aac1a29f7fc5c9b341b2"
"5","General Systems","b8bd3b4b9","2020-02-27","ratkosrb","Try to fix Travis build.","b8bd3b4b9f7075472608315ccbb076b8fccd8128"
"1","Crashes & Security","d34b44c47","2020-02-27","ratkosrb","Fix non existing gameobject type crashes on old clients.","d34b44c47d571b02d3a6f7a93a0006e8cffba560"
"5","Encounters & World","78faaabe1","2020-02-26","shenna","Add item Strong Fishing Pole to vendor Zizzek. (#383)","78faaabe157a983249a688fbadfce62af515f4b3"
"5","Encounters & World","fdd3a9f48","2020-02-26","shenna","Generate correct random property on buying item from vendor. (#382)","fdd3a9f48d56004ca501dd62f5856d2bd9d17a3b"
"5","General Systems","65bab6263","2020-02-27","liuxiaodong","Fix battleground entry at the gate (#380)","65bab62632e046e7d837c31b0916798341e9cd94"
"5","General Systems","f40633491","2020-02-26","ratkosrb","Fix several problems with battlegrounds before 1.7.","f40633491fbe0f35f1c4684bed4c663ef12fc444"
"5","General Systems","3d5a3cecb","2020-02-24","ratkosrb","Fix jumping to other targets with Mind Vision.","3d5a3cecbf7c48ca4031034660297b5ce53181bb"
"4","AI & Movement","9318fbf38","2020-02-24","ratkosrb","Fix pet regen.","9318fbf38d3f5dde33aa296c2eb581bf4d1b7036"
"5","Encounters & World","8cf291be4","2020-02-23","ratkosrb","Correct data for a few more gameobjects.","8cf291be499a2fea6b20a129386d8d64447a4de8"
"5","Encounters & World","b38472ece","2020-02-23","schell244","Added all german quest locales for silverpine forest (#373)","b38472ece27cc39b3e683a5f37a30e66948bb3d9"
"4","AI & Movement","6f4b46574","2020-02-23","GrenderG","Mini pets should face the owner when spawning. (#375)","6f4b465742bea138e554caf0c54a2f1b336efe42"
"2","Combat & Spells","0e0211909","2020-02-23","ratkosrb","Implement spell Lordaeron's Blessing.","0e0211909e606d40f5c80630f8323feb4e832ebc"
"1","Crashes & Security","626ffef32","2020-02-23","ratkosrb","Misc optimizations and changes.","626ffef32a2f8991da88128eba00a79c52806d80"
"1","Crashes & Security","f6371ac4f","2020-02-23","ratkosrb","Fix crash with Infernal pet.","f6371ac4f5aefcec57735258e7bedf7ebd8632e6"
"5","Encounters & World","bc3d7fee0","2020-02-22","ratkosrb","More gameobject template corrections.","bc3d7fee0464d7c1d8293bebc8898420893eb6b4"
"1","Crashes & Security","b868fef01","2020-02-22","ratkosrb","Add knockback chat command and other misc changes.","b868fef01db78aa28a7979dc537ac1f3b7edbf8f"
"5","General Systems","894b0fc26","2020-02-18","ratkosrb","Fix compilation of old builds.","894b0fc2674fca169e7fcca6f1688a3d89b185bf"
"5","Encounters & World","a683100fc","2020-02-16","ratkosrb","Update gameobject template data. (#370)","a683100fcc3c8e39ab0cefc7d6cbeaf95911086c"
"5","Encounters & World","9b7895460","2020-02-16","schell244","Corrections for fishing loot patch (#372)","9b78954601e8d717c8e8f4637e18527ee62fcdfd"
"5","General Systems","f130a36e2","2020-02-16","GrenderG","Garr fixes to match the Blizzlike mechanic. (#367)","f130a36e20376941317df5f5f1016d7a8029bd2c"
"5","Encounters & World","c89675a2b","2020-02-16","schell244","Added more german locales for tirisfal low level quests (#366)","c89675a2b05ad336361524043a42486cc2a8a67c"
"4","AI & Movement","524c22503","2020-02-16","GrenderG","Fixed pet follow angle and distance to match Classic. (#365)","524c22503b96bb13b1d8fb36d80d8772273cd587"
"5","General Systems","1d5e29310","2020-02-16","schell244","Improvements for hourly bell sound code (#363)","1d5e293106cae6a5458938f264c234fccc6503ca"
"5","Encounters & World","b273f18d4","2020-02-10","schell244","Added german translations for tirisfal low level quests (#361)","b273f18d45ceb93ad5612445a10c46d4f89a4cb9"
"5","Encounters & World","c5fa66e33","2020-02-10","schell244","Improvements for fishing loot tables (#354)","c5fa66e33da2cc8c126c23b3c61a8aa3d62a2f87"
"5","General Systems","dbe7c5933","2020-02-10","Kittnz","Core/Objects: increase sight range of all objects & correct general default visibility distance (#283)","dbe7c59332b0cc46cb55b1fc488aef5e2a0497d3"
"5","Encounters & World","201ffbeb7","2020-02-06","ratkosrb","Prevent accidental reset in Father Flame event.","201ffbeb734763b803bdcd1245a74c36d4db8e8a"
"1","Crashes & Security","805144755","2020-02-02","ratkosrb","Change naming style of broadcast_text fields.","80514475555fc4f4a5c757d4b63d83d582bca243"
"4","AI & Movement","932958540","2020-02-02","ratkosrb","Rename creature_model_info table.","932958540a4bd06ca277163648c6808f4aa3defa"
"4","AI & Movement","fe44fc002","2020-02-01","ratkosrb","Update a lot of creature data.","fe44fc0022055b1159594716ed88897c5fff022d"
"4","AI & Movement","6b2045a7b","2020-01-30","ratkosrb","Witching Harpy should flee.","6b2045a7b5feca37589b5248f496b88cccb47020"
"5","General Systems","b25df55dd","2020-01-30","ratkosrb","Fix possible use of deleted memory.","b25df55dd5be88bbb1e668e916259b1a848a1d03"
"4","AI & Movement","026b48877","2020-01-28","schell244","Add quest 1823 to trainers in Undercity and Thunderbluff (#355)","026b488770437ce3e6bd5ff4eedd754d2d166985"
"4","AI & Movement","352a2b14b","2020-01-25","ratkosrb","Squish creature guids.","352a2b14b7f3d37eb840a21d98795d654692ad92"
"4","AI & Movement","696652bf4","2020-01-25","ratkosrb","Correct data for some creatures.","696652bf43996710c0c250447ad292cf9af2b317"
"4","AI & Movement","e4fdc481c","2020-01-25","alexkulya","Add some creature waypoints.","e4fdc481c2d83b10a7aae19edd19567cc21e2b4e"
"5","Encounters & World","4744ec53f","2020-01-23","ratkosrb","Allow using Mount script command on players.","4744ec53f0d3c48f8e08f757f1b9bc50c2d70e4d"
"4","AI & Movement","1c98aec0d","2020-01-22","ratkosrb","Improvements to random movement generator.","1c98aec0d84c9ea6298d5857f127228862032ac2"
"2","Combat & Spells","e6484817a","2020-01-21","ratkosrb","Fix bug causing AreaAura to be repeatedly reapplied.","e6484817af57236630a85c61c8f588f2704345cc"
"2","Combat & Spells","7a6eec606","2020-01-21","ratkosrb","Fix typo in duel state enum.","7a6eec6069f59bc8ed2cf0d51f6ecfab90956888"
"2","Combat & Spells","025890698","2020-01-21","ratkosrb","Fix logic bug in SelectAuraRankForLevel.","0258906986e872bae2d3d1ddbe362662539b315e"
"2","Combat & Spells","da32b7228","2020-01-21","ratkosrb","Fix static analysis repeated expression performance warning.","da32b7228a6552d3345c96cc482c89eda0973e6a"
"2","Combat & Spells","3c7ed6212","2020-01-21","ratkosrb","Fix static analysis const reference performance warnings.","3c7ed621248dbec818aab1cfeccee0ce221d92d5"
"5","General Systems","a4b24a9f6","2020-01-19","ratkosrb","Fix waypoint commands.","a4b24a9f616159f640ef16e0f5056403f466260f"
"5","Encounters & World","2d5c57ae4","2020-01-19","ratkosrb","New script for Challenge Overlord Mok'Morokk.","2d5c57ae4467fa3f0ec4a77d71b110c9f9eb122f"
"2","Combat & Spells","00357ec6e","2020-01-18","ratkosrb","Remove invisibility aura (aura 18) based on attribute.","00357ec6ebc085e77f2a140570745b97790ba6eb"
"2","Combat & Spells","5f6dce432","2020-01-18","ratkosrb","Implement removal of spells that don't have appropriate aura interrupt flags using proc system.","5f6dce43294a95ec61f17f51729e5efab895b851"
"5","Encounters & World","b20360cf9","2020-01-18","ratkosrb","Allow target 60 to use script target whenever required.","b20360cf94b11ba5f9188ff460553ea9482936ef"
"4","AI & Movement","4254cf921","2020-01-16","ratkosrb","Fix pathing bug on platforms above water.","4254cf921244bd56effbae4a4a2b26f736cf82e5"
"5","General Systems","34c23c6db","2020-01-16","schell244","Fix hourly bell sound in undead zone (#345)","34c23c6dba4872350128672aef38bfd825ac30be"
"4","AI & Movement","57ce10910","2020-01-15","GrenderG","Fixed Winter Veil pets behavior. (#341)","57ce10910830f9ed5798eb3a40963cbbb819a832"
"5","General Systems","7f031bd21","2020-01-11","ratkosrb","Fix buyback price on 1.7.","7f031bd21b0abb52431ae804c4e4957b53615320"
"5","General Systems","e7eb21963","2020-01-11","ratkosrb","Fix several low starting mana warnings.","e7eb219630b97052e1bea40056a631425bccf3aa"
"4","AI & Movement","d04e14737","2020-01-11","ratkosrb","Add a server command to force reset raids.","d04e14737882e96fe5fb43b1544fc141b89fab1d"
"5","Encounters & World","b159a1cdf","2020-01-10","ratkosrb","Correct loot for Battered Chest (2843).","b159a1cdf32417cdf3d36eaaf6389577f12fc427"
"2","Combat & Spells","e2ada8c93","2020-01-10","ratkosrb","Allow all Sunder Armor and Flame Buffet spells to stack between casters.","e2ada8c93f14d0f706737598cf19fc26f211cedd"
"5","General Systems","2749d0ccd","2020-01-09","ratkosrb","Another attempt at fixing Travis build.","2749d0ccd44b0e9814e02a7fca2d37800e2c43b6"
"1","Crashes & Security","3c3258ecb","2020-01-09","ratkosrb","Change param type of IsPositiveSpell to WorldObject.","3c3258ecb641b230fef240e8233fec328672af2a"
"2","Combat & Spells","61a3374bf","2020-01-08","ratkosrb","Send hit and immunity results for damage shields and periodic auras.","61a3374bfd90727233cad2fb3c303cc9e529a32e"
"5","Encounters & World","5a9a1b761","2020-01-04","ratkosrb","More fixes for the Winter Veil event.","5a9a1b761194d20e18442bbc2993ed3e4dbf1c16"
"5","General Systems","aa833ab62","2020-01-04","ratkosrb","Correct count of Snowballs in Holiday Snow.","aa833ab62523cb28ed88a3a7831dde06ec4944dd"
"5","Encounters & World","f5adb6bc2","2020-01-02","ratkosrb","Add new Winter Reveler spawns to game event.","f5adb6bc2c816632d56bc03ff741cca7e250ea33"
"5","General Systems","0182216f7","2020-01-01","ratkosrb","Correct minimum level for Winter Revelers.","0182216f7df19a4c2f8c3337f81b11283341f862"
"5","General Systems","4154aae31","2020-01-01","ratkosrb","Winter Reveler fixes.","4154aae3159656d18d8812157f562f136b1b78f9"
"1","Crashes & Security","cc2a54e7a","2019-12-30","ratkosrb","More minor changes.","cc2a54e7af0b9d2965ac7eb91ae55ba22a8ecae9"
"1","Crashes & Security","6ecf14f8d","2019-12-30","ratkosrb","A few more code style changes.","6ecf14f8d632f6595e0aa3ad276bde4d8ec1e52d"
"5","General Systems","7c81af010","2019-12-30","ratkosrb","Update code style in shared project.","7c81af01042ca6da18b9e48a50c60490b6385467"
"5","General Systems","414b7531a","2019-12-30","ratkosrb","Fix tiny bug in unused util function.","414b7531a85b4100e7d01d897325edf624c00329"
"5","General Systems","6d2ca3921","2019-12-30","ratkosrb","Fix some unused parameter warnings.","6d2ca3921681b9cf870deecacf9bbc18c9b99094"
"2","Combat & Spells","377767761","2019-12-30","ratkosrb","Reorder and unify the config's stat modifier handling.","3777677618b01eb719b1b3fe391e94efad221dd0"
"5","General Systems","088b7d9cc","2019-12-26","ratkosrb","More fixes for PX-238 Winter Wondervolt.","088b7d9ccd8f17890a5440624a69bd4fad4830bc"
"5","General Systems","7cd2258d8","2019-12-24","ratkosrb","Fix PX-238 Winter Wondervolt.","7cd2258d85974d4a5d6b0dd28d3b29856a95cf35"
"4","AI & Movement","df6586516","2019-12-24","ratkosrb","Allow creatures to evade on unreachable target in dungeons.","df65865169a1e0d8b8e85fbc739e53557d8a4e0b"
"4","AI & Movement","e2a0a165b","2019-12-24","ratkosrb","Do not remove buffs by players on creature evade.","e2a0a165bab31be442ee634fd432ede48f8dca26"
"5","General Systems","e806acc76","2019-12-24","ratkosrb","Apply clang tidy fixes. (#330)","e806acc76926cf6b13ba5add1a78850154285fc9"
"5","Core Architecture","9cccb4fbe","2019-12-17","ratkosrb","Correct level for guardians and increase max player level limit.","9cccb4fbedd083ef0c068809dab1c481ae312eaf"
"5","Encounters & World","8c614f46e","2019-12-16","alexkulya","Kalimdor: Replace some script text entries with broadcast text (#328)","8c614f46e3ce1fa438e83f09789c56b6685e590a"
"5","Encounters & World","79279e4bf","2019-12-10","ratkosrb","Remove custom Doctor Weavil entry and reimplement quest Decoy!","79279e4bf199e1d319f9aa76361bf5fad5087d7c"
"5","Encounters & World","b77ed8dac","2019-12-10","ratkosrb","Reimplement quest The Scent of Lar'korwi","b77ed8dac0a219f690687489a081c1238f434381"
"2","Combat & Spells","21c6bb5b1","2019-12-10","ratkosrb","Update Magmadar script to use proper lava bomb spells.","21c6bb5b1be14e898cb1b06c3e738885688f38d4"
"5","Encounters & World","57b3a46c2","2019-12-08","ratkosrb","Add better descriptions of condition types.","57b3a46c2cd74b00588cb8a720f3045f3277e9d1"
"5","General Systems","d7d5dcc2f","2019-12-07","ratkosrb","Add correct areatrigger teleport messages.","d7d5dcc2fecdca3db2d26de320297ffd24aafd67"
"5","General Systems","6766b1605","2019-12-07","ratkosrb","Update travis config.","6766b1605361744ddb2ec3ac0fa1591d172eb9ba"
"5","General Systems","35485bb43","2019-12-07","ratkosrb","Fix portal in Maexxna room.","35485bb43aa1aac0b4ba5b91fde00369ff2f64de"
"5","General Systems","cb9fadc0b","2019-12-07","ratkosrb","Correct all areatrigger teleport coordinates.","cb9fadc0ba9b96209ea7e37dcea6233ab83b1ccb"
"5","General Systems","67d16c767","2019-12-06","ratkosrb","Update commented out code.","67d16c7673789a1f66e1b76a3810bdb5b7115b79"
"2","Combat & Spells","42d2cdf85","2019-12-04","ratkosrb","Move localized spell texts to separate table.","42d2cdf8589b203929e88a925f4fe46348fd296f"
"5","Core Architecture","104f167aa","2019-12-02","ratkosrb","Move some unit defines.","104f167aaf5e09e40481f386dbb28e1515637b6e"
"1","Crashes & Security","1e9c08673","2019-12-01","ratkosrb","Fix crashes with setrp and unfollow commands.","1e9c08673b452ce8d53adf1f8d516a47d422b583"
"5","General Systems","25b64c7c2","2019-12-01","ratkosrb","Add support for MinGW and ARM (#322)","25b64c7c250aa1aecd4c7f510603451a8fcb62cb"
"5","General Systems","7c591e845","2019-11-30","ratkosrb","Fix gliding bug with Scholomance Adept.","7c591e845b7978400f2273ef0b8e4f6993098172"
"4","AI & Movement","3d6b64e74","2019-11-30","ratkosrb","A few Pet AI corrections.","3d6b64e74dd953b8741e6761b06ae7729e8e5036"
"2","Combat & Spells","6238e1112","2019-11-29","ratkosrb","Implement CritterAI and remove core hack.","6238e11128718dd67adfbe5fa97f1b6de01b23bd"
"4","AI & Movement","578407edc","2019-11-28","ratkosrb","Correct health and mana for almost all creatures. (#317)","578407edcdc2c2d4b30bd840a85100d0bc5d1b50"
"5","Encounters & World","c11630f29","2019-11-28","alexkulya","Update Onyxia and Dire Maul scripts to use broadcast texts (#316)","c11630f29b53ed3d5879388a5404b0f42b874bf8"
"5","Encounters & World","5bc955e1b","2019-11-26","ratkosrb","Script correction for Brother Sarno and quest Bring the Light.","5bc955e1bb06b3ac00b03f36f9140b848dced2dd"
"5","General Systems","49720c141","2019-11-26","ratkosrb","Add minimum distance for auto attack facing check.","49720c141387d8c91dd61274cbedfa3232a1cda3"
"5","Encounters & World","fc3cb6ec5","2019-11-24","ratkosrb","Fix faction for two gameobjects.","fc3cb6ec5c6df0997b18d9a1ff903afe64903ef6"
"2","Combat & Spells","66659fe13","2019-11-24","ratkosrb","Cleanup and reorganization of Unit and SpellEntry headers. (#312)","66659fe13ff0544072db4f171f8dabc97e0dccdb"
"5","General Systems","df76eff1d","2019-11-20","ratkosrb","Fix a ton of warnings found using clang. (#308)","df76eff1d379c8765f7ae5eab2dda680b390401a"
"2","Combat & Spells","ebab77236","2019-11-17","ratkosrb","Fix some static code analysis warnings and improve performance","ebab772363134b66e112aaae0dbb8b0dd22aade1"
"2","Combat & Spells","d52568f70","2019-11-17","ratkosrb","Fix some warnings reported by static analysis.","d52568f7042c359cc403c2f75681452c3d7c5cc7"
"5","General Systems","0b6009c6f","2019-11-17","ratkosrb","Fix extractors compile on gcc.","0b6009c6f315600a5cab0cde8f2cf2360f8a105f"
"4","AI & Movement","bde5fb4b1","2019-11-16","alexkulya","Add russian trainer and quest greeting locales.","bde5fb4b1858416ee7bc7dfed69abc9cec1e1ca0"
"5","General Systems","342963725","2019-11-16","ratkosrb","Update base logs db sql.","3429637255a427670afba3d2b12c7f728577c113"
"5","General Systems","d3e7bb70d","2019-11-16","ratkosrb","Fix Improved Scorpid Sting.","d3e7bb70d877e58946ebaf483299eef2d4da7544"
"1","Crashes & Security","7e9e93e30","2019-11-16","ratkosrb","Progressive changes from 1.8 patch notes.","7e9e93e3028de0ef209f1d11e9d5811c5482de08"
"2","Combat & Spells","e20f54053","2019-11-15","ratkosrb","Allow persistent AoE auras to hit FFA targets.","e20f54053f6ac10c5d4942ab1387308b73f8f74c"
"5","Core Architecture","9a3037209","2019-11-15","ratkosrb","Updates to maps, vmaps and mmaps (#303)","9a303720934e73fa14080a2887a4f25025cba21e"
"5","General Systems","08f084a0b","2019-11-12","alexkulya","Fix waypoints for two guard npcs.","08f084a0b42b4c3c77392723912b21eb3c2740a7"
"5","General Systems","2465c12d7","2019-11-12","ratkosrb","Fix mistake in last commit.:","2465c12d789f75a11fe403738d93d7fd75f15a60"
"5","General Systems","34e57acc1","2019-11-12","alexkulya","Update waypoints for Defias Messenger.","34e57acc1d52f07ffe9f4e1e6f211ab744756743"
"5","Encounters & World","c24e7c146","2019-11-12","alexkulya","Add russian localization for some quest greetings.","c24e7c146b16a59c702e57a8816c8918a37bb859"
"5","General Systems","cf1ac2f37","2019-11-12","ratkosrb","Fix some bad replace cases.","cf1ac2f373af2d0a75dd11c4935e89224a95874b"
"4","AI & Movement","75ceb57d8","2019-11-11","ratkosrb","Add missing mail after completing quest Words of the High Chief.","75ceb57d8c2e27645a4bed082a36958ebc41c3c4"
"5","Encounters & World","04a3c3b25","2019-11-11","ratkosrb","Correct data for all quests in phase 1.","04a3c3b253c81e92bdf49ceb3f971b0b02f7d64d"
"5","General Systems","347b7934d","2019-11-11","ratkosrb","Fix another copy paste mistake.","347b7934dd44c7c1b5fd62e2f2a5c43f82863cc1"
"2","Combat & Spells","899459448","2019-11-11","ratkosrb","Fix visual bug with weapon specific damage mod auras.","8994594487b52e0a248619afdfccb61d6a2068bb"
"1","Crashes & Security","6b2c0b95c","2019-11-11","ratkosrb","Fix crash in account onlinelist command.","6b2c0b95cc864bba125f4fb8aa2fffa4b4655976"
"5","General Systems","3009eac35","2019-11-11","ratkosrb","Fix another typo.","3009eac3576e9ccf6ec6d6e6061d9baba844bf47"
"3","Bounds & Exploits","824bb38da","2019-11-11","ratkosrb","Add missing interaction checks to prevent exploits.","824bb38dab9a52251b2dbe93b8a0823adfc54013"
"4","AI & Movement","adf135889","2019-11-03","ratkosrb","Fix wrong poi id assigned to engineering trainer.","adf1358896de4c5dbf751904ae48946faca30830"
"5","General Systems","b39822178","2019-11-03","ratkosrb","Correct Horde POI IDs.","b39822178ee742b697bdfcebbb83ee92286c90d6"
"5","General Systems","e97a1392b","2019-11-03","ratkosrb","Correct Alliance POI Ids.","e97a1392b220c34991e7681dbb82874d7508eb22"
"5","Encounters & World","6bf46bf33","2019-11-03","alexkulya","Script for Exzhal OOC Event.","6bf46bf3391850f5e69cd47c5d833698b7e62551"
"1","Crashes & Security","e5ba3b7e3","2019-11-03","ratkosrb","Core/PacketIO: Restrict CMSG_STANDSTATECHANGE player input","e5ba3b7e3dd8dc246406b08d9da6c966153f775f"
"5","Core Architecture","c517dfba8","2019-11-03","ratkosrb","Core/PacketIO: Restrict CMSG_EMOTE player input","c517dfba8a78525988ac91f171b7ca02c787d124"
"5","General Systems","315fce177","2019-11-03","ratkosrb","Fix faction of theramore dueling guards before 1.10.","315fce17749174ae5ee9f6753c64780e9578bf76"
"5","Core Architecture","4fa3a5c22","2019-11-03","ratkosrb","Implement unit flag for immunity.","4fa3a5c22dc58857a5271b732ff07c18265d1f99"
"5","Encounters & World","34c78be40","2019-11-02","ratkosrb","Assign patch to halloween gameobjects.","34c78be4024450458b714fa65282a687b6877067"
"5","Encounters & World","3cfc9b6ce","2019-11-02","ratkosrb","Correct data for halloween gameobjects.","3cfc9b6ce2b641b8350356578c08ffe422338b7e"
"1","Crashes & Security","379fd6762","2019-11-02","ratkosrb","Fix quest Vyletongue Corruption.","379fd6762ca8004e4518667769c02a079d57d7f3"
"5","General Systems","0496ae4e7","2019-11-02","ratkosrb","Fix Rune of Mazthoril.","0496ae4e7631a885eab536ae4fb80c920c6cddf7"
"5","General Systems","3ebb9a08d","2019-10-31","Micrah","Fix linux build for Maria DB (#291)","3ebb9a08de97e111b95a678349bed7d7c59855c8"
"5","Encounters & World","edeab985d","2019-10-28","Kittnz","DB/Event: Add objects for Hallow's End (Halloween) world event","edeab985d9fd8ced986a827d25c9e48748ca08b5"
"4","AI & Movement","0a9526b84","2019-10-12","ratkosrb","Correct names for all creatures.","0a9526b8465606f78f1ac9361f1aed8c0746e738"
"5","Encounters & World","d1a996f09","2019-10-12","ratkosrb","Correct PvP vendors for 1.12.","d1a996f097077a6f7665700668423da7cfd5c960"
"4","AI & Movement","8b34f8250","2019-10-12","ratkosrb","Correct type flags for all creatures.","8b34f8250c1e7f31088c6a530e315e1f527ba247"
"4","AI & Movement","efa14cb5b","2019-10-10","ratkosrb","Correct display ids for all creatures.","efa14cb5b0d4f84fd742f229d769e3b2f54e5fff"
"5","General Systems","e3c30ec84","2019-10-09","ratkosrb","Correct some data for Onyxia.","e3c30ec8440cad34973bb61a2830510763522ef4"
"2","Combat & Spells","529733554","2019-10-09","ratkosrb","Correct pet spell data id for all creatures.","52973355494cdf5e69e47f84d50bf923a447556d"
"4","AI & Movement","ffa19cb2a","2019-10-09","ratkosrb","Correct rank for all creatures.","ffa19cb2a717fb786d1b3fa06dad1feba55334e7"
"4","AI & Movement","27c02cd06","2019-10-09","ratkosrb","Correct beast family for all creatures.","27c02cd0666cd34e6e8ff501ababbd2fa532467b"
"1","Crashes & Security","73f9cf54d","2019-10-08","ratkosrb","Fix another crash with auras casted by gameobjects.","73f9cf54dacf024d8ab0e75011715e12a9552410"
"4","AI & Movement","24cf28680","2019-10-07","ratkosrb","Correct type of all creatures.","24cf28680b37af88e546e7bc33e394b119a76dcb"
"1","Crashes & Security","2c944490e","2019-10-07","ratkosrb","Small implementation change in Dire Maul instance script.","2c944490e73df01656a2443cc843c62eb1cf5b1a"
"5","Core Architecture","033d5c8ed","2019-10-07","ratkosrb","Teleport players to destination node on flight end.","033d5c8ed3d25167f400d8aafc3f1ef31d4618aa"
"4","AI & Movement","9d2fba6ac","2019-10-06","ratkosrb","Correct unit class for all creatures.","9d2fba6ace54e82fd933ea98a17a3a1f8390f5d1"
"4","AI & Movement","22bcfa71f","2019-10-06","ratkosrb","Correct level ranges for some creatures.","22bcfa71f1398bf2ae73f9cc7e8a4512b73d11aa"
"4","AI & Movement","69fecd9a4","2019-10-06","ratkosrb","Dark Iron Raiders should flee on low health.","69fecd9a4d16291791636caeb566b8a9ae1876da"
"2","Combat & Spells","656766321","2019-10-06","ratkosrb","Fix issues with area auras casted by a gameobject.","656766321053e803d5b8be7eae50b9ef922740b8"
"1","Crashes & Security","444b94cdb","2019-10-02","ratkosrb","Fix assert failing because of non-unit aura caster.","444b94cdb60ad4746facaf2080028d5b52020711"
"4","AI & Movement","4a418d8e0","2019-10-02","ratkosrb","Implement rounding of reputation gains.","4a418d8e094dfaa77553467878aa00077246cc19"
"4","AI & Movement","08fbd1047","2019-09-30","ratkosrb","Fix pet training issue.","08fbd104768adfb7fc5d9e656e4fe6cdc60a275a"
"5","General Systems","f3e923183","2019-09-29","ratkosrb","Fix periodic eating and drinking emotes.","f3e923183078a8590a741af1f222828014603ae4"
"5","General Systems","bbeb5b8b9","2019-09-28","ratkosrb","Update broadcast texts and gossips.","bbeb5b8b981858c6e20b495053b12b9272012243"
"5","Encounters & World","5be754233","2019-09-24","Kittnz","Event/Fireworks: Use despawn animation for the effects (#270)","5be754233fec86675741f6400ee29e7af1d3e858"
"2","Combat & Spells","d206fff69","2019-09-22","ratkosrb","Cleanup the Spell class constructor.","d206fff69a3db490a11e56b7d8ca67b558684e9a"
"5","Encounters & World","85610d6b3","2019-09-19","alexkulya","Script for Ligths Hope Chapel RP events.","85610d6b3211e15ed041aadb8d55ebd87b749aad"
"5","General Systems","354658c77","2019-09-19","ratkosrb","Correct pre-1.10 source of some items.","354658c7707019c9ae945c4587b4d029475e4b89"
"2","Combat & Spells","428aa1897","2019-09-18","ratkosrb","Implement gameobject spell casting (#271)","428aa18976d4791c54b5e9a93f56603ea5df1368"
"5","Encounters & World","6b52729ed","2019-09-16","alexkulya","Scripted 'Saving Sharpbeak' quest end event (#269)","6b52729ed898e62e28d013d4eebf051353243d45"
"5","Encounters & World","b8f392c70","2019-09-05","ratkosrb","Add missing text when Flagongut's Fossil is looted.","b8f392c70a6b9673757f0423f58026839129b09d"
"2","Combat & Spells","df8c7c875","2019-08-29","ratkosrb","Fix spell cast standing up check.","df8c7c875c137a065c3ca965d26666b07b7bdfdb"
"2","Combat & Spells","81d40f30b","2019-08-29","ratkosrb","Fix rounding of armor reduced damage.","81d40f30b6b178b7074fedccfd2d537f7268c5e5"
"5","Encounters & World","cc5333241","2019-08-27","ratkosrb","Corrections to Gubber Blump gossips and quest reputation.","cc53332416759d79f6317c9ec0fb51a1434a7121"
"1","Crashes & Security","d9312d1aa","2019-08-25","ratkosrb","Fix crash with pool commands.","d9312d1aa75a03d747ce048b0f47c0cfa5574e38"
"1","Crashes & Security","67e946bb4","2019-08-25","ratkosrb","Update faction change items table.","67e946bb415a20cd093be7343f1bc64ca5ac6437"
"2","Combat & Spells","69908ff1e","2019-08-25","ratkosrb","Add aoe damage chat commands.","69908ff1e280cd88cc84527bafaa35a5a145291e"
"5","Encounters & World","1585f7901","2019-08-24","ratkosrb","Move scripts for Onyxia and Nefarian heads to database.","1585f7901af24b1de0fba63a6f5bd0bfa04ff90f"
"2","Combat & Spells","abafaf706","2019-08-24","ratkosrb","Add cooldown to Warchief's Blessing.","abafaf706e21fd2b29124e671fc24f1e27e3f67e"
"2","Combat & Spells","9ce0d399f","2019-08-23","ratkosrb","Correct spell error reasons for 1.7.1.","9ce0d399f64230635e8db3349815e04e3d7f346b"
"2","Combat & Spells","b436995cb","2019-08-23","ratkosrb","Fix old version of Ravager proc spell too.","b436995cb07e52d7fb13c6515964d2c1829d4e39"
"2","Combat & Spells","af08892ce","2019-08-23","ratkosrb","Fix ravager proc issue while running.","af08892ce575c5923856fd9170c6a639cc5ce729"
"1","Crashes & Security","aa5177dc7","2019-08-17","ratkosrb","Disable jump speed change check before 1.10.","aa5177dc77f3649f94068b4585e335e30c5108af"
"5","General Systems","e5d0129d2","2019-08-17","ratkosrb","Correct Ragnaros despawn time before 1.4.","e5d0129d2334559f11d4eda0d52e5ba580320a22"
"5","General Systems","7a893b4d3","2019-08-16","ratkosrb","Correction to Thomas Miller's waypoints.","7a893b4d3b0edc638084e82142b7103c7e5bfd12"
"5","Encounters & World","849eabe9b","2019-08-15","ratkosrb","Script for Sergeant Houser OOC event.","849eabe9b2a871caf136e39cc535c984cf57f932"
"2","Combat & Spells","a2ba96ecf","2019-08-12","ratkosrb","Add wandering support to waypoints.","a2ba96ecf0cb77d4d19dd13fa359b8045184bd88"
"4","AI & Movement","cb761c57a","2019-08-10","ratkosrb","Add proper handling of pvp flag for creatures.","cb761c57aaa7ea43329464ad73349fa21192ea9c"
"4","AI & Movement","0bf26b346","2019-08-10","ratkosrb","Add text said after accepting Report to Goldhire.","0bf26b346ab0d4c5b6cc6be1dae3838570540e1d"
"4","AI & Movement","5672af20f","2019-08-10","ratkosrb","Adjust regen rates for creatures.","5672af20f9e8616fd38e2ccb99ce257c9683c9ee"
"5","Encounters & World","ae75402df","2019-08-04","ratkosrb","Progression fixes for the Winter Veil event.","ae75402df50f9f2986ddcd780e3975e9b91e61d9"
"2","Combat & Spells","35d5da768","2019-08-03","ratkosrb","Check pet family before learning spells.","35d5da76810fc3b8653ce9c552dd74fc9c30685c"
"4","AI & Movement","07a42a3b7","2019-08-03","ratkosrb","Ignore client movement when being teleported by server.","07a42a3b74df19997edb6ecf716e42a477121b9c"
"5","General Systems","27925e5a7","2019-08-03","ratkosrb","Fix equipment for Mr Smite.","27925e5a7954f8c6a35ebf06c0cf62b1f0f41e04"
"4","AI & Movement","7344496e7","2019-08-02","ratkosrb","Fix resuming of flight path after a disconnect.","7344496e7e72d7264b36a4d58a625054854f7f6f"
"4","AI & Movement","e8b2ba903","2019-07-30","ratkosrb","Fix movespline structure on 1.7 client.","e8b2ba9037e981995dd6d3b6ec694757f920860d"
"5","Core Architecture","b97f04c65","2019-07-29","ratkosrb","Add immunities to elite blue dragons.","b97f04c6577fb41e893f3d0b7d278bbabf601c0d"
"5","General Systems","541cd96b1","2019-07-27","ratkosrb","Correct error message when trying to enter area with honor rank requirement.","541cd96b1661eaf001ec915cb31873ea36a2f12f"
"2","Combat & Spells","1dc33aa1b","2019-07-27","ratkosrb","Do not regen mana if still channeling last spell that took mana.","1dc33aa1b0afacfef092a6bb18c605a6e558c906"
"4","AI & Movement","8a53b00d6","2019-07-27","ratkosrb","Add missing creature Angry Programmer Tweedle Dee.","8a53b00d6746f692ac9a64429aec9407a2ab5cf0"
"5","Encounters & World","612ed93f7","2019-07-27","ratkosrb","Remove wrong text ids from Cho'Rush the Observer script.","612ed93f73ca01b60eb7cac41d0a962d11332859"
"2","Combat & Spells","fdde54de8","2019-07-27","ratkosrb","Fix issue causing some dot ticks to initiate combat.","fdde54de8d86b4ec628350337f3bd86aae6e7bbb"
"1","Crashes & Security","7df88867e","2019-07-20","ratkosrb","Change drop count of Ice Cold Milk.","7df88867ede9a1a9872c393471ec5edce2f6491c"
"5","Encounters & World","f417cb761","2019-07-20","ratkosrb","Prevent spawning zombies multiple times from Shallow Grave trap.","f417cb7611f2ebdb2ecd96844a722115ca599383"
"5","Encounters & World","16b039da8","2019-07-19","ratkosrb","Increase xp from dungeon elites.","16b039da800713c3cdeb84e4eb7a111d7aa7b89a"
"2","Combat & Spells","d76cadf50","2019-07-17","ratkosrb","Remove incorrect resistances from Kolkar clan.","d76cadf509e49184d3ee6fdb5555de196f76cb99"
"4","AI & Movement","2b7e6b15f","2019-07-17","ratkosrb","Add pool and pet for Apothecary Falthis.","2b7e6b15f3a306eddf6e282247487abde53b1b6d"
"4","AI & Movement","542573ed9","2019-07-17","ratkosrb","Do not send wound animation for some creatures.","542573ed9688ad3dcdc558598aa9d1695cd6ac94"
"5","Core Architecture","fdbe5ab9c","2019-07-17","ratkosrb","Add players only option to warden.","fdbe5ab9cb0ad11b53708051b708ce05baa580ae"
"4","AI & Movement","94fbd7516","2019-07-16","ratkosrb","Accept some movement packets even if dead.","94fbd751657bec90a6f193418dc0083ab9042686"
"5","General Systems","88d2fe409","2019-07-15","ratkosrb","Initial support for 1.7.1 client.","88d2fe40997dd5579398f12da8d6e51402070168"
"4","AI & Movement","a8bb3786d","2019-07-13","ratkosrb","Cleanup the creature addon tables.","a8bb3786d8847193778eb2997f75bcb55ef001ff"
"4","AI & Movement","df9ceb7e2","2019-07-12","ratkosrb","Fix gossip option for Torwa Pathfinder.","df9ceb7e2a1833fa0bf2f08e95d638125a5a416e"
"5","General Systems","860587e77","2019-07-12","ratkosrb","Correct school vulnerability values based on bestiary.","860587e7727f6c24a3abc1b42c9a57d5cae25d7d"
"2","Combat & Spells","d6559ec93","2019-07-12","ratkosrb","Script for spell Party Time!","d6559ec931965ec9704a918947290d0eafa0932f"
"2","Combat & Spells","eb273f3d5","2019-07-11","ratkosrb","Add missing spell school vulnerability to some mobs.","eb273f3d56ea6de47c5ed4c7943fcc630643a054"
"5","General Systems","545056539","2019-07-11","ratkosrb","Fix two typos.","5450565394d8968682505cda731643dcc1c21668"
"5","General Systems","12205c549","2019-07-11","GrenderG","Fix drop count for Un'Goro Soil.","12205c5496c5ed7e7ecb038e4f7cf37d253409d3"
"5","Encounters & World","3c5a03876","2019-07-06","ratkosrb","Add custom easter event script.","3c5a0387605611669d26727a730b8cdf9338e6fa"
"4","AI & Movement","03fd22c15","2019-07-06","ratkosrb","Remove player controlled flag from Nathanos Blightcaller and his pets.","03fd22c155e06f105e995d36d95bd20443b6b2d4"
"2","Combat & Spells","b312ef983","2019-07-06","ratkosrb","Add passive auras to some creatures.","b312ef9839e353eb74e08582693aed316f3caf0e"
"3","Bounds & Exploits","6d872af59","2019-07-03","ratkosrb","Add Pooling for Large Solid and Mithril Bound Chest.","6d872af5913e0d60a211ed3ff3fbd99a7d50baa7"
"1","Crashes & Security","b98259f80","2019-07-02","ratkosrb","Don't change spawn time for dungeon chest.","b98259f8031fb065ad8dbf4d7e58e481e5ec2612"
"5","Encounters & World","94db3995c","2019-07-02","ratkosrb","Correct faction and gold for two chest gameobjects.","94db3995cc3b5aadabe487450ff6412b86daaed9"
"5","Encounters & World","5566ccc0d","2019-07-02","ratkosrb","Correct factions of some contested banner gameobjects.","5566ccc0d9350869f58dcb9acf931458bf1b51c3"
"5","General Systems","7f4fc1475","2019-07-02","ratkosrb","Fix wrong order of values in error log.","7f4fc1475a10f5a3a6c21e1afd5a10493756b87e"
"1","Crashes & Security","70c50738d","2019-07-02","ratkosrb","Fix uninitialized variable used for Corrupted Mind.","70c50738d96e9a18cd8226e9843b611df0b084f3"
"1","Crashes & Security","ae650778a","2019-07-01","ratkosrb","More small changes to movement checks code.","ae650778a19f91c7f1d090bed3938707499e41f0"
"5","General Systems","170937bff","2019-07-01","ratkosrb","Fix a few small mistakes.","170937bfff04d609ed0dfa39b6e3d3b15516c11b"
"4","AI & Movement","73f125e97","2019-06-29","ratkosrb","Move some movement defines to config.","73f125e9704c8fafba05d3dabe0a2945740f41b9"
"5","General Systems","00c7da655","2019-06-28","ratkosrb","Fix stealing city flames for midsummer festival.","00c7da655a7561b1fc52b26aa701b900c829a17b"
"5","Encounters & World","f211e5189","2019-06-27","ratkosrb","Add script for Covert Ops quests.","f211e51891e36dc0d8e3156ee35d29fdce238e3e"
"5","General Systems","49f5d6132","2019-06-26","ratkosrb","Implement no fall time check.","49f5d61322f7d6fc8b0fa75f694e7e4f53c6f771"
"5","Core Architecture","e00a60a57","2019-06-26","ratkosrb","Player block chance - third time's the charm.","e00a60a5796774bab7fd8504833404292985331b"
"5","Encounters & World","678ca81fb","2019-06-25","ratkosrb","Prevent players from moving their corpse.","678ca81fb86f36ff0d72899a55bb7116f021115e"
"5","Core Architecture","358c59ea9","2019-06-25","ratkosrb","Fix player block chance for real this time.","358c59ea9254dcfe925c9a591ad3e24c648ae9d9"
"5","Core Architecture","a10cd0de8","2019-06-25","ratkosrb","Fix block chance for players.","a10cd0de8945f831f9f34650268ed4ce9426a234"
"4","AI & Movement","44f7e8990","2019-06-25","ratkosrb","Implement new movement checks.","44f7e89909abafa4470c35184f421f31291203dd"
"5","Encounters & World","29e188afa","2019-06-22","ratkosrb","Fix post 1.9 versions of some Timbermaw quests.","29e188afa81a9d5adb101f898717a4d029933de1"
"2","Combat & Spells","9a36b3a4a","2019-06-22","Jake Scott","Classic melee formulas (#218)","9a36b3a4ad65e19664685dccb801771e1af3a810"
"1","Crashes & Security","9ed7a52c1","2019-06-22","ratkosrb","Don't forcibly resolve movement changes on short teleport.","9ed7a52c1ab048f874cb11c28fa874ff4ee75310"
"3","Bounds & Exploits","cdefd9e63","2019-06-22","ratkosrb","Prevent BG queue exploit.","cdefd9e6398e270bf1378ffa792d2757bacba150"
"5","Encounters & World","276d9697a","2019-06-21","ratkosrb","Fix quest The Deserters.","276d9697acb90402ff19e9984c9af19af4ee73a2"
"5","General Systems","e5b2699e2","2019-06-21","ratkosrb","Fix more knockback issues.","e5b2699e2335d0811ee8670780d7aa31abe35bbb"
"4","AI & Movement","51d5cb0be","2019-06-21","ratkosrb","Fix knockback on possessed creatures.","51d5cb0be84b135cd2a4ef546bdeffd52f01ae7b"
"4","AI & Movement","f6bfb9a2e","2019-06-20","ratkosrb","Reject movement packet if a cheat is detected.","f6bfb9a2ed6b9bdf71f3391797ff9f94df8a509f"
"5","General Systems","bd5a1a7de","2019-06-19","Matthew Linder","Fix npc move command (#213)","bd5a1a7ded68e9ab56c0ed94394fb3aba7a103fe"
"5","Core Architecture","2736f9f17","2019-06-19","Jake Scott","Lets more gm commands be used with playernames. (#207)","2736f9f171b10dfd2176473a91d49ea65a5107dc"
"4","AI & Movement","7f7160b2b","2019-06-19","ratkosrb","Add warden and comprehensive movement checks (#216)","7f7160b2b746673934d9bc033aafee620bd6be44"
"5","General Systems","a0b844458","2019-06-12","Matthew Linder","Mac clang fixes (#204)","a0b84445872f9e9265280d54308a1b35798af9a8"
"4","AI & Movement","b6f4a2574","2019-06-12","ratkosrb","Implement movement counters (#197)","b6f4a2574bdd9b98d45d442409fdbdbdbbad7897"
"5","General Systems","d4d6c262a","2019-06-12","ratkosrb","Fix order of queries in last commit.","d4d6c262a12156914fee21101c1ae67032852130"
"4","AI & Movement","e009d0adf","2019-06-12","ratkosrb","Assign minimum patch to remaining creatures.","e009d0adf95aa5fbe0abd503c023f5054ed328ae"
"5","General Systems","c8c1f7c4f","2019-06-09","ratkosrb","Build fix for 1.8 on some compilers.","c8c1f7c4f22ff85df3c0f1b5c576ac57d026767c"
"5","General Systems","550ef0899","2019-06-09","ratkosrb","Fix Ravager's effect on old clients.","550ef089994bd311516a2a0b280197a9b3a727e9"
"2","Combat & Spells","c43d086f7","2019-06-09","ratkosrb","Decrease Tauren combat reach when transformed.","c43d086f7706867530c2eccbc721831c4ce7f998"
"1","Crashes & Security","3d0a7505e","2019-06-08","ratkosrb","Changes from 1.9 patch notes.","3d0a7505ea0291d0569a88f9ccfbec7077ee141e"
"5","Encounters & World","0fad52b63","2019-06-05","ratkosrb","Do not trigger OOC events in evade mode.","0fad52b6343b5874d1198da063abb3511ae1f5b2"
"5","Encounters & World","fa446895e","2019-06-02","ratkosrb","Fix two issues with quest Arikara.","fa446895e1b08a355f8b74d90038fb9fadae8f75"
"1","Crashes & Security","d4c7e79e2","2019-06-01","ratkosrb","Fix crash on Moam encounter during 1.9.","d4c7e79e216eae8c21d23cb5f4f88586f8ee202a"
"4","AI & Movement","f2d8c5e4c","2019-06-01","alexkulya","Add Dun Morogh Airstrip spawns.","f2d8c5e4c76df502825b3fe758cf202505604b3f"
"5","Encounters & World","480abcf20","2019-06-01","ratkosrb","Remove redundant patch events.","480abcf2019f7ccb0dec0656fb276eb3dcb1fd24"
"5","General Systems","925d21bb3","2019-05-31","ratkosrb","Fix patch for a few mobs.","925d21bb3c54278dd6a79bd10b1bc6d102e11b4d"
"4","AI & Movement","901e91076","2019-05-30","ratkosrb","Add missing speed values to creatures.","901e9107628cc99b5427ad86839e2f50952765b7"
"2","Combat & Spells","943f986f6","2019-05-30","ratkosrb","Add target type to quest complete spells before 1.12.","943f986f60e093958193e7f46dcae0b21d6b59d4"
"2","Combat & Spells","475327396","2019-05-28","ratkosrb","Fix ranged attack power on 1.9.4.","4753273969d56e26af8b30973edfe7f3903339f2"
"2","Combat & Spells","8952dc72a","2019-05-26","ratkosrb","Initialize stand state update timer.","8952dc72a6b8107e59bddb4c2a23b45fe159de19"
"1","Crashes & Security","76324497a","2019-05-24","ratkosrb","Quest changes from 1.9 patch notes.","76324497a3d76d8204b161684023a13da897d8b0"
"5","General Systems","c8ad5786f","2019-05-24","ratkosrb","Fix Cannonball Runner.","c8ad5786f0d99bf636790b074dd6dd20637303dc"
"4","AI & Movement","da12f9ad9","2019-05-24","ratkosrb","Fix fear movement on transports.","da12f9ad9235e5c275ce8c5967426f0d59e108d7"
"5","General Systems","14e2ad574","2019-05-23","ratkosrb","Fix issue with Ambush on hostile mobs.","14e2ad5749dfa9a8bef14af4c6877aa5be3227c8"
"5","General Systems","b339a414b","2019-05-20","ratkosrb","Fix mute query param order.","b339a414b6f8a51e86199efab226e4171c57ae10"
"1","Crashes & Security","c8f47dda8","2019-05-19","ratkosrb","Add command to change pet loyalty.","c8f47dda848651eff409f5726ea3203bc4c45c2e"
"5","Encounters & World","3664e01e1","2019-05-19","ratkosrb","Prevent Polymorph griefing.","3664e01e15720aa4f736accf23b1b69a35cb00ec"
"2","Combat & Spells","3d1c9fa54","2019-05-19","ratkosrb","Increase combat reach for Tauren players.","3d1c9fa549aaf329fdc88533fe50df6cf435a359"
"5","Encounters & World","2e17e3ae7","2019-05-19","ratkosrb","New script for Atiesh.","2e17e3ae7c320e5c6e54ab41cd28a84a71ea24ff"
"2","Combat & Spells","ef92ebe09","2019-05-19","ratkosrb","Prevent procs on being crit if sitting.","ef92ebe09b123c418123f7d9ed569f3ea0bb0bd2"
"5","Encounters & World","b13bae233","2019-05-19","ratkosrb","Prevent front stabbing.","b13bae233bb06cc5f9d31635b33f565aa60e0100"
"5","Encounters & World","c11e45bf4","2019-05-12","ratkosrb","New script for Baron Rivendare.","c11e45bf4fa58e14fdea90623b12983971202cc3"
"2","Combat & Spells","0a4d1fd1e","2019-05-12","ratkosrb","Reset leash timer when hit by AoE spells too.","0a4d1fd1ee6c5e251fa17f2c29d938398da89756"
"4","AI & Movement","fda9120d0","2019-05-12","ratkosrb","Implement Pre-1.9 reputation gain caps.","fda9120d08f2b83787d7b2487106fca49fc7e94c"
"1","Crashes & Security","aec56bc27","2019-05-11","ratkosrb","More Pre-1.9 progression changes.","aec56bc2799f3e82d38222490600392dbe79ee0b"
"2","Combat & Spells","0abf62aa9","2019-05-10","ratkosrb","Add missing face target flag to spells.","0abf62aa9bbd2501fabae6b61f9befd17a0e8858"
"5","General Systems","779fbd0b8","2019-05-10","ratkosrb","Small correction to last commit.","779fbd0b8ec76801d91c68eb2607fd0110a68115"
"5","Encounters & World","0b8ccb6af","2019-05-10","ratkosrb","New script for Lord Kazzak.","0b8ccb6af48c6253a325f9f25c0bc2ae0a4ac9d6"
"2","Combat & Spells","d13722a49","2019-05-08","ratkosrb","Use proper unsummon method when casting another pet spell.","d13722a4938ca363096ef77f8a2c68bae22f5e34"
"5","Encounters & World","bfb2d9798","2019-05-08","ratkosrb","Fix typo preventing mobs from casting.","bfb2d979849eb6d60f7478bd914f1548cbd9beb0"
"5","General Systems","a2be3d32a","2019-05-06","ratkosrb","Multiple fixes for 1.8 and 1.9.","a2be3d32afeafddadebea27a2a804dbe0c6b55de"
"4","AI & Movement","6629ca830","2019-05-06","ratkosrb","Add unobtainable flag to a few items.","6629ca830c4b08b5600d07cfe5e2f8bf3f04b394"
"2","Combat & Spells","539bae6c9","2019-05-05","ratkosrb","Make SpellEntry related functions into class members.","539bae6c9c5f1e64308cfafddf07e12e8230cf6f"
"1","Crashes & Security","7a6464366","2019-05-04","ratkosrb","Fix crash with triggered spells on pets.","7a6464366ce61a5a9fbb41163ff251da8fbc9184"
"2","Combat & Spells","2c4e054e9","2019-05-03","ratkosrb","Implement some GM spells.","2c4e054e9466fbd4bdba26dc4b9362fd783f7b8a"
"1","Crashes & Security","9a08c9953","2019-05-01","ratkosrb","Minor changes to column types of some tables.","9a08c99536516943cbd2730bc954a0a859886ca2"
"5","General Systems","602fba2b3","2019-04-30","ratkosrb","Fix Sheen of Zanza not applying.","602fba2b38a2ab33664b67d3eef7accc775cd311"
"5","Encounters & World","0afd7d2ea","2019-04-30","alexkulya","Add Kargath Expeditionary Force event.","0afd7d2ea3f9334dfde34cb018fb0c0213ba0f56"
"5","Encounters & World","55043c90f","2019-04-30","alexkulya","Add Defias Tower Patroller event.","55043c90fe4cbe9874fff5d00e6824e0ae472130"
"2","Combat & Spells","9aadaf2c8","2019-04-30","ratkosrb","Do not proc Fear Ward on caster of fear.","9aadaf2c8fa97ad1cd2c558f14ffc84911ae7384"
"1","Crashes & Security","f0e7459ab","2019-04-30","ratkosrb","A few AQ40 changes.","f0e7459abb3008f14b3346507f4d79bba8fa4b4d"
"5","General Systems","536121f35","2019-04-30","ratkosrb","Ignore non-applicable weapons when checking item requirements.","536121f356980477b0d613eb781d517af2d35008"
"5","Encounters & World","c19316a51","2019-05-05","ratkosrb","Move Anachronos script to database.","c19316a519f359e9d9f8eae2f3aff9e4735c3040"
"5","General Systems","e4fc6cac4","2019-04-26","ratkosrb","Fix Improved Fire Ward and Frost Warding talents.","e4fc6cac499edf3c941e6ddc8cb1b701cd0988e7"
"5","General Systems","d027fb8ed","2019-04-25","ratkosrb","Various spawn corrections.","d027fb8ed3160f7e313f9e8412cd3c32968a8e73"
"2","Combat & Spells","aa4d41ddb","2019-04-25","ratkosrb","Fix AoE spells not affecting FFA targets.","aa4d41ddb96ac7e63e77a241e6a0702c1d658e8f"
"5","General Systems","896ea58a7","2019-04-23","ratkosrb","Update g3dlite version (#169)","896ea58a7d804e6f258a392e2fd1ab4f566d4e29"
"5","General Systems","ef2e79600","2019-04-23","ratkosrb","Update page text table.","ef2e7960099712bb3078b972f3b3350970a36857"
"2","Combat & Spells","24acd3f11","2019-04-22","ratkosrb","Update creature spell lists in 1.2s intervals.","24acd3f117b838f9dc375831e7da3da48f499019"
"4","AI & Movement","f5d545d18","2019-04-20","ratkosrb","Allow using levelup command on creatures.","f5d545d1864e89546395771aa762d0e4cec3c238"
"2","Combat & Spells","3d8e606b3","2019-04-08","ratkosrb","Add lambda support to EventProcessor.","3d8e606b3dbee7953bdedf5c09b0bb5be5679c59"
"5","General Systems","1343705fe","2019-04-08","ratkosrb","Fix Blood Fury penalty before 1.9.","1343705fee3ff78d6b3e0c305f9a9a068fa88624"
"5","Encounters & World","2eb0434b1","2019-04-07","ratkosrb","Prevent chat freeze.","2eb0434b1d390499357c5c4b9a96625c38e6aef6"
"5","General Systems","fa8b90c28","2019-04-06","ratkosrb","Improve area guards system.","fa8b90c284ce87fb2aad19a0f2636444b329ad2c"
"2","Combat & Spells","5546cf430","2019-04-06","ratkosrb","Use appopriate packet for clearing all cooldowns.","5546cf430d90630e94a331c0fd9f635f5831be5b"
"5","Encounters & World","55310810e","2019-04-06","ratkosrb","Prevent talking while dead.","55310810e7470f66c15bba56192a52bae4a21884"
"2","Combat & Spells","d1bd60fcc","2019-04-06","ratkosrb","Fix ghost auras before 1.9.","d1bd60fccab781433fc5665b81303d35e87a2e56"
"5","General Systems","7e44def40","2019-04-06","ratkosrb","Fix Berserking racial before 1.9.","7e44def40a71fa685a3510b5da157bf8d1b44b46"
"5","General Systems","e461dc46b","2019-04-06","ratkosrb","Fix some judgement issues before 1.9.","e461dc46bbb1a27c17b72fe10867dee9730af42b"
"2","Combat & Spells","d5696d52f","2019-04-06","ratkosrb","Fix aura schools before 1.9.","d5696d52f909eda8ac3b973619e4acae31f51330"
"1","Crashes & Security","39d6d170f","2019-04-06","ratkosrb","Diminishing returns progression changes.","39d6d170fb64e7d079406dff57f3bdec29425b71"
"5","General Systems","680d6c8f9","2019-04-05","ratkosrb","Fix two friends list bugs.","680d6c8f93fdd61319775951ab843004e88cb238"
"5","General Systems","e68795b14","2019-04-04","ratkosrb","Fix possible client freeze on 1.9 and earlier.","e68795b14f74ff1b59329b082dc3a9c763386028"
"1","Crashes & Security","a48f38333","2019-04-04","ratkosrb","Fix who list crash on 1.8.4.","a48f3833342eec621555788163c26f7d3ef02136"
"1","Crashes & Security","e29124d6b","2019-04-01","ratkosrb","Add missing item display id changes.","e29124d6b1c41233a1e4c82d196e7c8e093cf243"
"5","General Systems","3d3678a07","2019-03-28","ratkosrb","Progression fixes for 1.8 and 1.9.","3d3678a071b82f8dbc727baa7302832dd68a6c77"
"5","General Systems","6d9150e9d","2019-03-25","ratkosrb","Fix healing text not showing on old clients.","6d9150e9d7c52bc1ecb544719ea13cd967d0bceb"
"2","Combat & Spells","fd17c2280","2019-03-25","ratkosrb","Prevent negative resistances from spell penetration.","fd17c2280332e52862c28403faefb56ec0dddc3d"
"5","General Systems","f2f3a170e","2019-03-23","ratkosrb","Fix mind control on old clients.","f2f3a170e590d35cc06b54656f4b65ef503160cf"
"1","Crashes & Security","24d725b22","2019-03-21","ratkosrb","Another missed change.","24d725b226ad8aaf5fb1a2b196676124aaf2a103"
"2","Combat & Spells","df1ffbc8e","2019-03-21","ratkosrb","Refactor resistance and armor calculation.","df1ffbc8ee376d3681a20d163f765351debef042"
"5","General Systems","2ce3f3acf","2019-03-17","ratkosrb","Fix death bug with Last Stand.","2ce3f3acfa3ad9ed9e995758ba396dba627dcc83"
"4","AI & Movement","5f2f93064","2019-03-13","ratkosrb","Unsummon old pet upon trying to summon another.","5f2f930644bb8c0bfb383703192e45841732c97d"
"5","General Systems","4d47c2846","2019-03-08","ratkosrb","Move config check to loading code.","4d47c28468c5845dbad4ccb7c3cca55363a27d5a"
"1","Crashes & Security","f3146fdd8","2019-03-08","ratkosrb","Fix utf8 conversion buffer overflow.","f3146fdd8a34f20cf43b01f5dcf47d908eb05b34"
"4","AI & Movement","f840369f0","2019-03-07","ratkosrb","Misc creature spawn fixes.","f840369f09044af8b07a710d65eaa525bc9165f5"
"5","General Systems","ca3bec8c5","2019-03-07","ratkosrb","Determine guard text based on faction.","ca3bec8c5d499a575155668db3ce5f8f3a443227"
"4","AI & Movement","e1063c3a1","2019-03-07","ratkosrb","Mark items used in mail system as discovered.","e1063c3a1d0a38bcbc14d173b83e3f9134778934"
"5","General Systems","5d7467f79","2019-03-06","ratkosrb","Implement area guards system.","5d7467f79b58eaa46c17f4a9fb2a395d3d3ec00a"
"4","AI & Movement","ace2884c2","2019-03-06","ratkosrb","Rename obtained variable to discovered.","ace2884c29ef058729c496fa9bf9823aca3f7740"
"2","Combat & Spells","a49e29e84","2019-03-06","ratkosrb","Fix damage of The End of Dreams.","a49e29e8447e082167afcfc629c04aa563317c10"
"4","AI & Movement","a52fe8ffe","2019-03-04","ratkosrb","Add new extra flag to mark unobtainable items.","a52fe8ffe8f45ea1298d52663cb37ae947b0f261"
"5","Encounters & World","1812c6c5b","2019-03-03","ratkosrb","Implement item template datamining prevention.","1812c6c5bd9952304bc99adede52b5679dccc609"
"2","Combat & Spells","cb7d83495","2019-03-02","ratkosrb","Implement negative resistances.","cb7d83495d6129a60aff4234c1c2951ee7d7089b"
"5","Core Architecture","8d0637a18","2019-02-28","ratkosrb","Implement non-linked auction houses.","8d0637a18af4a83bfa14e08f2862079399355e8f"
"1","Crashes & Security","864ccc505","2019-02-28","ratkosrb","Fix two possible crashes on creature death.","864ccc50554b8333a019ae616a9bb1cd22b27c45"
"1","Crashes & Security","dd8f591dd","2019-02-23","ratkosrb","Change default command ranks.","dd8f591dd9e63fc42dc0b1320c8e2751acd95e1a"
"5","Encounters & World","ed383e83f","2019-02-21","ratkosrb","Fix set flag script command on old builds.","ed383e83fceccec11392b6b585f9e0d023822cd8"
"5","Encounters & World","ff46c9057","2019-02-20","ratkosrb","Improve Kirtonos the Herald script.","ff46c9057fbebd3eb5c4575f81361f2121eadc63"
"1","Crashes & Security","89950c4fa","2019-02-20","ratkosrb","Fix crash when Red Drakonid dies.","89950c4fab9009b5c9639dc37232fc2eab7759dc"
"5","General Systems","7120171a2","2019-02-18","ratkosrb","Fix typo in migration.","7120171a2d77d2cb1fad4ec17903bcaebcf2eaa7"
"4","AI & Movement","3d55960b5","2019-02-12","ratkosrb","Fix container slots size.","3d55960b59875ff702ce30f0b5d657ac16e7ce7a"
"5","General Systems","f7cd03b5d","2019-02-11","ratkosrb","Initial support for 1.8.4 client.","f7cd03b5d9364b3dd8841f6e65bf4da88ef4bd57"
"2","Combat & Spells","a41461c09","2019-02-10","ratkosrb","Cleanup SpellCastResult enum.","a41461c093098e4962ffc13f2dd2cc0fad94f659"
"1","Crashes & Security","7dd0c4304","2019-02-09","ratkosrb","Revert change to Taming the Beast spells.","7dd0c43041ea6953a80f23873fcec71ccd344322"
"5","Encounters & World","4b03fb51b","2019-02-07","ratkosrb","Completion script for Collection of Goods.","4b03fb51bb59c481a2ebee7c868ed672841a853b"
"1","Crashes & Security","a3b934df4","2019-02-07","ratkosrb","Progression changes from 1.10 patch notes.","a3b934df4c78ceec3a115da90e599b60f6721ebd"
"5","General Systems","84ba06f89","2019-02-04","ratkosrb","Fix Ironhand Guardians.","84ba06f89bb1f93757c553faeb4f31dd836a0539"
"5","Encounters & World","628f2a45b","2019-02-03","alexkulya","Script for Karlee Chaddis OOC event.","628f2a45bb3f55a6ca5feb4271911547d990fc34"
"1","Crashes & Security","0ce4fce08","2019-02-03","ratkosrb","Fix grid unload crash. (#134)","0ce4fce089763065057ec8dda953b29c1dd97a50"
"5","General Systems","a718115fd","2019-02-03","ratkosrb","Update a few npc commands.","a718115fd28fa91b82b6da055ecf60de02ec298d"
"1","Crashes & Security","c795b192f","2019-02-03","ratkosrb","Fix crash with AQ mobs.","c795b192f9224061c75e2791de6f13ca26006076"
"4","AI & Movement","80592d75c","2019-02-02","ratkosrb","Add minimum BG duration to reward losing team.","80592d75c8e588bde52896e819da4df11e96aadf"
"5","General Systems","4903a8352","2019-02-01","ratkosrb","Progressive itemization corrections.","4903a835247277ee95138daf1b695e9a1f2dfaab"
"1","Crashes & Security","954e5767b","2019-01-28","ratkosrb","Prevent possible client crash due to wrong group size.","954e5767b90aee716d48742964d4bb75f551cb52"
"3","Bounds & Exploits","9b6c791a6","2019-01-27","ratkosrb","Reduce code duplication in last commit.","9b6c791a6cac385a0516eceda2e3ded33ec59810"
"4","AI & Movement","97572da72","2019-01-27","ratkosrb","Fix some movement issues with older clients.","97572da72fe9c4a4dad843ec27940b58a85af116"
"2","Combat & Spells","59570a014","2019-01-26","ratkosrb","Fix old version of Feedback spell.","59570a014ef2bf35a8d9645cf2bc0b1ed1dbc110"
"2","Combat & Spells","38ee129a8","2019-01-26","ratkosrb","Convert pre-1.10 spell proc flags to newer equivalent.","38ee129a85f78c8ad2d8917b3336facacaadfc56"
"2","Combat & Spells","3aea400fc","2019-01-26","ratkosrb","Fix spell proc flags for 1.9.4.","3aea400fc15ae13fc86ab50441458019bcdd1610"
"1","Crashes & Security","c3dd03986","2019-01-26","ratkosrb","Implement changes to priest racial training costs.","c3dd03986dc93fbd613a333ce5571df0b706dbb7"
"1","Crashes & Security","880630f25","2019-01-25","ratkosrb","Change AB reputation interval based on patch.","880630f2524a66dc7d439f0e21b2c2fcc971292d"
"5","Core Architecture","7c05be342","2019-01-25","ratkosrb","Add patch check to AV player kill reputation.","7c05be342e32306a98d7c415087c742229d9460e"
"2","Combat & Spells","874820496","2019-01-25","ratkosrb","Charm spells on charmed creatures should be unavailable to players.","874820496cd480d25bb6c020a5098403af4c1cc4"
"5","Encounters & World","c9b99a31e","2019-01-24","ratkosrb","Update custom vendors sql to new table format.","c9b99a31e4a87c17cc8b06d3ed3f10cb9b9e3ed1"
"4","AI & Movement","cf6e4f129","2019-01-24","ratkosrb","Use percent hp and mana in creature spawns table.","cf6e4f1292ca4e2dd81a0ad21155a37ca31e171a"
"5","General Systems","595fd679e","2019-01-23","ratkosrb","Fix typo in last migration.","595fd679ebc5748256e513483f83b550514f9688"
"4","AI & Movement","a7905795a","2019-01-23","ratkosrb","Update creature_template column names.","a7905795ac4c587e97c78bfa4bb8a2987c7b1794"
"5","Encounters & World","b5849d266","2019-01-22","ratkosrb","Fix provided item for mage dungeon set 2 quest.","b5849d266c20548dc6ad2ee705e86267f2e60955"
"4","AI & Movement","805759cf5","2019-01-22","ratkosrb","Save guid in training dummy script.","805759cf50a4fe73197f8ae3c8bb6c3083ffd7e4"
"5","General Systems","d293427d6","2019-01-22","ratkosrb","Implement strict version checking to detect modified clients.","d293427d638276cb6d9e03347d1c97a1faeac6a7"
"5","General Systems","7e566d05d","2019-01-20","ratkosrb","Misc progression fixes.","7e566d05ddfb980b1ff7b4adeee815d976f1a857"
"5","Encounters & World","f97c0064b","2019-01-19","alexkulya","Script for Karu OOC event.","f97c0064bc12093fe63b511bb178405036240028"
"2","Combat & Spells","3ff723dbd","2019-01-19","ratkosrb","Send cast error when trying to cast negative spell on self.","3ff723dbd1631cd273a02d97534ca754f3941a1a"
"4","AI & Movement","cbb89c12d","2019-01-19","ratkosrb","Resummon warlock pet after Eye of Kilrogg.","cbb89c12da6d4d992a80fdf953789dbc586c5917"
"3","Bounds & Exploits","8bc932b5c","2019-01-19","ratkosrb","Fix talents exploit.","8bc932b5c80368ddd507ba7a2068fd8c50f8a171"
"2","Combat & Spells","97ecc3e28","2019-01-16","ratkosrb","Handle rolling immunity effects from multiple auras.","97ecc3e281ee292488c44319a9e49dcbcbcdd452"
"4","AI & Movement","f61fb1913","2019-01-15","ratkosrb","Rename creature pointer to something more appropriate.","f61fb191308c1e6ba548504c0ecc6208c555f17d"
"4","AI & Movement","b7fb84abe","2019-01-15","ratkosrb","Add support for non-Totems to TotemAI.","b7fb84abe8da69b2e7a016327c2d54a14d27650c"
"5","General Systems","7158bc3a9","2019-01-14","ratkosrb","Fix racial skill bonus not working until relog.","7158bc3a9e9701d8cfbcf6024a833ab08eb7d921"
"5","General Systems","1a47d42f7","2019-01-14","alexkulya","Correct texts used by Bazil Thredd.","1a47d42f7281b2708719de755994e275f02507b6"
"5","Encounters & World","b74b8b833","2019-01-14","alexkulya","Script for Gerald Abernathy & Theresa OOC event.","b74b8b833a4c36c2b9392f5e94b1d7db9771d1b9"
"2","Combat & Spells","9e4f5b8d0","2019-01-12","ratkosrb","Properly allow SPELL_AURA_MOD_DAMAGE_DONE procs.","9e4f5b8d0031fde0c54cfd57867d82a6f6e8b847"
"2","Combat & Spells","66e012f41","2019-01-12","ratkosrb","Remove charm auras on the possessed unit rather than the charmer.","66e012f4188ececad79a8485f83a3dca42cada4f"
"5","General Systems","5a2776dac","2019-01-12","ratkosrb","Check m_CastItem for item casts rather than m_IsCastByItem.","5a2776dac3b6f3eceaf3dc0f5d7f7a7d02775a1b"
"5","Encounters & World","5c77c1c08","2019-01-12","ratkosrb","Cleanup Venoxis and Hakkar scripts.","5c77c1c08e42cbc2992b7a94e2f487fe825e68d6"
"2","Combat & Spells","e5b242609","2019-01-12","ratkosrb","Prevent players from casting negative spells on themselves.","e5b24260922fe5d9c0c535378330e6e5dabf3713"
"2","Combat & Spells","89e3e799a","2019-01-12","ratkosrb","Restrict addon language messages to certain channels.","89e3e799aa53e72e3a1a63adcc840fbd64a5bed8"
"2","Combat & Spells","59f151f0f","2019-01-12","ratkosrb","Use static cast in IsPet and ToPet.","59f151f0f1965edc7cc3ba172b26f72d6ebe0f48"
"2","Combat & Spells","b030cd500","2019-01-12","ratkosrb","DOT spell damage was calculated on tick before 1.10.","b030cd500a5880c591626a34f966cd903e2b3a3b"
"4","AI & Movement","fa0e43b6b","2019-01-12","ratkosrb","Killing pets should not reward reputation after 1.10.","fa0e43b6b2409e323140f8c67037d496268f4a58"
"5","General Systems","cc9f80733","2019-01-10","ratkosrb","A few misc fixes.","cc9f80733b5ce66277147942af339dbac81b09a8"
"5","Encounters & World","59eeefa83","2019-01-10","alexkulya","Add some gameobject spawns in Blackrock Spire.","59eeefa83a46ae6d4f4981d45890cf79d9f1b67b"
"4","AI & Movement","2beed900f","2019-01-10","alexkulya","Add waypoints to some creatures in The Barrens.","2beed900fe028f59d6d5ab6fdc2ffdb7e5abdda5"
"5","Encounters & World","771507991","2019-01-10","ratkosrb","Corrections to spawns in PvP vendor rooms.","7715079915e192625f9cd5a76c19ec6a26563cd3"
"5","Core Architecture","39ec74260","2019-01-08","ratkosrb","Refactor player skills code.","39ec7426030aaf6ecdce1d741ee3910c987b91e0"
"5","General Systems","bb27fef7c","2019-01-05","ratkosrb","Fix target dummies not taunting mobs.","bb27fef7c09a88fdfe72193f8158da48f520d9e3"
"1","Crashes & Security","03183cbcb","2019-01-03","ratkosrb","Fix crash when loading pet auras.","03183cbcbbee1fe4e1633e209cf381e6530cb36c"
"2","Combat & Spells","9998f2de9","2019-01-02","ratkosrb","Add separate handler for SPELL_EFFECT_SUMMON_POSSESSED.","9998f2de90a5aa8ccbd926a2efc6e282e74407f5"
"4","AI & Movement","669611a44","2019-01-01","ratkosrb","Add initializer list for Random Movement Generator.","669611a44950f9497f92071232cbaaca8c8ca51b"
"5","Encounters & World","a14c2d956","2018-12-31","ratkosrb","Add missing firework gameobjects.","a14c2d9564e0da57126ee5b72ec993c982853729"
"5","Encounters & World","f68c5a431","2018-12-30","alexkulya","Script for Gruk and Guard Taruc.","f68c5a43184f2377e8827691297a2638a19d2435"
"4","AI & Movement","03f769ae1","2018-12-30","alexkulya","Fix movement for some mobs in The Barrens.","03f769ae128381941e113168778892287c46c693"
"5","Encounters & World","8b8742110","2018-12-30","ratkosrb","Fix bug causing Elemental Invasion bosses to evade.","8b8742110f9e3533ba77d8209ce051135687ef6f"
"5","Encounters & World","f6cc72641","2018-12-28","ratkosrb","Move Thrall and Vol'jin scripts to database.","f6cc7264110a2a343b7adca93453efabd6b206b8"
"5","General Systems","02660a22b","2018-12-28","ratkosrb","Add back King Gordok's anti split check.","02660a22b41aa24217a3192518c3112be5c19b91"
"5","General Systems","1fcfd82b1","2018-12-25","ratkosrb","Fix wrong return type.","1fcfd82b14373125a188a9c13fa0e3b90fcca386"
"5","General Systems","8b53e7547","2018-12-24","ratkosrb","Fix patch for School of Tastyfish.","8b53e7547927bd22769c3e20af67f4c73f4e4e10"
"5","General Systems","1f3e4dee5","2018-12-24","ratkosrb","Fix wrong id for Curse of the Eye used by mobs.","1f3e4dee523435beb5d4a76a2ceeb5c985a59947"
"2","Combat & Spells","15d27dbb5","2018-12-23","ratkosrb","Fix SPELL_ATTR_EX_NOT_BREAK_STEALTH on old clients.","15d27dbb5c06c7c6938e96d02c3160bd424e835c"
"1","Crashes & Security","a78b9e049","2018-12-23","ratkosrb","Revert last change for items.","a78b9e04973ad015fb61290ad912af2b548a746f"
"2","Combat & Spells","8da06d8a3","2018-12-22","ratkosrb","Stealth auras were removed at end of cast prior to 1.10.","8da06d8a3f5753e4c8a49a1daebcce45f355f663"
"1","Crashes & Security","e1a31cbf0","2018-12-22","ratkosrb","Implement changes to display id and name of some items.","e1a31cbf08cb3c2a2b03a7a9117710317586d7f3"
"5","Encounters & World","db7df427e","2018-12-21","alexkulya","Completion script for quest Winterfall Runners.","db7df427e9f3ae9af153876102e510ab2f67628b"
"2","Combat & Spells","31ed7c2a4","2018-12-21","ratkosrb","Fix spell Haunting Phantoms","31ed7c2a44c085ebd6a062ca9f3ef2731fcdf5bb"
"5","Encounters & World","c4c640ef3","2018-12-19","ratkosrb","Enable morph script command for players too.","c4c640ef3b22f650d437e449dd60a731ebdaa0ed"
"2","Combat & Spells","fbfbd00b5","2018-12-19","ratkosrb","Fix spell Party Fever.","fbfbd00b57cb618e3305700aaecbb933f905476f"
"5","General Systems","8b99a79e6","2018-12-18","ratkosrb","Correct faction of Fenros.","8b99a79e6d6648fb41a150aa9b51f951e6eb8259"
"4","AI & Movement","b53276a7f","2018-12-17","alexkulya","Add creature group for Haren Swifthoof.","b53276a7fa8f93e07512477bf97f2c169dbdb359"
"5","Encounters & World","27f53bc78","2018-12-14","alexkulya","Script for Death Knight Darkreaver.","27f53bc78cdff49a44d121d22431130c5f6a741e"
"5","Encounters & World","62a44c949","2018-12-14","alexkulya","Script for Apothecary Keever OOC event.","62a44c94919a52dd3de6d5d66c6bb2962026ea78"
"1","Crashes & Security","7f0afe90c","2018-12-09","ratkosrb","Fix crash in ScriptsProcess.","7f0afe90c15bfbb157e3d351b575eb49853e98e5"
"2","Combat & Spells","b830b6347","2018-12-07","ratkosrb","Refactor chat channel code.","b830b6347ec12333f8753345c5a5455d4338e5c0"
"5","Encounters & World","af7141efc","2018-12-07","alexkulya","Script for Mogg and Pooka event.","af7141efc26418ad60ec7e3feec9e7a29f802d53"
"1","Crashes & Security","9fe6b88af","2018-12-06","ratkosrb","Implement changes to PvP set prices and models.","9fe6b88af1b2a1bb3239ff06571a09fffcc32ef0"
"5","Encounters & World","a4710e392","2018-12-06","alexkulya","Script for Grub and Duhng OOC event.","a4710e39250a1c17e5dab52a0e7d2954cba4e2c4"
"5","Encounters & World","fe4461e55","2018-12-06","alexkulya","Script for Trok OOC event.","fe4461e551cb7516dbe75cf1f26ddc9b40226e3b"
"4","AI & Movement","5a6d08331","2018-12-06","alexkulya","OOC Texts for some creatures.","5a6d0833112c85174b4e2bde96225cf6ac2d2265"
"5","General Systems","e3bc078ea","2018-12-05","ratkosrb","Fix use of negative value in LowLevelHideDiff and HighLevelHideDiff.","e3bc078ea781fd01b35734c597f523805bd2994b"
"4","AI & Movement","59f197461","2018-12-05","ratkosrb","Add EventAI script for Rak'shiri.","59f1974613f79b4aa2d4fb9f67ecabfadcbb778a"
"5","Encounters & World","bd9b4e1ee","2018-12-05","alexkulya","Script for Erk and Fang event.","bd9b4e1ee5f49d2e72065ef09f7921b3549c4ef6"
"5","Encounters & World","1e99c2b2d","2018-12-05","alexkulya","Script for Horde Laborers.","1e99c2b2d55056f0edf72b2bd7688d0a2ed25559"
"5","Encounters & World","ddf014b04","2018-12-05","alexkulya","Completion script for Operation Recombobulation.","ddf014b041892d2770f9ed0c042ed6231fcfa38e"
"5","General Systems","2780b0e3c","2018-12-05","ratkosrb","Fix typo in function name.","2780b0e3c8a5509d9670d1f9839a57124882c6f3"
"1","Crashes & Security","6627db278","2018-12-04","ratkosrb","Query style changes.","6627db2787f253066c1680c806c682a6355dd550"
"5","Core Architecture","eea89a4eb","2018-12-04","ratkosrb","Add player chat tag enum.","eea89a4ebaf8411b7dc03c8fe2716c19647276ce"
"2","Combat & Spells","ae64eb5e9","2018-12-04","ratkosrb","Correct implementation of some spell mods.","ae64eb5e98209b8d3ae19c0f3c8d7e49fbf9846f"
"5","General Systems","b7b970e88","2018-12-04","ratkosrb","Code style improvements.","b7b970e886b21e1f68356fbe343d9012769f64f8"
"4","AI & Movement","9c12d95d0","2018-12-04","ratkosrb","Add gossip menus for profession trainers.","9c12d95d0a9318ad08508340d179b70dbd1eea71"
"1","Crashes & Security","2db2cd000","2018-12-03","ratkosrb","Fix crash in AttackerStateUpdate.","2db2cd000a70a7d8ac5ad4f7c4d9302bbdd2021c"
"5","General Systems","ed7711726","2018-12-02","ratkosrb","Fix build on linux with newer openssl versions (#50)","ed77117267779297cc17665b5fc72268c677d7b5"
"5","Core Architecture","395d47d15","2018-12-02","ratkosrb","Organize code in Player.h","395d47d15fdf43241dc12303a5e592fc218d03f9"
"2","Combat & Spells","f9e8c3d2b","2018-11-30","ratkosrb","Check spell proc cooldowns for creatures too.","f9e8c3d2b53a3e894852a3ed91234dc2ab34a6e2"
"4","AI & Movement","8cddb7ea9","2018-11-30","ratkosrb","Add distancing movement to Barak Kodobane.","8cddb7ea987dc73c3103a158b36b346723394583"
"5","General Systems","ad0804074","2018-11-30","ratkosrb","Add support for 32 slot bags.","ad08040748705468140fe0dd6a7998a865eec78a"
"5","Encounters & World","7421f101b","2018-11-29","ratkosrb","Fix quest The Completed Orb of Noh'Orahil","7421f101be50a5464400e241a72c02580d657e05"
"5","General Systems","6735de017","2018-11-27","ratkosrb","Improvements to PvP flagging.","6735de01743e2e98740882d67f663a5ac20ac276"
"4","AI & Movement","6708c8284","2018-11-25","ratkosrb","Use modern for loop in EventAI code.","6708c8284b01fc0738063c1784db081e4cf74797"
"5","General Systems","04ce3beb3","2018-11-25","ratkosrb","Fix invisible spirit healer when you die on graveyard.","04ce3beb3a8581c76f57b7cc23aadfd7bdd8124d"
"5","Core Architecture","b80466ce6","2018-11-23","ratkosrb","Move functions specific to 3 mobs out of Unit class.","b80466ce6151c95c390333e3721cb9d501258084"
"5","General Systems","4789bf02a","2018-11-23","ratkosrb","Fix Gurubashi Arena on PvE realms.","4789bf02a4bd4c8a5159ce45e8877db70410229d"
"2","Combat & Spells","7c28053b4","2018-11-23","ratkosrb","Implement spell Shapeshift Form Effect.","7c28053b453f185608a2bc26ff1b83dafb5557cf"
"2","Combat & Spells","f577dd890","2018-11-23","ratkosrb","Trigger mainhand weapon procs for shield attacks.","f577dd8900ee598cb795fff257f6c54bfdeb85a4"
"2","Combat & Spells","c2fee99d0","2018-11-22","ratkosrb","Fix spell error codes on 1.9.","c2fee99d034cb50a2f06a8fe6fdf85153a0a6ab6"
"5","General Systems","e56b932f1","2018-11-22","ratkosrb","Fix startup errors on 1.9.","e56b932f104be467feace9251f75f0967567e5af"
"5","General Systems","acaa54ae9","2018-11-19","ratkosrb","Initial support for 1.9.4 client.","acaa54ae9da242657474dee544f1f8382dbd5c39"
"2","Combat & Spells","81e883c29","2018-11-19","ratkosrb","Do item spell id substitutions in core.","81e883c29132bc7b244fd26073979cbe356006d7"
"1","Crashes & Security","44468ab16","2018-11-15","ratkosrb","Change defaults for some config options.","44468ab168cdfc24027719d74702fa04db7c5bd4"
"4","AI & Movement","bf90c84a6","2018-11-10","ratkosrb","Prevent pulling Wyrmthalak through wall with pet.","bf90c84a6a4b4e15c5ac381147dfad4f08d9bc61"
"1","Crashes & Security","6ce5523b6","2018-11-09","ratkosrb","Fix crash when deleting bags.","6ce5523b674809521bafea388a42617002f7af94"
"5","Encounters & World","10e84e5e2","2018-11-09","ratkosrb","Fix scripts for a few AQ mobs.","10e84e5e2dc5e8396cc9d9a72f435caa85f80aa6"
"5","General Systems","21c2199bf","2018-11-09","ratkosrb","Fix searching AH with localized client.","21c2199bf481b7a0de0089050e2f2a2e2464632f"
"5","General Systems","9347a6e16","2018-11-08","ratkosrb","Finished item data corrections.","9347a6e166cfd59ed890bca93a9220893ddfd7d6"
"2","Combat & Spells","b70220491","2018-11-08","ratkosrb","Initialize all SpellEntry fields.","b702204913b26459f4bf9d72f2f2c42d18fd2f70"
"5","General Systems","a79b180b1","2018-11-07","ratkosrb","Fix type in comment.","a79b180b19209dc5bc2cedbfdedf2a8e246b4a1e"
"5","General Systems","ba3268a69","2018-11-07","ratkosrb","Fix Challenge to Urok.","ba3268a699157928c8725a33a036c9e0bc2dd84b"
"1","Crashes & Security","317af2e3a","2018-11-06","ratkosrb","Missing change from last commit.","317af2e3ae922bf7b7aa1bb43eefca0cfead4e26"
"2","Combat & Spells","fc8cc3f17","2018-11-06","ratkosrb","Fix stats for some items.","fc8cc3f176d70b05a223d4a344b3ff472632d21d"
"5","Encounters & World","353959169","2018-11-04","ratkosrb","Fix script issues with 2 mobs.","35395916984ae9f46c3e785a30135c9517bcbb1d"
"4","AI & Movement","2ff34d4df","2018-11-04","ratkosrb","Prevent creatures from Blinking to unreachable places.","2ff34d4dfc6904e8e4cc1a1d029915466c83fd7a"
"5","General Systems","0a2315b9a","2018-11-02","ratkosrb","Corrections to item prices and level.","0a2315b9a0b57f647b57e8338c322107104f2dc8"
"5","General Systems","0e925fa09","2018-11-01","ratkosrb","Correction to some item data for 1.12.","0e925fa09d5416a0a32414ce4673d0d96856ff18"
"2","Combat & Spells","16d3f1114","2018-11-01","ratkosrb","Armor and resists should be int16 in database.","16d3f111442281ef8049ee745149002d0e0b99f1"
"5","General Systems","48e1d4ea2","2018-10-29","ratkosrb","Taming the Beast improvements.","48e1d4ea22fdc4acf11d8f20e1e71d302b1f6988"
"4","AI & Movement","ea0c1a031","2018-10-26","ratkosrb","Prevent creature pets from chasing forever.","ea0c1a031b6c36b04420249711e4a1be197418fa"
"2","Combat & Spells","d47c7094c","2018-10-26","ratkosrb","Fix use of different range checks for some spells.","d47c7094c1622dfa12beb2ed431e2b9885eb0092"
"5","Encounters & World","b5a737aac","2018-10-21","ratkosrb","Max level quest xp to gold conversion was added in 1.10.","b5a737aac3135ed72a076d641ab2f533834ca7ea"
"4","AI & Movement","f89b22cf7","2018-10-20","ratkosrb","Prevent follower npc abuse.","f89b22cf7233ad39d1b2b21a08a4fdd819f3bd9a"
"5","General Systems","560255d40","2018-10-20","ratkosrb","Check linked item properties for enchantments.","560255d40d7b1b56e7fe19b9948949d197dcd313"
"5","General Systems","2e9ef8079","2018-10-17","ratkosrb","Check content patch when setting break point values.","2e9ef8079a01102b17f131b81c4cfba5d5ad90d7"
"5","General Systems","17fe06d28","2018-10-17","ratkosrb","Check validity of group binding.","17fe06d285d4da8156c967c49991832961459989"
"5","Encounters & World","3054860b4","2018-10-17","ratkosrb","Prevent sending of bad item links.","3054860b4862485dee80028564c95844c0e516bf"
"3","Bounds & Exploits","bfff076b9","2018-10-17","ratkosrb","Fix engineering pets exploit.","bfff076b916f64efcad007baee5e7462f322d4b5"
"2","Combat & Spells","62447aa19","2018-10-17","ratkosrb","Fix Furious Howl and stats for 2 mobs.","62447aa19dc866d70ec4d2e387345ec6f885ea6b"
"5","Encounters & World","bf1c7cdfa","2018-10-17","ratkosrb","Prevent AV mines from damaging friendly players.","bf1c7cdfa7af58df113b3c39045f1155309252fe"
"5","Encounters & World","8d8f135e5","2018-10-17","ratkosrb","Fix more quest script flags.","8d8f135e558e98da07d32a14e1676310d62b79a6"
"5","Encounters & World","1889fa587","2018-10-17","ratkosrb","Fix flags for 2 quest scripts.","1889fa587be7e5a7e0946e149f4accc24a4a77bd"
"1","Crashes & Security","e5c968d32","2018-10-15","ratkosrb","Hack fix for crash on Mind Control with Eye of Kilrogg.","e5c968d320a1915d37722643132b57928ee76855"
"2","Combat & Spells","5cf9ef046","2018-10-15","ratkosrb","Spell templates for Fire Roc and Shardtooth Mauler.","5cf9ef046590ffcb3e86c8ee42f65dd07ee9d1e3"
"5","General Systems","50f5aab6d","2018-10-15","ratkosrb","Fix faction of AV mine npcs.","50f5aab6d552950d63e57e9625947854d82fecc2"
"2","Combat & Spells","5a8accd3a","2018-10-14","ratkosrb","Add some safety to some preprocessor defines.","5a8accd3a6731565fbc31635b377c21a1f5acd6f"
"2","Combat & Spells","73c90798c","2018-10-13","ratkosrb","Replace Mudsprocket teleport location with Programmer Isle.","73c90798cea9c1a033ea2f7924d9bfd78319996c"
"5","Encounters & World","1b4018777","2018-10-13","ratkosrb","Update caster scripts to use distancing command.","1b4018777680c0ae670c8fa13f88fdef0865adb7"
"4","AI & Movement","7dcfbdb8a","2018-10-10","ratkosrb","Fleeing movement fixes.","7dcfbdb8a9c706d5bfe53a79b59d5c3b5032d766"
"5","Encounters & World","14bc932aa","2018-10-10","ratkosrb","Database script for Amnennar the Coldbringer.","14bc932aa4d04bd375b1359927f6c2075d7d151c"
"4","AI & Movement","7adaecea3","2018-10-09","ratkosrb","EventAI: Add PlayerOnly parameter to EVENT_T_KILL.","7adaecea384786e1660f368c5817d8b74fb81725"
"5","Encounters & World","195107827","2018-10-08","ratkosrb","Fix flags for old custom teleport npc script.","19510782744d081c94f8eaa15986f1642326498f"
"4","AI & Movement","3c23f9a21","2018-10-06","ratkosrb","Make creatures face their cast target.","3c23f9a21b6e74e995888475dcbea1c68352075d"
"5","Encounters & World","76f49163c","2018-10-05","ratkosrb","Database script for Witch Doctor Zum'rah","76f49163c9d7a6b91a26f70e0edab50b5437e26f"
"5","General Systems","7e5e76b5e","2018-10-03","ratkosrb","Update readme.","7e5e76b5e74cd593c024dc2c4be97eea28be1b8a"
"5","General Systems","120d94c38","2018-10-03","ratkosrb","Update issue template.","120d94c389e6967902473382810c9b5e1a1f31ce"
"4","AI & Movement","75dbb3b8e","2018-10-03","ratkosrb","Allow setting default mount for dead creatures.","75dbb3b8e2760a6464a0eee200954f819b4049c1"
"5","Encounters & World","101b449d4","2018-10-03","ratkosrb","Save guids in scripted events instead of pointers.","101b449d47a9f11e3860d584ccb66ff1a1773225"
"5","General Systems","087b8031d","2018-09-28","N├╕lin","Update to OpenSSL 1.0.2k (#24)","087b8031d269eff7736b3a1252580c8932f32aa9"
"5","General Systems","d2946c9b8","2018-09-28","N├╕lin","Update to MySQL 5.7.18 (#23)","d2946c9b85e1bc97909e6ba32ea605b59b0d4d42"
"1","Crashes & Security","feb192a3b","2018-09-28","ratkosrb","Prevent spoofed packet crash.","feb192a3b51e96ef537d1c2ee9a4f5b95a15e18e"
"1","Crashes & Security","126e2dc07","2018-09-28","ratkosrb","Progression: More changes from the 1.11 patch notes.","126e2dc07ff38cfaea095e3c6a0011b48c870d09"
"2","Combat & Spells","8a3bb7be7","2018-09-25","ratkosrb","Fix spell haste rounding errors before 1.12.","8a3bb7be7711e09b12d971dda3109665cc8cb65e"
"2","Combat & Spells","853e77ccf","2018-09-25","ratkosrb","Fix negative cast time auras on 1.12.","853e77ccf0ff0a70b24d3debca75f86c962db73d"
"5","Encounters & World","de4b4c729","2018-09-24","ratkosrb","Encounter in progress check was added in 1.11.","de4b4c72923ee05a85e76c3f3e6dc2d45ad8b31a"
"1","Crashes & Security","9b86e2036","2018-09-23","ratkosrb","Fishing progression changes.","9b86e20369fda1e3760294bf46015fb576e228ea"
"2","Combat & Spells","e97d8c789","2018-09-21","ratkosrb","Correct build of Arcane Power and Power Infusion group.","e97d8c789c8652d474fba7101919234a0a832ddd"
"5","General Systems","84b0b5930","2018-09-18","ratkosrb","Fix wrong position of herb spawns.","84b0b5930894347a6133fd8bf0f834160ab021d6"
"2","Combat & Spells","e049ee580","2018-09-18","ratkosrb","SoC should not proc Vengeance before 1.11.","e049ee5807d2d5dac2ebc70bd9f9f2ac716ad5c3"
"5","Encounters & World","74618c4c9","2018-09-17","ratkosrb","Script for quest A Crew Under Fire.","74618c4c9d77c1cd4c89eed7f734cbdfa5f25c94"
"2","Combat & Spells","fa87f9bf4","2018-09-17","ratkosrb","Add internal spell flags for better performance.","fa87f9bf4b559172b27ce13af899e326ddf7b073"
"2","Combat & Spells","79c79bd1a","2018-09-16","ratkosrb","Fix proc of Zandalarian Hero Charm.","79c79bd1ac345bb20abfa455c84d44986bb87762"
"4","AI & Movement","e990fa237","2018-09-15","ratkosrb","Implement creature spreading.","e990fa237b42e9a329aca5cfa87df129c5fbf639"
"2","Combat & Spells","9b7d32aa6","2018-09-14","ratkosrb","Arcane Power and Power Infusion should stack before 1.11.","9b7d32aa605e85d14e4689340056124e0905607e"
"1","Crashes & Security","ca3ba50b3","2018-09-13","ratkosrb","Progression: Changes to item cooldowns (#20)","ca3ba50b39ae90a4f46de0282932dd1bc3606639"
"2","Combat & Spells","ba2b1556b","2018-09-13","ratkosrb","Improvements to structure of SMSG_SPELLNONMELEEDAMAGELOG.","ba2b1556bfc004a88f2b1584bcff1dee9942a934"
"5","Core Architecture","e99ceefbe","2018-09-13","ratkosrb","Force updates on inactive maps if there are corpses to be removed.","e99ceefbe686bcd8faf98a965e96425a8fe4fe0c"
"5","Encounters & World","55300f29e","2018-09-13","ratkosrb","Prevent Mage Armors from stacking before 1.11.","55300f29ec8afc36789fe7705549aeed1b42e108"
"5","General Systems","c8a2b7388","2018-09-13","ratkosrb","Fix slows before 1.11.","c8a2b73886023e83eb9d897e68248777d8c695ee"
"2","Combat & Spells","1273b17e9","2018-09-04","ratkosrb","Don't consume flat cast time mod if instant cast aura is active.","1273b17e9783815f955c599c7b4ff013e8508146"
"5","General Systems","157d18a3c","2018-09-02","ratkosrb","Correct stack size for many items prior to 1.11.","157d18a3ceb91b2bf577e03dd92d970ed08baa73"
"5","General Systems","ff7b90908","2018-09-02","ratkosrb","Improve caster mob responsiveness.","ff7b9090855bf140d59832a21c12bb8aa7a16f62"
"4","AI & Movement","8fff2cf33","2018-09-02","ratkosrb","Correct speed for creature Rift Spawn.","8fff2cf3389596f07fbd912509eef0bd39fff342"
"1","Crashes & Security","580f8ca16","2018-09-02","ratkosrb","Fix console command crash.","580f8ca164b8a5ce7ef7eea49d6bed4de399a899"
"5","General Systems","d8df23718","2018-09-01","ratkosrb","Update links.","d8df23718b73f3f3c1ba10bc5aaa0ad31fe7de98"
"4","AI & Movement","9f50e90ac","2018-09-01","ratkosrb","Add detection, leash, call for help, and xp multiplier columns.","9f50e90ac9ed7db233a7343b324c559e021bb5b3"
"5","Core Architecture","431020556","2018-08-31","N├╕lin","Config to enable/disable Player commands (#11)","4310205563054882a5330bd774976969a5bf9293"
"5","Core Architecture","44061ed24","2018-08-31","N├╕lin","Allow GMs to invite players of opposing faction (#10)","44061ed24be763a43cfc549ff961c9f63079fb28"
"5","Core Architecture","40df291fa","2018-08-31","N├╕lin","Check if player corpse is inside BWL before rez on orb (#9)","40df291fa630a469472feba8c398d1f5d23de80c"
"5","Encounters & World","6aefc6d14","2018-08-31","N├╕lin","[ZG] Boss Jeklik's Bats shouldn't spawn on pull (#7)","6aefc6d148d63b852c21ee25f844411f624de2f1"
"5","Encounters & World","2d45f794a","2018-08-31","N├╕lin","Gameobjects shouldn't greet players (#6)","2d45f794a6f4b621c9c84185737985c79612d09a"
"2","Combat & Spells","8417317df","2018-08-30","N├╕lin","Weapon skill should increase on crit/miss/dodge/parry/block (#1)","8417317dfbfeafe56bb41ec528e3bb1aad88ed19"
"5","General Systems","747855464","2018-08-29","ratkosrb","Fix spawn position of Scourge Banner.","747855464e5c27c236c9c65cc0d0fcb2fa93dc31"
"2","Combat & Spells","58e83ed56","2018-08-28","ratkosrb","Check DB for required area Id when sending spell cast result.","58e83ed56bd863c3ad433931a3a08b5f4fac5e76"
"4","AI & Movement","f283ef4dc","2018-08-27","ratkosrb","Fix npc pet levels.","f283ef4dcab9d3cdf1b517bf9d45fa3194247bea"
"5","General Systems","716da74d7","2018-08-26","ratkosrb","Support for client build 1.10.2 (#213)","716da74d7d75fe9f200afd9eed805ac9a55911fb"
"1","Crashes & Security","820e4568a","2018-08-25","Staden","Remove pointless weather check Not having an emulator tell me that I can't change the weather","820e4568a613a1b188ee04e4dccdc7c608d68bcf"
"5","General Systems","2b20edcb0","2018-08-22","ratkosrb","Progression Pre-1.11 Fixes (#211)","2b20edcb0fed4b38a03c36f530e62ee7fafe19ba"
"5","Encounters & World","519e6cdd7","2018-08-19","ratkosrb","Small improvement to Isalien script.","519e6cdd7bc5d44ee64de139acec707327d8af1f"
"2","Combat & Spells","e3f7470df","2018-08-19","ratkosrb","Fix annoying melee animation bug.","e3f7470dfa2b9f4c1b6d573270c4b09bde81263c"
"5","Encounters & World","f0948dbad","2018-08-19","ratkosrb","End script for An Earnest Proposition.","f0948dbadda25c5dd9b684b75e67eca8222bcaf2"
"5","General Systems","d1acb6913","2018-08-17","ratkosrb","Remove extra if in feign death check.","d1acb6913eae9580ccd05ed14e41eb8fd009e05f"
"5","General Systems","793ac8fba","2018-08-17","ratkosrb","Remove possibly wrong equip check.","793ac8fbaa1ffdfdbe58c23a19b5995aff0cce68"
"4","AI & Movement","ebf3f8521","2018-08-17","Kittnz","Core/NPC: Implement trainer greetings (#208)","ebf3f8521f18098823091555983e8c8eaab8193a"
"4","AI & Movement","8169f9d93","2018-08-17","ratkosrb","Correct equipment for a lot of creatures. (#207)","8169f9d933d7806ddb44ebddddaa4b592a463ff6"
"3","Bounds & Exploits","b0f8e6ec8","2018-08-17","Skuzzi","Fix various remote bank exploits (#205)","b0f8e6ec82aea43e170ab0e9972319966ceda861"
"5","General Systems","97cb5f4fd","2018-08-17","ratkosrb","Fix startup errors from migration.","97cb5f4fd2366bd9defcf9b78e4c8a538644dec9"
"2","Combat & Spells","1f3264072","2018-08-17","GuybrushGit","Implement Feign Death resistance (#175)","1f3264072471872d850e768bbbc0a5b9f2e15f7e"
"2","Combat & Spells","cbc2bef5e","2018-08-15","Staden","Add cooldowns to public channel usage (#206)","cbc2bef5e476c452cee2b729db0db755af28f7d8"
"2","Combat & Spells","e7485c4ad","2018-08-11","ratkosrb","Allow equipping items for channeled casts.","e7485c4ad86cc7897c3883012a0c2a81a7e075be"
"5","Encounters & World","79cb08f25","2018-08-11","ratkosrb","Prevent equipping items while casting.","79cb08f2535f6fc5ae81cdd0315e5ed73c2bbc9e"
"1","Crashes & Security","954576d48","2018-08-11","ratkosrb","Change back PvP hall config option.","954576d481d546152e6267cc4c45d9e16eb96ca9"
"5","Encounters & World","b607e0d40","2018-08-08","ratkosrb","Fix quests for Argent Dawn Commission.","b607e0d40a37cf5f9df060c4156bbc27c59ca652"
"5","General Systems","f14ad4666","2018-08-07","ratkosrb","Various progression related fixes.","f14ad4666aced6b8eb9e0ae4fbdf9b4a163bf97f"
"2","Combat & Spells","ee699270f","2018-08-06","ratkosrb","Correct spell range check again.","ee699270f8bb1c9469f0de41545e30e3420b0c05"
"2","Combat & Spells","0dbd2848e","2018-08-05","ratkosrb","Implement unused spell attributes. (#200)","0dbd2848e7fc74ec15579ecfff2bceea59fe01a6"
"5","Core Architecture","29302421d","2018-08-05","ratkosrb","Do not despawn Gizelton's Caravan if no player arrives. (#198)","29302421d41681ed2424301d5cd1c045162402b2"
"5","General Systems","4517d2e26","2018-08-05","ratkosrb","Fix implementation of Gordunni Cobalt. (#197)","4517d2e263bfd57c4f95edcf89f409a477da31ad"
"4","AI & Movement","14eba4a2c","2018-08-05","ratkosrb","Implement GuardEventAI and add scripts for guards. (#196)","14eba4a2cad420b29bc79cad70c48240f7afae7b"
"2","Combat & Spells","54127528c","2018-08-05","Filip Jaro┼í","Fix mana leech aoe spells (#195)","54127528cedc3647497b65d51374c7aac83125f7"
"2","Combat & Spells","4ad41a6e9","2018-08-05","bladez","Ignore cross-map threat generation (#193)","4ad41a6e9a333cacaaf9d527091f501a917db2a4"
"5","General Systems","970783aee","2018-08-05","Tobschinski","Un'goro Crater - Stone Guardian (#190)","970783aee9ab3fd8ed709e05cecda3c35c3e915c"
"5","Encounters & World","a5184c7dd","2018-08-05","Filip Jaro┼í","Remove immune flag from dungeon set 2 bosses (#189)","a5184c7dd1d2d345dcac79cbd53785d9c375ee4d"
"4","AI & Movement","2709cfd5c","2018-08-05","GuybrushGit","Allow player pets attacking feigned players (#174)","2709cfd5c887fda8c9f4cc8eccc0e723532eacff"
"1","Crashes & Security","d293ee5cc","2018-08-01","bladez","Prevent crash in aura proc when no victim is specified","d293ee5cc9cdcf023f76b5901ead246f159c3ad2"
"2","Combat & Spells","dc1a84f3e","2018-07-28","bladez","No procs if victim and target are not in the same map (#194)","dc1a84f3e5cf34eb83bb08fa8091f82824ad07d5"
"5","Core Architecture","ca5e5b924","2018-07-28","gears-lightshope","Add support for player name output in pin/bani commands (#183)","ca5e5b924392098b348fce444271ff565e2c575a"
"5","Encounters & World","dfc23a877","2018-07-28","GuybrushGit","Prevent totems attacking neutral targets (#173)","dfc23a877225d73509e9cdd2262f19de9f36aa1c"
"5","Encounters & World","1489683f5","2018-07-28","GuybrushGit","Implements dynamic restock for vendors (#171)","1489683f5b37a5bb17b0c09708079b97f0783394"
"5","Core Architecture","79af32b65","2018-03-10","sipertruk","Revert ""Map switch related fixes (#12)""","79af32b65d11e6ed19462f51b121c1a93e63cc3f"
"1","Crashes & Security","c44527d3d","2018-07-25","bladez","Revert ""Fix crash iterating attackers. (#35)""","c44527d3dce64ffcb81821037214d485725bbb3a"
"2","Combat & Spells","85b70e2b1","2018-07-25","ratkosrb","Fix Eskhandar's stats and add missing abilities. (#186)","85b70e2b11a19c332457b21d615b6e5bf0470bbc"
"2","Combat & Spells","b3bcf6060","2018-07-25","GuybrushGit","Remove Mind Control threat transfer (#86)","b3bcf60607bb8371f899c72c99ef8d797ac2c37b"
"4","AI & Movement","b9d50870b","2018-07-25","ratkosrb","Add missing display ids for creatures. (#184)","b9d50870bf1e70c99aecfae70e77864273e3f3d2"
"2","Combat & Spells","b30110492","2018-07-25","ratkosrb","Define single target auras in the database. (#182)","b301104921fdb1fa2905ae6c889e1c4bb0282cf9"
"5","Encounters & World","1fb2acd90","2018-07-25","ratkosrb","Add a lot of quest emotes. (#180)","1fb2acd909e5a18da89fc867bb6d9cbd13f92833"
"2","Combat & Spells","1ef307dc3","2018-07-25","ratkosrb","Fix combat distance calculation. (#176)","1ef307dc3d7a06f3b7fd833587ea509b65329bd7"
"5","Encounters & World","52701528d","2018-07-18","ratkosrb","Add Ragnaros Core to loot table before 1.4","52701528d75c4f13ab89e6dec63c75faed80114e"
"5","Encounters & World","547f0819e","2018-07-18","ratkosrb","Prevent equiping fist weapons without skill.","547f0819e7f1cfb8d3c1e821a8974074c0777f47"
"5","Core Architecture","e40619e44","2018-07-18","Filip Jaro┼í","Rmove immune to player flag from Kormok (#177)","e40619e4461101f048c5c4710279951524d489c1"
"5","Encounters & World","d545349d3","2018-07-18","ratkosrb","Script quest A Rogue's Deal in the database. (#167)","d545349d3091b6fdc1cf71bc18f4ce4a5ca15e5f"
"2","Combat & Spells","ad3e47a0c","2018-07-18","GuybrushGit","Seal of the Crusader damage reduction (#166)","ad3e47a0c5b5bd68e7f6723f96108ba1f1527ddf"
"5","General Systems","a7679a4e3","2018-07-18","GuybrushGit","Misc item fixes (#164)","a7679a4e3ed20434048f5fbaad0ccf7d395113b3"
"5","General Systems","e1b222ac7","2018-07-18","ohganot","Fixes The Untamed Blade PPM (#162)","e1b222ac78eb65c37c3f89a4aa700c71892d4e9e"
"5","General Systems","53937c02b","2018-07-18","QAkvastskaft","Small DB Fixes 2 (#160)","53937c02b8a480645523a037a50263120a768e82"
"4","AI & Movement","66ddcc7a2","2018-07-18","GuybrushGit","Fix Warsong Peon AI (#169)","66ddcc7a2f69b30b923a60f2bb1960f19264bbd4"
"2","Combat & Spells","04a530b46","2018-07-18","GuybrushGit","Pre 1.10 Bonereaver's Edge proc (#156)","04a530b463605b00e471a76a3ddd4512c22bd224"
"1","Crashes & Security","3ff680e3b","2018-07-18","bladez","Resolve crash in pinfo when executed before logout","3ff680e3b35a87485a6d2c0c7acb58f1ec7b71ea"
"5","General Systems","3e77f9913","2018-07-17","ratkosrb","Fix Food Crate and Barrel of Milk level requirement.","3e77f991334754908edf89e81df1f7613429a04b"
"5","Encounters & World","ce513cc78","2018-07-17","ratkosrb","Fix Dorius Stonetender aggro, Saltwater Snapjaw loot, Alcors Sunrazor bonding.","ce513cc78eef1f5613c8e6b8b29a7d05293282cf"
"5","Encounters & World","18930bf51","2018-07-17","ratkosrb","Fix quest Rise, Obsidion!","18930bf51c8cf906376b123a59fa8e94198e151b"
"5","Core Architecture","1d4c48b9d","2018-07-16","ratkosrb","Correct npc names and player spawn positions.","1d4c48b9d4b3d5e1d1e45d9ad40f4db4de96f32b"
"5","Encounters & World","bb603d42c","2018-07-11","ratkosrb","Prevent auto attacking friendly targets (#165)","bb603d42c0057aaf3d336a2ef74f6cd07817fdf6"
"2","Combat & Spells","8619543cf","2018-07-11","GuybrushGit","Fix to damage mods and bonus weapon damage interaction (#161)","8619543cfbe50573e6ef662ebae6a964448fdef3"
"5","Encounters & World","ecc1ea4b1","2018-07-11","ratkosrb","Prevent healer mobs from healing other people's mobs. (#155)","ecc1ea4b1b54f6eae9f050876551a2bc0b124b39"
"5","Encounters & World","a6efe8cf5","2018-07-11","ratkosrb","Add missing loot for Heavy Junkbox.","a6efe8cf58f0a9a554f39ece68ddf41216a3e382"
"4","AI & Movement","6d879d958","2018-07-11","GuybrushGit","Fix mana gained in level up message (#158)","6d879d95815c602aa8a9d27678fb9b4e58527b3a"
"2","Combat & Spells","1c5e22ca2","2018-07-10","ratkosrb","Fix melee haste on 1.11","1c5e22ca26c5e42ca4da62a3cc236bd0cd0df91d"
"2","Combat & Spells","3c585f956","2018-07-04","GuybrushGit","Shadowguard no threat (#147)","3c585f956eda9c9d53d5d9b7718034bceca45102"
"5","General Systems","c4ffaf91e","2018-07-04","QAkvastskaft","DB Fixes (#151)","c4ffaf91ed9d6ab89d4ac89176ee1937109e7852"
"4","AI & Movement","f7f83ad7e","2018-07-02","Miguel Dur├úo","Require Email Verification for joindate bigger then defined in config file. (#146)","f7f83ad7e8e5038f4d4c431557136fa7bfece714"
"2","Combat & Spells","f7a98c684","2018-07-02","Bagiraa","Fix some items stats (#152)","f7a98c684fb4168d3203bd1cd826c05f3cf698b6"
"5","Encounters & World","880daf3ea","2018-06-30","Filip Jaro┼í","Zul'Gurub: Fix boss mandokir immune to attack (#145)","880daf3ea532041b6524fa0a335f67418f01d872"
"5","General Systems","28982dd11","2018-07-01","QAkvastskaft","Western Plaguelands Quality Fix (#139)","28982dd11d72074d53d038106057bb4c98cb2a49"
"5","General Systems","778a2fa95","2018-07-01","QAkvastskaft","Silithus Quality Fix (#137)","778a2fa9561998a5736ca3a837b59812ae2cb004"
"5","General Systems","e8e1d5562","2018-07-01","sipertruk","Fix teleport on fear after root/stun. (#12)","e8e1d55629d21bc876827033289a733c3950e01c"
"1","Crashes & Security","17711f8f1","2018-06-30","Filip Jaro┼í","Fix deadlocking update script events iterator (#150)","17711f8f1f8c0672c6559b515bb2fa86c8a9ab38"
"5","General Systems","d9df6df71","2018-06-27","bladez","Dynamic respawn improvements (#143)","d9df6df714fce299cb6f3b7a01b4e89be6c21e9b"
"4","AI & Movement","03eb27c42","2018-06-27","ratkosrb","Remove template arguments from Random Movement Generator.","03eb27c42eeb98aed367af86075ea336be027928"
"2","Combat & Spells","f5ece04eb","2018-06-25","Kittnz","Update HandleNpcSpawnTimeCommand SQL statement","f5ece04eb3b9ac7fdcd26d876a8c35de1a6cda51"
"5","Core Architecture","ca0e90c56","2018-06-23","ratkosrb","Zul'Farrak: Remove Immune to Player flag from Zum'rah on aggro.","ca0e90c56d27217e89a223d6abd7f6345ad1c448"
"5","Core Architecture","153a35f14","2018-06-23","ratkosrb","Tomb of Seven: Remove Immune to Player flag on attacking.","153a35f14b34340a9da8df3090accd2517894040"
"4","AI & Movement","a176ce013","2018-06-23","ratkosrb","Fix movement range for elemental invasion mobs.","a176ce013328d6d2cd8bae005f5371d5335a444d"
"5","General Systems","355faacce","2018-06-23","ratkosrb","Fix item Orwin's Shovel.","355faaccefc611a3d11c2603fd39c03afba02e9a"
"1","Crashes & Security","f3944cf8b","2018-06-22","bladez","Prevent crash on spoofed packet taking nonexistent mail item (#140)","f3944cf8b8f762fa787d8493811be8dd20ae608d"
"2","Combat & Spells","50afd3405","2018-06-17","ratkosrb","Fix spell power bonus of Drakestone before 1.4.","50afd3405eb7ceb8f71d06efec7c1df73a29a90a"
"5","General Systems","09ae92f54","2018-06-17","ratkosrb","Spawn for Sandarr Dunereaver and small fixes.","09ae92f54e4ac3bea39069e67ce65b4f33c14f80"
"5","General Systems","2eb48b080","2018-06-17","bladez","Char del null check (#138)","2eb48b0800ab421936d876bd59ea66c872ff7aeb"
"2","Combat & Spells","c6423f5be","2018-06-17","GuybrushGit","Fix absorbed Ignite damage (#135)","c6423f5bec3ca7512687d207ff2c97cc41d543fa"
"5","Encounters & World","8b72db603","2018-06-16","ratkosrb","Small fix for priest class quest.","8b72db603b515478d9dd3659c13a0ed7289d7820"
"5","General Systems","16387d05e","2018-06-16","bladez","Re-add patch checks for outdoor PVP alongside config options at a lower level","16387d05e60812af91b710808408a4536c459c94"
"2","Combat & Spells","d4fdfebce","2018-06-15","ratkosrb","Misc database and spell fixes. (#134)","d4fdfebce7cda6058be83853fc104ae2a1a08cd8"
"5","General Systems","d6147828b","2018-06-15","QAkvastskaft","Eastern Plaguelands Quality Fix (#131)","d6147828b1f01617201f6222ae608407d4b934b6"
"5","Encounters & World","700d27274","2018-06-15","ratkosrb","Shadowfang Keep: Move hardcoded scripts to DB (#132)","700d272741b1f80b005368e3f9ccff15da470405"
"2","Combat & Spells","bd3e21730","2018-06-13","ratkosrb","Revert text to vanilla state.","bd3e2173028901fafa96c2bba5ed65a4217a8129"
"5","General Systems","e32cbd6bd","2018-06-13","QAkvastskaft","Misc Quality Fix (#128)","e32cbd6bde1e9b426d7aecca233d8d7de9ede1ee"
"5","General Systems","6507c349e","2018-06-13","QAkvastskaft","Felwood Quality Fix (#124)","6507c349e987525bab8139199d5cb4ee4a3d25cf"
"5","Encounters & World","8b919e19f","2018-06-10","ratkosrb","Improve Eye of Naxxramas script.","8b919e19fe476e11f1f352303bef5bc9d298fcaa"
"5","Core Architecture","18930742d","2018-06-10","bladez","Support for renaming guilds (#125)","18930742d3c5bbaec717f842961d1beee67e0038"
"2","Combat & Spells","70de8027c","2018-06-09","ratkosrb","Use c++ strings for spell names.","70de8027ceaf49a6afcc98b7105fe5c4fe4ecb33"
"5","Encounters & World","d973446ab","2018-06-08","QAkvastskaft","TC Horde Quest Scripts (#122)","d973446ab7ae756d0911235bacbc88d9ece2829f"
"5","Encounters & World","fa7d3d81d","2018-06-08","ratkosrb","Prevent queuing for higher bg bracket. (#120)","fa7d3d81df6ca6e1ada9a721ffab0843490e9eb0"
"5","Encounters & World","96ec45140","2018-06-08","ratkosrb","In Dreams: Full Quest Implementation (#121)","96ec4514066b9b63c0540f1ac56976a24dd80af5"
"5","Encounters & World","ed7f42165","2018-06-08","QAkvastskaft","TC Neutral Quest Scripts (#119)","ed7f4216569a702788a202a67660adbdc29eed62"
"5","General Systems","e99d96900","2018-06-08","QAkvastskaft","Un'Goro Crater Quality Fix (#117)","e99d96900772e3dae53edb68ae6a64b28c39bd67"
"5","Encounters & World","f18644f1b","2018-06-08","QAkvastskaft","TC Ally Quest Scripts (#115)","f18644f1b4efb53039c64ebe0b37df9b9f5f68a1"
"5","Encounters & World","bd0c704c0","2018-06-07","ratkosrb","Add pre-1.7 version of quest The Darkreaver Menace.","bd0c704c0e458c61d4759882d0d2f8f602db502f"
"5","General Systems","3f47bea56","2018-06-01","QAkvastskaft","Burning Steppes Quality Fix (#114)","3f47bea56f173364dbfe8bef98a64bf8986d71b8"
"5","General Systems","e0d2a6db1","2018-06-01","QAkvastskaft","Azshara Quality Fix (#110)","e0d2a6db12677c47f51a0318a2ded6fb96857e71"
"5","General Systems","efc1d139f","2018-06-01","QAkvastskaft","Blasted Lands Quality Fix (#105)","efc1d139fea1d38885cbfe254b37ebd8edcba5c0"
"4","AI & Movement","1d7a68812","2018-06-01","Tobschinski","MC - Gehennas AI (#104)","1d7a68812e1581188df1fd36ac09907b966876d0"
"5","General Systems","022ecabbd","2018-06-01","QAkvastskaft","Tanaris Quality Fix (#102)","022ecabbdfbd3a8283ad98ddf17636536089e906"
"5","Encounters & World","0f7fb9b8e","2018-06-01","ratkosrb","Use event scripts table for map events.","0f7fb9b8e2942904ff053fb572b07e8695744f5f"
"5","Encounters & World","53b08ae5e","2018-06-01","ratkosrb","Fix facing of summoned mob in 2 quest scripts.","53b08ae5eb08c723a4a46cfa673cab6692bf5ec8"
"5","Encounters & World","ac1b00a9d","2018-06-01","ratkosrb","Command to run script on nearby objects.","ac1b00a9d86696c9d35ddb4b6ebcf7d7c02a3716"
"4","AI & Movement","eb4e63a71","2018-06-01","ratkosrb","Use TryToCast in EventAI.","eb4e63a71a7765e58acdf4a8560bc731a976806f"
"5","Encounters & World","de544fcd3","2018-06-01","ratkosrb","Fix Spectral Tutor and Defias Trapper scripts.","de544fcd33679561a65efcb67ac7aadf39217457"
"5","Encounters & World","f668c2948","2018-05-27","ratkosrb","Waypoints script for specific Ancient Core Hound in MC (#109)","f668c2948a3e91b72a894ea43a84e4625e1c6872"
"4","AI & Movement","0c0cf09f8","2018-05-27","ratkosrb","Add missing continue in training dummy script.","0c0cf09f8f355dbc7b5a628344a805e64900de79"
"5","Encounters & World","c10c20efb","2018-05-25","Tobschinski","BRD - Emperor Dagran Thaurissan - Loot (#100)","c10c20efb896ba273e89b39a1b3c3924856e8a6a"
"5","Encounters & World","ba760e902","2018-05-25","Tobschinski","Stratholme - Baron Rivendare - Loot (#99)","ba760e9024968054c92f6e81e4e7a483ea8395e4"
"5","Encounters & World","dd567ce7d","2018-05-25","Tobschinski","UBRS - General Drakkisath - Loot (#98)","dd567ce7d44882418f40a9aa8a51723bcbf95ce6"
"5","Encounters & World","265420f1e","2018-05-25","ratkosrb","Add system for scripted map events (#89)","265420f1e2b25159214ee5da056b3decd4b0ed54"
"5","General Systems","4fe135015","2018-05-23","GuybrushGit","Fix to Anubisath Defenders phase setting (#97)","4fe135015947c9d7e1096eedf225aaa80b5122dd"
"5","General Systems","7e92ebc41","2018-05-23","QAkvastskaft","Feralas Quality Fix (#88)","7e92ebc419741436d291aab1b4679e17bade6838"
"5","General Systems","e7616ed0b","2018-05-23","QAkvastskaft","Hinterlands Quality Fix (#96)","e7616ed0b119cdf2a200b353d1b195ba14564ba4"
"5","General Systems","8fd131e3e","2018-05-23","QAkvastskaft","Searing Gorge Quality Fix (#92)","8fd131e3e3a1a6bdb0acb180d9fe755604eb0b6f"
"2","Combat & Spells","2d87e5ff5","2018-05-23","bladez","Refactor SpellNotifierCreatureAndPlayer to remove unnecessary iter dereferences and casts (#94)","2d87e5ff527103355235871cb70b02aebe23c266"
"4","AI & Movement","babc3c64e","2018-05-23","bladez","Anubisath Sentinel AI touchup (#95)","babc3c64e878c81a58880bc44b31fe2f66d7b93c"
"5","Encounters & World","afcdedbe7","2018-05-20","ratkosrb","Fix Burning Felguard respawning after being looted.","afcdedbe7bd4eb88f65d02be1cad5c94bd2a10ef"
"5","Encounters & World","fcf40b692","2018-05-19","ratkosrb","Remove Arcane Missiles hack from Darkmaster Gandling script.","fcf40b69206f460316e797f1d9d3b301edfb944a"
"5","Encounters & World","a31711808","2018-05-19","ratkosrb","Captured Arkonarin faction and skinning loot for 2 mobs.","a317118084384cfea7ebe40c3084c077af3996f9"
"5","Encounters & World","f2e31840b","2018-05-19","ratkosrb","Script for Scholomance Occultist.","f2e31840bd5b746ecc4522257fa8c1e35eab0add"
"5","Encounters & World","c6c33bc15","2018-05-18","ratkosrb","Remove not needed grid search in quest scripts.","c6c33bc156aa3632341aac6c00c4ac4a4ce1f64a"
"2","Combat & Spells","e410f7f6f","2018-05-17","ratkosrb","Fix creatures not using heal spells.","e410f7f6fefdc1aeabea93a842eb0d7a8c299101"
"5","Encounters & World","ac350df8d","2018-05-16","GuybrushGit","Add IsEncounterInProgress overrides (#85)","ac350df8dddbd11ccb635577bb62baec06760613"
"5","General Systems","93afec4ea","2018-05-14","QAkvastskaft","Swamp of Sorrows Quality Fix (#82)","93afec4ead11db77acaa814e42c48acb38d42d0d"
"5","General Systems","2bf1e1231","2018-05-14","QAkvastskaft","Stranglethorn Vale Quality Fix (#81)","2bf1e12317318232a64607cbc40458f0941c0b9d"
"5","General Systems","d2a192afc","2018-05-14","QAkvastskaft","Dustwallow Marsh Quality Fix (#80)","d2a192afcfe72c18d144a7b6a5cb0efc8c399f4f"
"5","General Systems","9cacea871","2018-05-12","ratkosrb","Improvements to waypoint system. (#77)","9cacea871f181d899de29422235cd0b7996e8dd9"
"2","Combat & Spells","bcff89c9a","2018-05-12","ratkosrb","Fix combat movement resetting for hardcoded scripts.","bcff89c9a0b21503462d1b76f6c774f58094e54a"
"4","AI & Movement","4a388faed","2018-05-11","ratkosrb","Fix patch for Enchanted Thorium Platemail books.","4a388faedf5e7138c982464a469431bbe324e7fa"
"2","Combat & Spells","fa3379664","2018-05-10","ratkosrb","Creature spell templates for 4 mobs.","fa3379664ec9649b08646a526f25abfd2d451e12"
"4","AI & Movement","24bb79afc","2018-05-08","GuybrushGit","Followup to Item Recovery Gossips (#78)","24bb79afcf18bc516825b8959e85b3bca69ad32b"
"5","General Systems","33b34c8b1","2018-05-08","ratkosrb","Duke Hydraxis gossip and other fixes.","33b34c8b15b85db3b756fd1c584ce0d523b966ba"
"5","General Systems","37f09415b","2018-05-05","ratkosrb","Weather system improvements (#69)","37f09415b82f2ae175268a9c4cfc7a062b1ab2ec"
"5","General Systems","14c5c4731","2018-05-05","GuybrushGit","Fixes to Intoxicating Venom (#9)","14c5c47310cdffc60862938350c1fe1d1d503037"
"5","General Systems","895393484","2018-05-05","sipertruk","Flight transitions and related fixes (#4)","895393484393fd44cead31502f5e1c415fa486cc"
"5","General Systems","77e4b01bf","2018-05-05","QAkvastskaft","Thousand Needles Quality Fix (#71)","77e4b01bfd9473f415cf6086459bb742d44af1b3"
"5","General Systems","255d6e8d1","2018-05-05","QAkvastskaft","Badlands Quality Fix (#75)","255d6e8d17145097d69871936ee1288fdd2f8f9c"
"1","Crashes & Security","d40f53cb2","2018-05-05","bladez","Additional Naxxramas changes (#76)","d40f53cb2e412721aaf808061a040af782d8fe93"
"5","Encounters & World","376af396b","2018-05-04","ratkosrb","Move Flamewaker Priest script to db.","376af396bf272cec65169a366cf0849e6099f93e"
"5","General Systems","39d8695d4","2018-05-04","GuybrushGit","Fix Bug Trio corpse despawn (#74)","39d8695d48c1c5b48b18a33261a31fde980e37b4"
"5","General Systems","29153e472","2018-05-03","ratkosrb","Fix Arathi Basin queue not saved on log out.","29153e4720e50a2e599f0f27a64d70a4f8cc0323"
"4","AI & Movement","b9d3590be","2018-05-03","ratkosrb","Improvements for backing movement. (#73)","b9d3590be99ffd55cadd56ca30ef6e806972fe25"
"1","Crashes & Security","9fb652e1c","2018-05-03","ratkosrb","Fix crash in combat dummy script.","9fb652e1c35878ea070628aeda7ecdfa40aaea89"
"1","Crashes & Security","bcde0803f","2018-05-02","bladez","Minor Naxx changes (#72)","bcde0803f6c85203934796474b51379565516991"
"5","Encounters & World","1e4257284","2018-05-02","GuybrushGit","Quest experience overhaul part 2 (#60)","1e4257284c42f7d578d90fb137bad74ceceaac23"
"4","AI & Movement","b4d12a0c3","2018-05-02","GuybrushGit","Followup to pet autocast (#63)","b4d12a0c3b342c232e27083da8b42fbb6968f5e7"
"2","Combat & Spells","5dfebcc28","2018-05-02","LHGemt","creatureLinkingMgr will now put trash that is pulled by a boss they are linked to in combat with entire instance if the boss has flag CREATURE_FLAG_EXTRA_AGGRO_ZONE. This to avoid exploits where trash is linked to a boss and intended to be killed, but was previously skippable by having a hunter/rogue pull boss then instantly feign/vanish. (#68)","5dfebcc28685bf509645955ac01f6014504b1159"
"5","General Systems","eff8acb66","2018-04-30","ratkosrb","Fix wrong mount name.","eff8acb6672104f3b4bf51a0734b8e913eea24b1"
"4","AI & Movement","4cb745944","2018-04-30","ratkosrb","Reimplement ossirian aggro triger in EventAI and move to custom.","4cb745944c84c4670416f78ba0a261843b37f8dc"
"4","AI & Movement","aaad11630","2018-04-29","ratkosrb","Add more methods for setting movement flags.","aaad11630a0c8b51305ef4591af4c1b8b09cf41e"
"5","Core Architecture","cbd6dd847","2018-04-29","ratkosrb","Add SetFly method to Player class.","cbd6dd8476f6ebc20eac25a3e2142db42a0f9643"
"4","AI & Movement","4935076a9","2018-04-29","ratkosrb","Save non-existent items that were in mail too.","4935076a9f11a27db3c4be87055acb98976585ab"
"4","AI & Movement","ea66fc38f","2018-04-28","ratkosrb","Implement EventAI for Pets (#66)","ea66fc38fec1a3e10859e3377ab30dddc6446424"
"4","AI & Movement","207b3db9e","2018-04-25","ratkosrb","Improve custom training dummy script.","207b3db9e4aef87e30e8aa62fcce6790ed8b27e6"
"5","General Systems","ff637e67d","2018-04-25","ratkosrb","Fix double S in comment.","ff637e67d6272f1fa23304856a84a2002c3b22d3"
"2","Combat & Spells","331d0faa5","2018-04-25","ratkosrb","Add script commands to set spell cooldowns.","331d0faa55de3784b6e990880d9814738dcdf17c"
"5","General Systems","19e3a6542","2018-04-25","ratkosrb","Fix extractors build (#64)","19e3a6542626b0bee63ffa4bdaf4c16603c0da7e"
"5","General Systems","8aae07b48","2018-04-24","ratkosrb","Fix too short timer for a few caster mobs.","8aae07b48b33a33b31ba923ec9dfa006867d02c8"
"1","Crashes & Security","43124bbe8","2018-04-24","ratkosrb","Fix crash when using SetMeleeAttack for creature with no victim.","43124bbe8cd9682e9025f2e3f64c6a7da2a03141"
"2","Combat & Spells","fed79fcdd","2018-04-23","ratkosrb","Check real cast result when learning spells from trainer.","fed79fcdda9a24011b5aabef9452968a1d0240d4"
"1","Crashes & Security","340fae868","2018-04-23","ratkosrb","Implement changes to riding skills and mounts.","340fae868c392d5b1691f103885f7cee58537ec1"
"5","General Systems","6dc64de32","2018-04-23","ratkosrb","Fix Bloodseeker Bat for real this time.","6dc64de32dd439bad87baad866dd767d5fac7c58"
"4","AI & Movement","a714f59af","2018-04-23","ratkosrb","Use query for unused trainer templates check so it works with progression.","a714f59afd112117b3cd6b511c47d03a53e2b48e"
"4","AI & Movement","ec9fd4698","2018-04-21","GuybrushGit","Followup to AV honor gains (#11)","ec9fd469891b4c96d3ebd52adb16342a454a4fbb"
"2","Combat & Spells","345d89604","2018-04-21","sipertruk","EscortAI proper motion resume after combat. (#45)","345d89604ea2f92a2dd0a4990912a0b364882cff"
"5","General Systems","d8769d4b4","2018-04-21","QAkvastskaft","Desolace Quality Fix (#56)","d8769d4b40303909fb31b1c93c8e938f4dd70c5f"
"5","Encounters & World","d113ad052","2018-04-21","GuybrushGit","Refactor encounter in progress check (#47)","d113ad05228932ee36614edaba4c7ac86f4657fa"
"1","Crashes & Security","c81e35c9f","2018-04-20","bladez","Revert changes to Bloodseeker Bat inhabit type","c81e35c9fb8cb25eb7fd5d67b78759dd17b09467"
"4","AI & Movement","89ee57f5e","2018-04-18","GuybrushGit","Followup to Witch Doctor Unbagwa fix (#57)","89ee57f5ef5cb3e2f4d929c16b2a711f2ba55206"
"2","Combat & Spells","f734f1fe1","2018-04-16","ratkosrb","Implement creature melee distance correction. (#48)","f734f1fe1ce1adea3240d3c9508c27b4c0b0c8d9"
"2","Combat & Spells","71e02b2fe","2018-04-16","ratkosrb","Move caster mobs to Creature Spells and fix any script issues. (#21)","71e02b2fe836aa70e70b6f6162197fb3bae757e4"
"2","Combat & Spells","ac49296a6","2018-04-15","GuybrushGit","Revert the custom melee hit formulas (#53)","ac49296a6b32f9a7e8292f7eb260f175ed5dd94f"
"4","AI & Movement","d185315d2","2018-04-15","sipertruk","Fix path on target close to map roof. (#51)","d185315d272b011af25b37345f2ec484e0da5f3e"
"1","Crashes & Security","84daaf6dd","2018-04-11","ratkosrb","Level requirement changes for Triage quests.","84daaf6dd142a0c41a8cd1ca8ae5f8aebeb69a92"
"4","AI & Movement","779af27bd","2018-04-11","ratkosrb","Fix Portal Trainer gossips.","779af27bd819e177cf689603b162b3322eda70a2"
"4","AI & Movement","56f264e78","2018-04-09","ratkosrb","Add loot to Bloated Mightfish and fix Warlock trainer gossips.","56f264e787368888590300ef9914e73429e5a6dc"
"4","AI & Movement","f2acf1a59","2018-04-06","sipertruk","Fix prospector Remtravel escort quest. (#46)","f2acf1a594a0400db6720f1ceffaee056a224b0c"
"2","Combat & Spells","a12726569","2018-04-06","GuybrushGit","Fix to aura update mask (#43)","a127265694743e3a8c6a299bf1661c4550b7ecd1"
"5","General Systems","8215e8775","2018-04-04","ratkosrb","Fix not needed target params in migration.","8215e8775fbd4d75baadcad0c30bbadf99ad913f"
"4","AI & Movement","964d17361","2018-04-04","sipertruk","Fix pet named unknown after teleport. (#7)","964d17361d8c00276d64faa5f0a3176ff8e9bb05"
"5","Core Architecture","6ed442ccc","2018-04-04","GuybrushGit","Alterac Valley NPC immunities (#10)","6ed442ccc62b40df7ef2a596e1a8a231a8518a7e"
"5","General Systems","a8d6e17c4","2018-04-04","QAkvastskaft","Stonetalon-mts-Quality-Fix (#26)","a8d6e17c4c09a549d500fc5228cc373e88f0c9cd"
"4","AI & Movement","45c3f4f2d","2018-04-04","sipertruk","Creatures Inhabit db fix. (#16)","45c3f4f2d55462db25b0ef31954067f2748e0f32"
"5","General Systems","0441717f0","2018-04-04","GuybrushGit","Fix to C'thun stomach death (#40)","0441717f014364dccf02242cb88bf60692c6e4e1"
"5","General Systems","c500cac18","2018-04-01","GuybrushGit","Fixes to AV NPCs (#38)","c500cac18cda900d4fe4b8084ce5254f25afbcd4"
"2","Combat & Spells","f1d581f0c","2018-03-31","GuybrushGit","Interrupt fishing channel on fail (#33)","f1d581f0ce4764f8deb1df33f1cd2cc01fc8bdce"
"1","Crashes & Security","96f5ba5a9","2018-03-31","sipertruk","Fix crash iterating attackers. (#35)","96f5ba5a99e4f04b7f0f282d13640d86c1054b90"
"5","Encounters & World","0b2ccbe34","2018-03-30","GuybrushGit","Quest experience overhaul (#22)","0b2ccbe3477a133c88a509ac7220c8f048169a9e"
"5","General Systems","927f71dc7","2018-03-30","QAkvastskaft","Barrens-Quality-Fix (#25)","927f71dc7184fa75d59de288a64777fd79003607"
"5","General Systems","f1ac18150","2018-03-30","QAkvastskaft","Ashenvale-Quality-Fix (#27)","f1ac181507a03e2826b1be6285f0c9874497c1a0"
"4","AI & Movement","8561eace0","2018-03-30","GuybrushGit","Remove loot and experience from solo pet kills (#31)","8561eace01f499272e5688498a91088ed43c8606"
"4","AI & Movement","bf37d0952","2018-03-30","GuybrushGit","DM West pylon creature range (#34)","bf37d0952236841fde71177e4d69301262ff3253"
"5","Encounters & World","932f35cd5","2018-03-30","GuybrushGit","Patchwerk instance bind (#32)","932f35cd52ae5b7c9caceecf25cb74dc666168d9"
"5","General Systems","903bcdd60","2018-03-28","GuybrushGit","Fix to Ayamiss Sacrifice (#18)","903bcdd609f5ee85b2f4e52b3995ebf6aacddee2"
"5","Encounters & World","003322c5a","2018-03-28","ratkosrb","Fix alliance AQ collection prequest. (#14)","003322c5ad6da99d6680d15f8fa5566f3b706de0"
"5","Encounters & World","473635eb7","2018-03-28","GuybrushGit","Implemented round robin rules to quest and conditional items (#8)","473635eb777b4107f96a4fdb799bdeefd3f6a4aa"
"5","Encounters & World","5dce9ef1c","2018-03-26","ratkosrb","New database script for Nathanos Blightcaller.","5dce9ef1cccb7c362a33c135209e8e95b30be4e0"
"5","Encounters & World","b3f001c46","2018-03-26","ratkosrb","Add script command to unsummon guardians.","b3f001c4651cf79327ecd1d648dff40706001b69"
"2","Combat & Spells","341a67583","2018-03-22","GuybrushGit","Add leeway range to spells (#19)","341a67583095e135843314c547173bdd25663264"
"4","AI & Movement","d5ab90df7","2018-03-21","ratkosrb","Make DespawnOrUnsummon work on pets.","d5ab90df75969c2932163d66e558ab9dfc995847"
"5","General Systems","327068482","2018-03-21","QAkvastskaft","Fix Durotar Quality (#17)","327068482156f22038aa8f00065682c81802d38e"
"5","Encounters & World","cfdc9eb8c","2018-03-21","sipertruk","Fix ZF pyramid event wrong start. (#15)","cfdc9eb8c4cb82ec969707ab4e5bbd4b85f4a044"
"2","Combat & Spells","b9033eb2b","2018-03-21","GuybrushGit","Prevent resetting swing timer when in LoS (#2)","b9033eb2b701dbe9144545e9296c4ed080c96049"
"5","Core Architecture","58ee92cd6","2017-12-13","lightshope","Made Unit::GetXZFlagBasedSpeed() slightly more versatile","58ee92cd6362e86f500828ea284d53f6bcf0b101"
"5","Core Architecture","5e2209565","2017-12-11","lightshope","Simplified Unit::GetXZFlagBasedSpeed()","5e2209565f6ed9a06e961b70a40dee9982db53b7"
"2","Combat & Spells","7308e6d1d","2018-03-18","ratkosrb","More creature spell templates.","7308e6d1d9119e320810c89e1157c26cbbc7b01a"
"5","General Systems","c8c1b7ccf","2018-03-17","ratkosrb","Fix Dustbelcher Shaman not casting heal.","c8c1b7ccf9490d4095a00716a3e5465ddc4861e4"
"2","Combat & Spells","68263475b","2018-03-17","ratkosrb","Add creature spells templates.","68263475bce87d7fa4ae2454897342da192c95eb"
"2","Combat & Spells","be9a1ae4e","2018-03-16","ratkosrb","A few more creature spell templates.","be9a1ae4eeb603bc52af0562afcdaefd85a125ae"
"2","Combat & Spells","a62768524","2018-03-15","ratkosrb","Reset Creature Spells template on respawn.","a62768524f77d187677b96e29da2f21766cc5353"
"5","Core Architecture","4bad0216e","2018-03-15","bladez","Don't add reactive combo points to non-player hunter type units (#6)","4bad0216ebd99b25cfee81a4d3781f594ccbe411"
"5","Encounters & World","560cbcf4d","2018-03-14","ratkosrb","Fix Ogre Tannin Basket event.","560cbcf4df84780b3e59c2bb618803c0f47169b7"
"2","Combat & Spells","11d0fe432","2018-03-14","ratkosrb","Add creature spells templates for a few mobs.","11d0fe432d9eea7a8b5a6cd151f7a0db6be4d0dd"
"2","Combat & Spells","07c05864d","2018-03-14","ratkosrb","Remove non-existent spell from ultrasafe transporter backfire.","07c05864dcf3a0d6ebdf259b5f09aafc8017e1af"
"2","Combat & Spells","6d128b310","2018-03-14","ratkosrb","Check TargetAuraState for spells like Execute.","6d128b3104ddd950ae93baaba0a7442212682e12"
"5","Encounters & World","3054ee816","2018-03-14","ratkosrb","Fix searching for script buddy with swapped null target.","3054ee816ee00b5e3beab03dc89fec35029c2b09"
"3","Bounds & Exploits","971ef2a9c","2018-03-14","bladez","Slightly refactor ObjectGuid and add support for clamping client transmitted GUIDs (#5)","971ef2a9cbde4c19c4d7b98485fc1732b03f690b"
"1","Crashes & Security","8b4117ec3","2018-03-13","ratkosrb","Add script command to change spells template.","8b4117ec3792feeb9ed770145e3c235141e0774c"
"5","Encounters & World","5c73f3bdb","2018-03-13","GuybrushGit","Fix Head of Ras not lootable (#1)","5c73f3bdb79524245a063dd733f5619d775f4d44"
"5","General Systems","d283ce7de","2018-03-12","ratkosrb","Add back accidentaly reverted commit.","d283ce7de7d9f212f67c433d508393ee88c82331"
"1","Crashes & Security","734a0d508","2018-03-12","ratkosrb","New DB release and EventAI changes.","734a0d50859cd8fbb73341f90e72d0b6bbddc04c"
"5","General Systems","5c74c5f2b","2018-03-12","bladez","Update Travis CI endpoint","5c74c5f2bc8d0061f9b8382bf1ef30073e630a54"
"2","Combat & Spells","120b22f63","2018-03-11","brotalnia","Merge branch 'consecrateDamage' into 'development'","120b22f6366d703b4896e5610b96c3181119cc8d"
"5","General Systems","4cb8f03f9","2018-03-11","brotalnia","Merge branch 'thekalFix' into 'development'","4cb8f03f9927e571439db3c9b09dcacb1ae73fc1"
"5","General Systems","93ecb02f5","2018-03-11","brotalnia","Merge branch 'infernalAoeFix' into 'development'","93ecb02f520dd8785715d707409a053f46ec2ac9"
"2","Combat & Spells","408e3d20d","2018-03-11","brotalnia","Merge branch 'snareHasteAuras' into 'development'","408e3d20dec2f4beff88ce9498e30abfde43c527"
"5","Encounters & World","acafb3fea","2018-03-11","brotalnia","Merge branch 'Quest-scripts-&-greetings' into 'development'","acafb3fea458f3b5061f777f05d25e1a1f76e2a7"
"2","Combat & Spells","a12a08b17","2018-03-10","GuybrushGit","Consecration dynamic damage","a12a08b17f539ebb09d876230106a87603d0f668"
"5","General Systems","84c050f51","2018-03-08","GuybrushGit","Fix Thekal resurrection","84c050f51924ad3a84902a0a309bdf6ec2d8d8b9"
"5","General Systems","42081c4f6","2018-03-08","GuybrushGit","Fix to Windfury log message","42081c4f69a7ccc4d0897e1c880651b3cd221eaa"
"4","AI & Movement","1473b32f5","2018-03-08","GuybrushGit","Fix to Anubisath Explosion","1473b32f55e31ba2bdc750c2088b4a15a057a7a4"
"4","AI & Movement","b9f9a6b1b","2018-03-08","GuybrushGit","Prevent Twins door closing when anibusath are agroed","b9f9a6b1b957aa3d8a65d4002f83810fc290dad3"
"2","Combat & Spells","0a5ce0a2e","2018-03-07","GuybrushGit","Implement movement and attack speed exclusive auras","0a5ce0a2ee7009701c2145e02505f93d3423a61b"
"5","General Systems","cd5565fc3","2018-03-07","bladez","Revert ""Merge branch 'issue-309' into 'development'""","cd5565fc3fe4e10454db76551411b80540ad2cc2"
"5","Encounters & World","12ef2c939","2018-03-07","bladez","Merge branch 'gridLootFix' into 'development'","12ef2c939f132e15be875511ed5fbfec49d4b15b"
"5","General Systems","ee2c3c668","2018-03-07","GuybrushGit","Fix to Nefarian Warrior class call","ee2c3c668abdd10601b350aba4de39613e9445c0"
"5","General Systems","d2aa17fa6","2018-03-06","QAkvastskaft","Durotar Quality fixes","d2aa17fa6301b9612d1111153aa0f11d4b418c48"
"5","Encounters & World","06ceb6ac0","2018-03-05","QAkvastskaft","Quest fixes, scripts and greetings","06ceb6ac0ed50cee3f42680e820f10268b35db3e"
"4","AI & Movement","d1958fe3d","2018-03-04","Kittnz","DB/Creature: Defias Enchanter is not an elite","d1958fe3d0e0d155b68722dc43cd4e10828bbe1a"
"4","AI & Movement","b656ce8fd","2018-03-04","Kittnz","DB/Creature: Fix walk speed for Bloodvenom Post Brave","b656ce8fd8c9294589d64f7b996201acf6fa6d02"
"4","AI & Movement","a8ee1d4f7","2018-03-04","GuybrushGit","Prevent raid loot loss on grid unload","a8ee1d4f7b12b85f055f49a30376a8eb68492904"
"5","General Systems","e779ea9c1","2018-03-02","brotalnia","Merge branch 'weatherFix' into 'development'","e779ea9c160dd58b0149f3a48fe4020132148fbe"
"5","General Systems","b1220b95e","2018-03-02","brotalnia","Merge branch 'guardianLevel' into 'development'","b1220b95e019ea535170e8e3aabb42f1ebe885f2"
"5","Encounters & World","fe3bb166a","2018-03-02","brotalnia","Merge branch 'questItemFix' into 'development'","fe3bb166abc901eee8680760cc7f5947ede734a8"
"5","General Systems","8a108ece2","2018-03-02","brotalnia","Merge branch 'screechFix' into 'development'","8a108ece2698d26335438ffdc222fd76010d3c85"
"5","General Systems","3c9ca8358","2018-03-02","GuybrushGit","Weather audio fix","3c9ca8358087fca158303e41d21bfd199e62efc6"
"5","General Systems","0f999097b","2018-03-01","GuybrushGit","Fix to Precarious Predicament drakes","0f999097bd600acfdfe20bd326a8288002b8117a"
"1","Crashes & Security","22af318d0","2018-02-28","bladez","Always network both parts of 64bit unpacked values when changing them","22af318d0ecc1250039c2ed431f9971016924560"
"4","AI & Movement","b0eb21594","2018-02-28","GuybrushGit","Fixes to guardian pets","b0eb215941399d6729bd49548400176dd1e75142"
"5","Encounters & World","66f959b5a","2018-02-27","GuybrushGit","Fix to quest starting items not dropping","66f959b5ade3cec7b7e95f3c6e2d6c043585e166"
"4","AI & Movement","a1a4c65b0","2018-02-27","GuybrushGit","Fix to pet autocast","a1a4c65b0cc257eeec672d627b23fa61b3cb8850"
"2","Combat & Spells","884fc90c8","2018-02-27","brotalnia","Merge branch 'healthPercAura' into 'development'","884fc90c82e7cc02b2900e6d163beef0a78233ba"
"5","General Systems","1739316d5","2018-02-27","GuybrushGit","More fixes to Vanquished Tentacle","1739316d52a8864054d3d3ad84027342d5ad8383"
"5","General Systems","df39acdaf","2018-02-26","brotalnia","Merge branch 'rocketHelmFix' into 'development'","df39acdaf818de8cbbc94b9787a422465414e53a"
"2","Combat & Spells","665d106c7","2018-02-26","brotalnia","Merge branch 'combatPulseFix' into 'development'","665d106c7313e8e37e9f03ee0d47d4ec2d48f9c0"
"4","AI & Movement","9232fd73e","2018-02-25","GuybrushGit","Maintain health percentage when using Battle Standards.","9232fd73e2b6a4776e8dbf78a4bd116f3f7867c9"
"5","Encounters & World","2aa0a2838","2018-02-24","GuybrushGit","Fix to Long Forgotten Memories quest","2aa0a28380b1e5d61df0e5f1b33daba275b00f07"
"5","Encounters & World","202fe14a6","2018-02-24","Kittnz","Scourge Invasion: Add gob guid to game_event_gameobject table","202fe14a67cb8d731b7c07e6df1c694dbbda8e4a"
"5","General Systems","15ac0b405","2018-02-21","QAkvastskaft","More fixes","15ac0b405efc3a8237feb48e0e81d1e3df5b546d"
"5","Encounters & World","425c9a8d8","2018-02-21","Prithu Parker","Fixes to Winterfall Activity quest","425c9a8d88e35ccae8d1aebdbb3e98a145249c62"
"5","Encounters & World","0883d1ad3","2018-02-21","GuybrushGit","Kwee remove blue question mark","0883d1ad341f01ee9e7145c5e11a476b9148e288"
"5","General Systems","35eade6a7","2018-02-20","QAkvastskaft","Smaller fixes","35eade6a7276aaed5d5694940b98c8e00dfb02d8"
"4","AI & Movement","7628e89f4","2018-02-19","GuybrushGit","Add creature specific AP to Bloodthirst","7628e89f4f75722f0d6c3351ea847fa5ad96d702"
"2","Combat & Spells","e81f24f03","2018-02-19","Kittnz","Update sql statement","e81f24f033a8d9e639f4c2add0e2aeeda85e07d7"
"5","Core Architecture","c2c7f00cb","2018-02-19","Prithu Parker","Now cleanup any recovered corpses on map unload Resolves an issue where a corpse is added to the map in the same update it would unload, resulting in the corpse becoming 'stuck' and leaving refs in the DB","c2c7f00cbef3440fc9a41a0cbdbd7e01c6960bb8"
"4","AI & Movement","325bf9c5d","2018-02-19","GuybrushGit","Fix to Baron Rivendare Raise Dead ability","325bf9c5d4cd01882f6e85b3876e648a67f64fb4"
"5","Encounters & World","77587e215","2018-02-19","GuybrushGit","Ras Frostwhisper human form quest event. Kirtonos Balcony teleport.","77587e2154332a2b6520432dccb9f511e7cddb63"
"5","Encounters & World","35426fb0b","2018-02-18","GuybrushGit","Sathrah's Sacrifice event","35426fb0b2d76c642c78f6d57fde3d8a73c0f4c7"
"5","Encounters & World","c8b2cc961","2018-02-18","GuybrushGit","Gnomish Harm Prevention Belt backfire effect","c8b2cc9615515e57198317c54912b0ec0046ad63"
"5","General Systems","9abd8960b","2018-02-18","Kittnz","Core/AutoBroadcast: Fix table so autobroadcast can be used","9abd8960b3f493ec7632e2df8444916e1b53c53d"
"5","Encounters & World","2794cb934","2018-02-18","GuybrushGit","Valentines event fixes","2794cb93497344d893df5ba5535afca67ece7316"
"2","Combat & Spells","acc4ac0ef","2018-02-18","GuybrushGit","Fix to NPC party auras","acc4ac0efb9862d1891551f65a90387383aadf08"
"5","General Systems","0918dbd88","2018-02-17","GuybrushGit","Vanquished Tentacle fixes","0918dbd88b48fde6e761dd61d3403ddaac8c860b"
"5","Encounters & World","e9e7faba2","2018-02-17","GuybrushGit","Goblin Rocket Helmet prevent auto attack","e9e7faba27e8d0dec7bcef04178088a2db114946"
"5","General Systems","776bbb406","2018-02-16","GuybrushGit","Fix to Infernal AoE while banished","776bbb4060e0037e8ba318905d77da02d235abf7"
"3","Bounds & Exploits","1c0b1cf9b","2018-02-14","Prithu Parker","Remove bad erase - iterator may be invalidated in previous method calls","1c0b1cf9bd612ebd7e2de8fd72e4b4ff553b2730"
"5","Core Architecture","79c24ca51","2018-02-14","Prithu Parker","Serialise access to the social manager social mapping","79c24ca516777cc2dc1361a84427b1be117b559e"
"5","Encounters & World","546520c15","2018-02-14","Prithu","Merge branch 'ScriptInfo' into 'development'","546520c15bf54b7d3766904ffc7589807137e663"
"5","Encounters & World","c2417ef48","2018-02-13","GuybrushGit","Add constructor to ScriptInfo","c2417ef484db64e47569accf9b1099b15f9a2d2f"
"5","Encounters & World","45b8d9742","2018-02-13","Kittnz","Event/Scourge Invasion: Adjust spawns in Undercity","45b8d97425dd77ddae4d85093b6916b7780263c7"
"2","Combat & Spells","a86d486ed","2018-02-11","GuybrushGit","Sync raid combat pulses","a86d486ed66848b23ad9ce86bc1a630f819e2e25"
"4","AI & Movement","4d73d1c57","2018-02-11","Prithu","Merge branch 'guardAIFix' into 'development'","4d73d1c575f6729385d54a8b80cca59e994ea298"
"5","General Systems","48923e768","2018-02-11","GuybrushGit","Remove duplicated guard MoveInLineOfSight","48923e7681e213f89e0932e08079252d426db6fa"
"5","Encounters & World","612cfb20d","2018-02-11","Prithu Parker","Implemented the Valentines event","612cfb20db50364cd283cf4d76cff92af003cf08"
"5","General Systems","41efff9ba","2018-02-11","Prithu Parker","Horde field duty corrections","41efff9bac1dacc03180d4f08f2d73c43722a44c"
"1","Crashes & Security","1eee2f304","2018-02-10","Prithu Parker","Minor Lunar Festival changes","1eee2f304653739c68b5e8f759f3f22e6f82c2e3"
"1","Crashes & Security","cd2afc265","2018-02-09","Prithu Parker","Resolve a crash when recovering a corpse that is in a different map Bones and corpse removal are now managed per-map rather than globally in the ObjectAccessor","cd2afc2651b718d191169f302d2590542d4677ce"
"5","General Systems","db4743ed2","2018-02-09","Prithu","Merge branch 'contestedGuards' into 'development'","db4743ed21f0ac20bfd17979f3307cc7566838d4"
"2","Combat & Spells","164a2a92b","2018-02-02","GuybrushGit","Fix to pet in combat health regen","164a2a92b3ad6bc77d3fcf61c5e71810ddca3572"
"5","General Systems","a9792abfa","2018-02-02","Prithu Parker","Correct the patch level for 'A Better Ingredient' involved relation","a9792abfa9e46216cac11c11936d7b2da26aeaa2"
"4","AI & Movement","79a3b18a7","2018-01-29","GuybrushGit","Sets contested flag when attacking PvP creatures or units friendly to guards. Reset contested flag when hearthstoning.","79a3b18a71ba7c741e71c307a0560dc92480f2c0"
"2","Combat & Spells","6f89fb097","2018-01-25","GuybrushGit","Prevent Blade Flurry aura removal (#1301)","6f89fb09700626c32c6c418927f41fd357c1a8f7"
"5","General Systems","45c118f88","2018-01-25","GuybrushGit","Fix to Ten Storms 8/8 set (#1291)","45c118f88c3f37517eb3f7b97b902c3c378f908b"
"5","Encounters & World","b5a504680","2018-01-25","GuybrushGit","Fix to loot rolls with conditional items (#1284)","b5a504680b379b1169b6c669ae78297c23eef8c3"
"4","AI & Movement","bee9574a2","2018-01-25","QAkvastskaft","Quest-container+Misc (#1257)","bee9574a273801a133acdaad05f9576fe17f557d"
"5","General Systems","ce3d55f96","2018-01-25","sipertruk","fix macos fix side effect on far teleport (#1249)","ce3d55f96c2719d598246f09b0b2e05ccad0219c"
"5","Encounters & World","a1c9b5a74","2018-01-25","sipertruk","Send active loot roll windows when a player reconnects (#1239)","a1c9b5a7492823aae97e38a0fb0cb86c38785440"
"5","Encounters & World","b324b07cb","2018-01-25","QAkvastskaft","Quest-item-fixes (#1229)","b324b07cb76f49a3178c3091d6efb3885f530c31"
"5","General Systems","36aab8f6e","2018-01-25","sipertruk","Maraudon various fixes (#1190)","36aab8f6e67db6d617dbee07016df176df0930c5"
"5","General Systems","b9976d755","2018-01-25","QAkvastskaft","Misc-DB-fixes (#1174)","b9976d755dc48a1c89ac2c8c6fabb20003c02874"
"4","AI & Movement","2f6f6a313","2018-01-25","QAkvastskaft","DB-Mail-fixes (#1167)","2f6f6a3130ae377faa65292e6df72963722185bc"
"1","Crashes & Security","1264fa03d","2018-01-25","keaarori","BWL Changes , issues/882 (#936)","1264fa03d6aab3f15c1bdb67f091b652127cac8a"
"5","General Systems","a0bfa02a9","2018-01-25","brotalnia","Fix waypoint order issue.","a0bfa02a9fac41ade3888e695f6cf6d27ba1b3ce"
"5","General Systems","473cc44b4","2018-01-25","brotalnia","Corrections to PvP Accessories Quartermasters.","473cc44b4604c06712e7ce40221615a1a28e52fb"
"5","Core Architecture","c361ad113","2018-01-25","bladez","Fix invalid deletion of AuctionEntry upon expiration","c361ad113de6f1c429cb7e500c3a0ea68d822a83"
"5","Encounters & World","9ecc3c679","2018-01-25","bladez","Prevent instant GO respawn when despawn is called without a valid respawn delay being set (#1313)","9ecc3c679d6f4ffdd21dcba0b860f4f833dfeadd"
"5","Core Architecture","364b80f91","2018-01-24","bladez","Auction House adjustments and improvements (#1303)","364b80f919c7ede67cf095f3eff7b32aba702add"
"4","AI & Movement","72f42a076","2018-01-24","bladez","Correct creature type and level range of Giant Eye Tentacles (#1306)","72f42a076ed98aac7e215b5f20ac41b259691844"
"4","AI & Movement","d254c727c","2018-01-24","bladez","Add transaction serialization to mail returning and gold retrieval (#1304)","d254c727c23282bc174d9069be8de1700f92bbb8"
"2","Combat & Spells","2702a9948","2018-01-24","bladez","Set Thunderfury to 20% procrate until 1.12, at which point it becomes 25% (#1042)","2702a9948ad442b4fb8d985cfca3f8296fa319fc"
"5","Encounters & World","702acd9cf","2018-01-23","GuybrushGit","Prevent removing death persistent shapeshifts (#864)","702acd9cf08f1a9b64bb91ba78f1aed5c293b3a0"
"2","Combat & Spells","5fd3d2654","2018-01-22","GuybrushGit","Prevent Seat Fate aura removal (#1288)","5fd3d2654c0fe7a8cdbbb39c9df372a705da28d3"
"2","Combat & Spells","9bd31f07b","2018-01-22","GuybrushGit","Add Flurry spell chains (#1292)","9bd31f07bc734be121e00bc14c41c332a6569e14"
"2","Combat & Spells","a0274a5c5","2018-01-22","GuybrushGit","Black Qiraji Battle Tank not usable in combat (#1265)","a0274a5c55690ab720c6881623856f4e56564ed8"
"5","General Systems","2e3b95364","2018-01-22","GuybrushGit","Update custom PTR SQL to current schema (#1285)","2e3b95364a44111e04d96459b9b0276f5bf5da32"
"5","General Systems","f9c661c16","2018-01-21","GuybrushGit","Fix to Syndicate Emblems min level (#1280)","f9c661c161a9d85f54338496818169cdfcbf0540"
"5","General Systems","7104bebf8","2018-01-20","brotalnia","Fix Zeppelin Master gossips.","7104bebf80fd1bb4926ceead28022d239d703b53"
"5","General Systems","9047669ae","2018-01-17","bladez","Misc fixes and logging (#1261)","9047669aebd6aabb4539fd35121836989d12bdea"
"2","Combat & Spells","afdc01369","2018-01-17","LHGemt","Added veknilash missing double attack aura and missing bugs abilities (#1208)","afdc0136939921b1d731c19d18ee6c1ba6f60d7c"
"5","General Systems","372aa1aa1","2018-01-16","brotalnia","Corrections to Blasted Lands spawns.","372aa1aa128b9972f916b14aa59bbbd8771cebbf"
"5","Core Architecture","8eb522cb5","2018-01-16","bladez","Check rank rights based on MemberInfo before looking up the player in guild chat broadcasts (#1234)","8eb522cb580399f8d7fe7cb152b2ada5199d7dca"
"5","General Systems","54817e4bc","2018-01-13","sipertruk","Fix Crushridge Mage (#1137)","54817e4bc5f9d7139c265b810030f7ecd80d0b12"
"4","AI & Movement","cc5f3b922","2018-01-11","GuybrushGit","Prevent extending mail expire time (#1212)","cc5f3b92245f763151506e4b65807d8d7930646d"
"5","Encounters & World","0787b1e91","2018-01-09","brotalnia","Reworked database scripts implementation. (#1195)","0787b1e9116c068f315451a753c8d1e14ff30b5a"
"4","AI & Movement","830201e2e","2018-01-07","Kittnz","DB/Creature: Update walk speed for a few npcs","830201e2ee3c51d76a4e4d353d03f909ef320be5"
"5","General Systems","1f7fc52ae","2018-01-07","GuybrushGit","Fix to Skeram binding (#1185)","1f7fc52ae95a6cc67a57c21c05023b74b48d16ed"
"2","Combat & Spells","76143609a","2018-01-06","ohganot","Fixes Helm of Might stats for patch 1.5 (#1175)","76143609a746844815d4779b9380efe6bcae7145"
"5","General Systems","7f31b0de9","2018-01-05","sipertruk","Fix Sonic Burst cast for 8 beasts (#1169)","7f31b0de9aa5a6293d318f429433f5c17e3b687a"
"5","Encounters & World","c29504e84","2018-01-03","GuybrushGit","Horde Field Duty event: Prevent timer reset when boss despawns. (#1152)","c29504e843f44ddb1004951197b28cf43e164ba1"
"2","Combat & Spells","5ffb8e5b6","2018-01-04","ohganot","Fix Elixir of Poison Resistance cooldown (#1144)","5ffb8e5b69eb47177565f76278ceec2d7c4ee573"
"5","General Systems","de509f403","2018-01-02","Staden","Blue PvP gear update","de509f40376f550224074764c54c0517b262f1ab"
"5","General Systems","8aaa64ffc","2018-01-02","brotalnia","Update comments in shadowfang_keep.cpp","8aaa64ffc29132345ddc4ca53aabf0ab5f9726a5"
"5","Encounters & World","36e37f205","2018-01-02","brotalnia","Rework some SFK scripts.","36e37f205b3305d3c9349c0c3c998474df85479b"
"5","Encounters & World","e233a44fe","2017-12-29","brotalnia","Add a few spanish quest locales.","e233a44fed880fa8d5c6355cd784ee3699674d9c"
"2","Combat & Spells","b3e33d30d","2017-12-29","GuybrushGit","Revert Berserking spell id (#1101)","b3e33d30dc073d0fe0d2600b6d5f3d9584cbeb99"
"2","Combat & Spells","f9f9e6499","2017-12-29","brotalnia","Add creature_spells templates for some creatures in Felwood.","f9f9e6499b14872bc5394b9635c402d3378b354f"
"2","Combat & Spells","28864d481","2017-12-29","brotalnia","Restore Azuregos' faction on leaving combat.","28864d481f1f25f5a18f61bc4ec8eaca55415888"
"4","AI & Movement","dacba5f6a","2017-12-29","brotalnia","Remove unused AI function CanCast.","dacba5f6ac4bfeca207102d8b6af7ba8dcc4b813"
"2","Combat & Spells","f399b5781","2017-12-29","brotalnia","Disable interaction if npc is in combat.","f399b578193c2bc1ea02c4c8b98ace979ad0c756"
"5","Encounters & World","e392feea8","2017-12-29","GuybrushGit","Adjust yearly events for leap days (#381)","e392feea8b51be0cb214425846f192cd0c059494"
"5","Encounters & World","e47ac8cea","2017-12-30","Ryan Cheung","Scripts/NAXX: Fix broken instance encounter in progress check (#963)","e47ac8cea4491014983df179e37f7a7b1149dd2e"
"1","Crashes & Security","f83bbcadb","2017-12-29","brotalnia","Change creature spell scripts loading order.","f83bbcadbe76b62e19552fe0d3319b89ffed401c"
"5","Encounters & World","377b2cb24","2017-12-28","brotalnia","Moved Azuregos script to database.","377b2cb246c602969856e06647c220f01257092c"
"5","General Systems","29c288acc","2017-12-28","brotalnia","Add missing include to fix linux build.","29c288acc1dc4aca13aa87586ab14b6a4d28f337"
"5","Encounters & World","3f9ac5f32","2017-12-28","brotalnia","Fix gameobject spawn saving query.","3f9ac5f32c2cfbec95042388e61b9166ea1c87a7"
"4","AI & Movement","17b4233b3","2017-12-27","Prithu Parker","Destroy charter after guild creation to prevent the Petition being deleted prematurely","17b4233b330b4d0a08f97d73b7332b74a3863866"
"5","General Systems","d35ad1ee3","2017-12-27","bladez","Misc fixes re: Regthar Deathgate & GM lookup limits (#1085)","d35ad1ee39a2c46a149c3cad232000bc38ea6a5a"
"2","Combat & Spells","11ab55a2c","2017-12-26","brotalnia","Implement Creature Spells system. (#1057)","11ab55a2c872609304186a5436de22a303799476"
"4","AI & Movement","7a9ded7b4","2017-12-26","bladez","Added missing return in Petition::GetSignatureForPlayer (#1081)","7a9ded7b44cb74222dcf4f77e3e06ea962924cf5"
"4","AI & Movement","2e5a6320c","2017-12-26","dimefox","Fixes for Cork Gizelton escort and add escort show/hide wp commands (#1004)","2e5a6320c760af98862d71f279fb13d8faf69c8e"
"1","Crashes & Security","ace794e18","2017-12-26","GuybrushGit","Changed spell for the BG berserking buff (#976)","ace794e180922052f59d26d66063dc88b35da6f9"
"5","General Systems","5edc25d10","2017-12-26","QAkvastskaft","Cloth DB fixes (#974)","5edc25d107a839097f6103b1f313d6b0fc8f3ae2"
"5","General Systems","5c9743df7","2017-12-26","QAkvastskaft","Leather+misc-DB-fixes (#985)","5c9743df7da5814cadbab8756e9e965151661efc"
"5","General Systems","d60726a49","2017-12-26","QAkvastskaft","Weapons-DB-fixes (#998)","d60726a49a20bf1622d254f687f5f4cddcf8a85a"
"1","Crashes & Security","add00735b","2017-12-26","bladez","Resolve a crash in events triggered by delayed spells (#1080)","add00735b9623c581681b0eecbeef9fbd0b53965"
"5","General Systems","48d7d5ac0","2017-12-26","bladez","Perform charter check before actual item deletion (pItem may be dangling) (#1079)","48d7d5ac080f7da719d2a98ed782fb79807d14d3"
"5","Core Architecture","d01096b89","2017-12-26","bladez","Cache player position, remove more blocking queries where possible (#1066)","d01096b893e6ef45c6e6145d13a79f8daf060656"
"4","AI & Movement","4ecc92f65","2017-12-25","GuybrushGit","AV honor gains (#876)","4ecc92f651e444e1981c1eb9f0e7cb7068042b70"
"5","General Systems","fdd3eb25a","2017-12-24","GuybrushGit","Fix to Lava Spout Totem (#788)","fdd3eb25a6849fbc7c82c364d85a74999ae8ef9a"
"5","Encounters & World","0595a875c","2017-12-24","GuybrushGit","Free Metzen quest credit - Alliance (#1049)","0595a875cfe1bfefc46cb0539f61792b53733a7e"
"5","General Systems","d48149508","2017-12-20","Prithu Parker","Fix ban reason display output when using Linux","d48149508fd0d7c2ec3cda6c1e1d5aa5d425873a"
"2","Combat & Spells","6daf66468","2017-12-20","GuybrushGit","Revert Empyrean Demolisher proc rate to default value (#984)","6daf664684c74d2e64746807e52128e164598207"
"4","AI & Movement","c727e59e3","2017-12-20","bladez","Refactored petition handling (#1037)","c727e59e39c3df393146bd5dd78ab5c426800c88"
"5","Encounters & World","8bcfeca04","2017-12-20","bladez","Added more Kalimdor instances (#1039)","8bcfeca0490fd829ea45491b790a7d3139349a8a"
"2","Combat & Spells","3b382aba8","2017-12-20","GuybrushGit","Fix to weapon damage while shapeshifted (#371)","3b382aba87c234a17134a465702c3bfdc8726618"
"5","General Systems","928bbb2f2","2017-12-20","GuybrushGit","Fix to Black Qiraji mount (#224)","928bbb2f2b3018ef2fa4877e179cb77d17dfae42"
"5","Encounters & World","a76014730","2017-12-19","GuybrushGit","Quest level overhaul (#843)","a760147307202fedb0862ea5707ecafb45585721"
"5","General Systems","eb8103970","2017-12-17","GuybrushGit","Winter Veil fixes (#1023)","eb8103970e845a01726c982c93154526e49fa912"
"2","Combat & Spells","e0705b669","2017-12-14","zelazrgn","fix chain multiplier modifiers not benefiting from spell power or healing power (#933)","e0705b669a7da55c7145bbf6eecff54536c7dd07"
"4","AI & Movement","0cfc5eac4","2017-12-10","brotalnia","Improve Test of Lore quest chain.","0cfc5eac41e08e6d9da342db1459b8ee8c1e2e69"
"5","Encounters & World","7d4c305a2","2017-12-09","brotalnia","Finished replacing hardcoded texts in AV scripts.","7d4c305a268fddf81a3fd7ead94c802c033c6448"
"5","Encounters & World","996c54dad","2017-12-08","brotalnia","Replace some hardcoded texts in AV scripts.","996c54dad4639c270a97e4179d9d89d0b79366c2"
"5","Encounters & World","b4fe86c6b","2017-12-07","brotalnia","Replace some texts in AV scripts with broadcast texts.","b4fe86c6bec08efc4e4e3b0f11e28c6c8db60305"
"5","Encounters & World","d8c1d5331","2017-12-06","bladez","Adjust War Effort autocompletion params and prevent adding to completed resources (#924)","d8c1d5331d53511619acc454e273080718ddb9cb"
"1","Crashes & Security","43f95c3d8","2017-12-06","bladez","Minor TemporarySummon changes & event cleanups (#923)","43f95c3d8270f1214c570c3961553495256f59e0"
"4","AI & Movement","4fab00df3","2017-12-04","Prithu Parker","Now propagate USE_SENDGRID to subtargets, and link realmd against libcurl","4fab00df3ca93668129c3e95fee234586021de47"
"2","Combat & Spells","2d60efb15","2017-12-03","bladez","Arcane Concentration (Clearcasting) proc flags (#880)","2d60efb153bda5f0253f789dc99885239a7a68cc"
"5","Encounters & World","993f61965","2017-12-02","dimefox","Assign missing ZoneOrSort value to quests (#884)","993f61965b4ffe4a37ef34794a8e1835d799e3cd"
"5","General Systems","e612cf560","2017-12-02","GuybrushGit","Fixed Razuvious Disrupting Shout (#874)","e612cf5607cf1f39e5c7e19b346edcd9e42af54b"
"5","General Systems","3f84413cc","2017-12-01","GuybrushGit","Really fix Dark Iron migration (#866)","3f84413cc3647681ed12fa4694a89a0dfa9a7de4"
"5","General Systems","f76c71af7","2017-12-01","GuybrushGit","Fix to Viscidus death (#660)","f76c71af72ed31bc23f47b2680ac502bbb54e7db"
"5","General Systems","b44cb9ede","2017-11-30","GuybrushGit","Fix to Dark Iron migration (#860)","b44cb9ede0cb25f2e59ba47f4187993593b23c22"
"5","General Systems","3b8ddac89","2017-11-30","GuybrushGit","Fix to Druid stealth (#853)","3b8ddac8963a0cba9217226cddd71d185329e417"
"5","General Systems","21edf0064","2017-12-01","brotalnia","Now actually fix the duplicate item found error.","21edf006411d14dfceb3500c483e2dbfe054920a"
"5","General Systems","b3e8c2bea","2017-11-30","brotalnia","Fix duplicate item found error.","b3e8c2beae07519a62b0f8e6db876baf64d6e143"
"2","Combat & Spells","66593dd34","2017-12-01","bladez","Prevent persistent area auras ticking on units that are out of range (or removed from the world...) (#856)","66593dd3406ab69b44ba0488e0bd154903873574"
"5","General Systems","66698df85","2017-11-30","some2","Update to bzip2-1.0.6 (#130)","66698df853033bcfd42853f743a1b5e27bf82d24"
"2","Combat & Spells","24fccb61a","2017-11-29","dimefox","check for quest complete status first when sharing (#849)","24fccb61aecd7c4dcb15e4ccf1d24f697835dbdf"
"4","AI & Movement","505ce561f","2017-11-29","GuybrushGit","Fix to Target Dummy AI (#791)","505ce561f0545b84c74e90b18e1764da551b8b82"
"5","General Systems","8111cb3ff","2017-11-29","dimefox","Fix Anvilrage mob abilities (#777)","8111cb3ffde2a8500d00f5d6d1301ed6918032e1"
"5","General Systems","ee8537029","2017-11-29","GuybrushGit","Fix to Goblin Land Mine (#763)","ee8537029725b3df337260b608075344ae36ae81"
"4","AI & Movement","94e80a70b","2017-11-29","GuybrushGit","Fix speed effects not affecting flee and fear (#743)","94e80a70b30a733804e211ac8189ed2accb13af4"
"5","General Systems","3dd90cd8c","2017-11-29","GuybrushGit","Fix to Battlegear of Eternal Justice (#688)","3dd90cd8ca6d41bd4bef3a4056c882a670a052e8"
"2","Combat & Spells","5fca1c926","2017-11-29","GuybrushGit","Fix to MCed mobs neutral status (#623)","5fca1c92637797a2b8b81cabe7ee3d63d615113e"
"4","AI & Movement","5928a972d","2017-11-30","Ryan Cheung","Core/Creature: Add method Creature::DespawnOrUnsummon for despawn temΓÇª (#82)","5928a972db0e3038f4b5ffaa288d49bcf6517686"
"5","Encounters & World","d8a77eec2","2017-11-29","brotalnia","Add the war effort quests to the event.","d8a77eec2983681f4da3a23e19ca5e260c790cac"
"5","General Systems","1bc6956a7","2017-11-29","brotalnia","Fix startup errors and minor stuff.","1bc6956a70dc116951101fb370b4e45775f06ce3"
"1","Crashes & Security","e12915d6b","2017-11-29","bladez","Resolve geolocking build issues and crash (#847)","e12915d6b119ef0b17448462edfd87536c52d141"
"5","General Systems","912591544","2017-11-29","Prithu Parker","Update travis","91259154485e2e8f257c714fa277da5aac804fe8"
"2","Combat & Spells","baf6623be","2017-11-29","GuybrushGit","Fix to weapon secondary damage (#579)","baf6623be0bcc317fa80db93be0943d2bf44573b"
"4","AI & Movement","dbaccee43","2017-11-29","GuybrushGit","Fix to creature flee effect (#548)","dbaccee43e90df2963877db3dc96cae10b19660a"
"5","General Systems","34ea60bf0","2017-11-29","GuybrushGit","Fix to wrapped items not being saved to db (#22)","34ea60bf036be3cf2f407a03e2f04967a086c188"
"5","Encounters & World","9f5f3aca3","2017-11-28","GuybrushGit","Fix to Atiesh quest migration (#837)","9f5f3aca34b8d398bde65d9b3ed5165ee7a8e368"
"5","Encounters & World","204275764","2017-11-28","GuybrushGit","Add priest Atiesh quest (#824)","204275764227c537c26c97588fb163c4f3c128c8"
"5","General Systems","c678e099e","2017-11-27","dimefox","Fixes for Celebras (#720)","c678e099e0a291b8d9770757a70fc2dc438c91c3"
"5","Core Architecture","ad3d0a0f4","2017-11-28","brotalnia","Add online players column to uptime table.","ad3d0a0f472c95b3101cdd41ea6c10828a6786b1"
"5","Encounters & World","7a204b1cd","2017-11-27","dimefox","Scripting for LBRS Vaelan (#787)","7a204b1cdcc89ea3dad93fa3faf16b528e223340"
"5","Encounters & World","0d899f790","2017-11-27","brotalnia","Fix game event problems.","0d899f790dbdaa916a703a17de74c412624140ed"
"2","Combat & Spells","31f520d27","2017-11-27","GuybrushGit","Lowered Ironfoe proc rate (#786)","31f520d271a1b7dfc3f005855ce084e859d39a67"
"5","General Systems","e6fdfbe04","2017-11-26","dimefox","fix reward text for 1684 (#803)","e6fdfbe04d5831c2a9909b9a797688a1fba1b6cb"
"5","General Systems","4860494f7","2017-11-27","bladez","Use local iterators in active object visibility updates (#817)","4860494f70ca436227a7c85610d0b18ffa2da233"
"2","Combat & Spells","247bfedc2","2017-11-27","GuybrushGit","Add evade check on delayed spells (#815)","247bfedc271cfbc91884b0a0dd1b0887650c9eb2"
"5","Encounters & World","5eb8bbca0","2017-11-27","GuybrushGit","Fix to group loot in battlegrounds (#580)","5eb8bbca025078d3dd8f5579040646564f0a5b0e"
"5","Encounters & World","c0181f2f6","2017-11-26","brotalnia","Add pre-1.11 pvp vendors.","c0181f2f6004c27d891e9a66fa669451636a4680"
"4","AI & Movement","b7e98c8ca","2017-11-26","bladez","Removed invalid TemporarySummon casting and handling of Guardian pet for Tapoke ""Slim"" Jahn (#793)","b7e98c8ca8ff16c228d85f11a4ac3bc24df6a04b"
"1","Crashes & Security","92c361305","2017-11-24","Prithu Parker","Reverted a previous change to IsWithinLootXPDist - must check IsInMap before GetMap()","92c3613056fc9e00360255b6c77e169bb61afe53"
"5","Core Architecture","9af1d36b0","2017-11-24","bladez","Move all auction house item queries to async operations (#770)","9af1d36b0edde654cb7b4d16c66519877788b98a"
"2","Combat & Spells","08c16d241","2017-11-24","bladez","Allow teleports scheduled outside of async updates to be processed immediately (#764)","08c16d241dfc8c96e9e602c59864e7c53b01f97d"
"5","General Systems","c02605c49","2017-11-24","Hellgin","fixed the bug that caused fear and curse of recklessness to not work together properly (#476)","c02605c497d8ecec7a310e3d5fbdddaf8267e0e2"
"2","Combat & Spells","eb4dbe5ba","2017-11-24","GuybrushGit","Fix to Mage T2 threat reduction (#774)","eb4dbe5bafbffaf14fa895b06072ad5aeb907580"
"5","General Systems","c5b7d08af","2017-11-22","brotalnia","Fix some mistakes in Spanish and Russian locales.","c5b7d08af88c64a61e956d85fb9e03ad50e224f8"
"5","General Systems","1038cde11","2017-11-23","bladez","Now handle despawning of TemporarySummon through unconventional means (#751)","1038cde1166c1ede86868a3007f12f5745170d90"
"2","Combat & Spells","d3d34df9a","2017-11-22","GuybrushGit","Prevent item cooldown reset on relog (#31)","d3d34df9abf8e9fb94938db9ea81552b86f7c0ec"
"5","General Systems","6dfb67c78","2017-11-22","GuybrushGit","Fix to Astral Recall (#531)","6dfb67c785206410a4d3030fd28f3d1ced462e5e"
"4","AI & Movement","4c40408ed","2017-11-22","bladez","Allow creatures to modify their summon limits, and alert GMs when a creature is at the limit (#744)","4c40408ed9d490493e20a7ec2660ec20b1c5f01f"
"2","Combat & Spells","dd86f8a98","2017-11-22","GuybrushGit","Removed Warchief cooldown (#193)","dd86f8a980fd362845d17974a9df5e53fea4c274"
"2","Combat & Spells","087dc52c3","2017-11-22","GuybrushGit","Add combat log messages for summon effects (#695)","087dc52c32d43adbd4539399cb88e3142671a3dd"
"5","General Systems","75ae4b791","2017-11-21","GuybrushGit","Fix to Maexxna's Web Spray (#398)","75ae4b791ca89dd015146b1e7100eea7380fc305"
"5","General Systems","3f1de3067","2017-11-20","brotalnia","Fix wrong column name in migration.","3f1de3067a325cfd5b05a7a4429f8ea6641d2a1a"
"2","Combat & Spells","078989bfb","2017-11-20","GuybrushGit","Fix to critter start position (#697)","078989bfb6e224f8e14d8cc14c4cb35d94d87f32"
"4","AI & Movement","cec88fcf1","2017-11-20","bladez","Prevent AI updating during unreachable evade, check LoS during persistent AoE (#712)","cec88fcf1c870c99348d8363a7c4e6a69bfa02cc"
"5","General Systems","ab4d09f60","2017-11-20","GuybrushGit","Fix to Alliance Champion's Hall (#681)","ab4d09f60d07ea25ced768afb62ca433f3fa09cd"
"5","Encounters & World","939f0b3cd","2017-11-20","GuybrushGit","Implemented a max level for quests (#631)","939f0b3cdb8377a62ddefec307a816749937425f"
"4","AI & Movement","1c4af71bc","2017-11-20","bladez","Set a configurable cap on the number of creatures a single object can have spawned (#199)","1c4af71bca9322bed623516498c1791e1cd77bff"
"2","Combat & Spells","561c56aee","2017-11-19","GuybrushGit","Fix to periodic proc mechanics (#122)","561c56aeea6f3cd8e1104758ec1a595bc0144008"
"5","Core Architecture","493f6234e","2017-11-19","GuybrushGit","Fix to Baroness Anastari immunity (#699)","493f6234e184d2a98cf77d883d5692e0799c44a6"
"5","General Systems","87aab06ee","2017-11-19","brotalnia","Remove incorrect npc text id.","87aab06eedf58a6594a7feaef1d075b833892e22"
"4","AI & Movement","388840213","2017-11-20","bladez","Unlink NPC gossip options from quest availability to allow non-quest menus to be created when the unit does not offer quests (#704)","388840213a4a2366023dc314f3a7067ebb13c62f"
"5","General Systems","a37ae4642","2017-11-18","brotalnia","Corrected more wrong npc_text ids.","a37ae4642b5b5b1528fa8e197a5e2cbda4c97eaf"
"5","Encounters & World","8b479c481","2017-11-17","bladez","Allow battlemaster queue 'quest menu' (#668)","8b479c481d58388beb8c1b01331617e223106746"
"5","Core Architecture","8b242a1da","2017-11-17","bladez","Now delay far teleports until the map update is complete (#666)","8b242a1da73d0281042a1054642bf96a4d3c57c3"
"4","AI & Movement","e9353eaa4","2017-11-17","GuybrushGit","Adjust for online players when returning mails (#605)","e9353eaa446dbc6d17c3709ba61541267a707f0c"
"5","General Systems","2afabb901","2017-11-15","GuybrushGit","Fix to item on use effects (#487)","2afabb90125459a1d749feb4e1a285b904434c47"
"5","Encounters & World","19cc8ccb5","2017-11-15","brotalnia","Set orientation when using SCRIPT_COMMAND_MOVE_TO.","19cc8ccb567d723afc15552bffce2e4c498df67a"
"4","AI & Movement","fd257ee92","2017-11-15","brotalnia","Replace creature nostalrius string ids with broadcast text.","fd257ee92a01d58a13b385fac07e5c504712a238"
"5","General Systems","01deb6826","2017-11-14","brotalnia","Correct some text ids.","01deb6826a325cf63189834f0d6ffbd23f219acd"
"5","General Systems","e1038218e","2017-11-14","dimefox","Leper gnome and Gibblewilt text fixes (#622)","e1038218ed9d9bb50d1863e8ed5693ca39429966"
"4","AI & Movement","af434a955","2017-11-14","GuybrushGit","Fix to mail unread icon and expiration date (#608)","af434a95533ab3d54dd17007dbd213f19dff071e"
"5","General Systems","68b4f74cf","2017-11-14","GuybrushGit","Fix to Green Whelp Armor (#588)","68b4f74cfb890d735ee12d08c764473c931a23f0"
"5","Encounters & World","e9a710356","2017-11-14","GuybrushGit","Merge pull request #615 from GuybrushGit/issue-581b","e9a710356c5f67db304cfb99598f941d13569b2a"
"5","General Systems","0d4349b4a","2017-11-13","GuybrushGit","Fix to Cenarion Scouts migration","0d4349b4a4b85ced2baafec8bdf157cff7e20ba0"
"5","Encounters & World","4fda30600","2017-11-13","GuybrushGit","Implemented the Cenarion scout quests. (#609)","4fda30600108ae503c4b2ddc1cd66a7896b75ef0"
"5","General Systems","c012c590c","2017-11-12","brotalnia","Cleanup npc_text and gossip fixes.","c012c590cc5c13e96690e47f4fb25ef7e72cde5b"
"2","Combat & Spells","0892bb143","2017-11-11","GuybrushGit","Add ban status to lookup command (#30)","0892bb14388ffc0b52fde4c8e234b021412faf7c"
"2","Combat & Spells","ae179ebb5","2017-11-11","GuybrushGit","Fix to Mind Control dispels and resistances (#23)","ae179ebb5d81dd744ac2a5759ef28f897ead25fd"
"2","Combat & Spells","0d505bafa","2017-11-11","GuybrushGit","Fix invalid death state when porting to graveyard (#19)","0d505bafab5f74b170c8e9ce8c43306f96c147fd"
"5","Encounters & World","679a7e464","2017-11-11","GuybrushGit","Fix to Skeram instance binding (#533)","679a7e46409eaf5ad01879590f2c0fa086a6a332"
"5","General Systems","bbc168021","2017-11-11","GuybrushGit","Fix to PvP flag update (#532)","bbc168021a8e87cfd8687bc96b8998c6e68b4aa8"
"2","Combat & Spells","9eb5fa680","2017-11-11","GuybrushGit","Item progression for wands with spell damage and healing (#445)","9eb5fa680a8757b445117f1913a51953be4ed5a7"
"5","General Systems","78cf966cd","2017-11-11","brotalnia","Fix drop chance for Hillsbrad Human Skull.","78cf966cd06a75e703c013a436dc36802513a83d"
"5","Encounters & World","a03dc83d6","2017-11-10","brotalnia","Add loading checks for ACTION_T_EVENT_SCRIPT.","a03dc83d668703ed0105862fd3d409d6750464c6"
"5","General Systems","2a66ff057","2017-11-10","GuybrushGit","Fix to weapon dependent mods (#556)","2a66ff05799cc955fa57fefe280ff8be7fea1612"
"2","Combat & Spells","9b8d863d0","2017-11-10","GuybrushGit","Fix to no aggro spells (#562)","9b8d863d0342eb8bf11767a4078badd438b7fa2e"
"5","General Systems","2d26c993d","2017-11-10","GuybrushGit","Fix to Arcane Missile targetting (#561)","2d26c993d820a9574e83376778b79bb282070339"
"5","General Systems","0e115edd6","2017-11-10","LHGemt","Atiesh immuneflags and misc fix (#557)","0e115edd686e210879b19745d2c10fd7e26acea5"
"1","Crashes & Security","61b30b222","2017-11-10","GuybrushGit","Change condition type (#564)","61b30b222fc837725b6ba31ce76f9c28147752b6"
"4","AI & Movement","f9d45dca6","2017-11-08","Staden","Move creature spawn above ground Fixes https://github.com/LightsHope/server/issues/513","f9d45dca60faed24ec3313daa1640036e9e9a3f6"
"5","General Systems","2a5d38b1e","2017-11-08","StadenElysium","Fix AV battle standards (#537)","2a5d38b1e88bd80a0c011f2602e8f8091a763ceb"
"3","Bounds & Exploits","378c024e8","2017-11-08","StadenElysium","Fix a couple of small out-of-bounds bugs (#527)","378c024e84b65075a055c98f6ff8328637c7e5f2"
"2","Combat & Spells","37e3a7e66","2017-11-06","brotalnia","Remove use of non-existent Mistletoe spell.","37e3a7e66a6fb64918739643e3062c58ab70c6de"
"5","Encounters & World","768138ff9","2017-11-06","brotalnia","Add koKR localization for quest titles.","768138ff9bf6a446bfff915961b1234505145b8e"
"5","Encounters & World","de84fc03f","2017-11-06","brotalnia","Add missing zhCN quest locales.","de84fc03f06e440705d7d1e7214238efd3cb9656"
"5","General Systems","1814ea0bf","2017-11-05","brotalnia","Fix gossips for Fishing Promoters.","1814ea0bf01dd300838667c4df5dca71d9fdfcef"
"5","General Systems","39856fb30","2017-11-05","brotalnia","Correction to Alcaz Island spawns.","39856fb30727ef976c7af048ef8d2c455a027cad"
"5","Encounters & World","4cc94dc20","2017-11-05","Henrik","Remove Thick Cloth gear from objects loot template (#415)","4cc94dc20de67d5237ab5330208003df01233f9b"
"2","Combat & Spells","48cecd1cb","2017-11-05","GuybrushGit","Fix to Seal of Command damage (#486)","48cecd1cbae20abc30f05eaa1af99c83e34bf7a8"
"5","Encounters & World","155933517","2017-11-05","Henrik","Remove Padded items from object loot table (#416)","1559335172ced8839f4e7ab1386dd0a696f930fb"
"4","AI & Movement","57c9b0747","2017-11-05","GuybrushGit","Creature AI check for mana burns (#467)","57c9b0747cebcf446382ba23a15d3b3e47215110"
"2","Combat & Spells","0b76f563e","2017-11-04","brotalnia","A little cleanup of switch cases in spell files.","0b76f563e1591b1a0a70c3f495ff4450076c9180"
"5","General Systems","709351062","2017-11-04","GuybrushGit","Fix to Silithus Wind Stone mobs (#25)","70935106296b21d1c398dd3e343375909e8ef58c"
"5","Encounters & World","62cb5afa5","2017-11-04","GuybrushGit","Switch to group loot type if master looter is offline (#21)","62cb5afa552ce7e3deef291cbd96cc8debdc9f3d"
"2","Combat & Spells","340e7eefd","2017-11-04","LHGemt","remove summoning spells from pet bar for players MCing them (#436)","340e7eefdc3694ee8fbf090827e9e6889e1d22d1"
"5","General Systems","9a850a5d4","2017-11-04","GuybrushGit","BWL fixes (#33)","9a850a5d4f64616f374d09ef07543261dfadae07"
"5","Encounters & World","0954ee8fb","2017-11-04","GuybrushGit","Fix to Edge of Madness loot tables (#233)","0954ee8fbd216c601ac03681db0bf1057adc2646"
"2","Combat & Spells","e0edfc2a6","2017-11-04","GuybrushGit","Set Hammer of Wrath to use melee crit (#428)","e0edfc2a62eaa36ed5d2e781858499ab67ea4cbe"
"1","Crashes & Security","b7fdc2c10","2017-11-04","bladez","Resolve a crash when temporary summoned and possessed units despawn prematurely (#480)","b7fdc2c10ba98b9d75370e227777bd56ce3d15d5"
"5","General Systems","e253604a1","2017-11-02","brotalnia","Update mangosd config to solve most common user issues.","e253604a15683e8c70f622a1df80bf719a39bcfb"
"1","Crashes & Security","be9e70a8f","2017-11-02","brotalnia","Fix client crash when using flight master.","be9e70a8fa1d04263b5770c3c37711386362cfd8"
"1","Crashes & Security","05f2b0bc8","2017-11-02","bladez","Prevent a crash in HandleSetActiveMoverOpcode if the player is kicked, or mover is null (#454)","05f2b0bc8a027988b4e2294b3f538d2a45d4716d"
"5","Encounters & World","9350f01b4","2017-11-01","LHGemt","Merge pull request #443 from LHGemt/refix_naxx_slime","9350f01b4af1ec44e5ddb209a60681ef47774464"
"4","AI & Movement","bd52f46e3","2017-11-01","skarseth","fix slime in naxx again","bd52f46e36f35bb02c808c0697f5569d3f12fdc3"
"5","General Systems","f751e931e","2017-11-01","brotalnia","Fix wrong column count in migration.","f751e931ea286b5f708ff62daad65b314bc43b37"
"2","Combat & Spells","8da5b6d84","2017-11-01","GuybrushGit","Removed swing timer reset when spells land (#427)","8da5b6d84dfbec2c7414ec635078bcec0a5b3760"
"1","Crashes & Security","d69f3545d","2017-11-01","Henrik","Change reputation reward amount (#404)","d69f3545dacbcf1406801e35c511e69dc8da506c"
"4","AI & Movement","edf2a905a","2017-11-01","Henrik","Fix loot from Water Barrels and Dirt-stained Map (#412)","edf2a905a294644e96bf2da803235011d3e6794b"
"5","General Systems","1353e6762","2017-11-01","LHGemt","heigan: some fissures that were hitting in zones they should not have been fixed (#285)","1353e6762132233e0f819946a891f93b2329346c"
"2","Combat & Spells","c2375385c","2017-11-01","GuybrushGit","Trigger auto attack procs on next swing attacks (#274)","c2375385cd92c1c80943cc0408fa63c555eee4ab"
"4","AI & Movement","6d5b30847","2017-11-01","Martin Jesper Low Madsen","Fixes invisibility logic for creatures and players (#250)","6d5b30847824c13928d029688ac86f17c5b45704"
"5","General Systems","0e24477ce","2017-10-31","Ryan Cheung","Add a missing include, fix compiling on linux (#81)","0e24477cee7c89d509ecae03196993f220b2dce6"
"4","AI & Movement","696a08c00","2017-11-01","GuybrushGit","Added AoE immunity creature flag (#36)","696a08c007124f04f2b36266efd9416ad56b987b"
"5","General Systems","549691706","2017-11-01","GuybrushGit","Fix to Execute miss chance (#35)","5496917067230d7a227fb065e284461744745266"
"2","Combat & Spells","d8c92be70","2017-11-01","GuybrushGit","Set hearthstone cooldown when porting to homebind (#34)","d8c92be70a469d5c0aba3ec3957aa46a0cc5d885"
"5","General Systems","0bcbc103f","2017-10-31","kampeador","Fixed some issues in The Missing Diplomat(q:1249). (#108)","0bcbc103fb37f41b43f7892161abac920a60e7dc"
"2","Combat & Spells","0d76504ec","2017-10-31","GuybrushGit","Fix to health leech spells (#79)","0d76504ecdc35b1c53515d903825e938a25e131a"
"4","AI & Movement","5be9e51e4","2017-10-31","GuybrushGit","Added Your Fortune Awaits You quest chests (#32)","5be9e51e454f9b6192f2a210cf85eac671db7a01"
"4","AI & Movement","448751025","2017-10-31","GuybrushGit","Fix to unlootable quest item containers (#27)","44875102577e15d2bf606559d78ac5955009ba1a"
"2","Combat & Spells","0ee75b210","2017-10-31","GuybrushGit","Duration parameter to .aura (#26)","0ee75b210a2c4be8679ff8af30a6c6bc473f922d"
"5","Encounters & World","bb038a932","2017-10-31","brotalnia","Prevent mounting while shapeshifted.","bb038a932286bae3fb199b63358d85149860de2b"
"2","Combat & Spells","d27abe4af","2017-10-31","brotalnia","Implement SMSG_TRAINER_BUY_FAILED and refactor HandleTrainerBuySpellOpcode a little.","d27abe4afcef46af2ae446c6ee1950809553f971"
"2","Combat & Spells","e8afb1b99","2017-10-31","brotalnia","Fix Felheart Belt spells.","e8afb1b9920ee377157e1fec9ad6918ebeef0484"
"1","Crashes & Security","6d8c6377b","2017-10-31","brotalnia","Add all displayid changes to D1, T1, T2 sets.","6d8c6377b64780d2fb4567907335411367c1e054"
"5","General Systems","7652c0444","2017-10-30","brotalnia","Update links when creating ticket.","7652c044488bf3dfbacd0804431742d3f0ef4e27"
"2","Combat & Spells","6e32fb07f","2017-10-30","brotalnia","Fix not mounted spam when learning spells.","6e32fb07fb5775bcdf1fa96fd92cf8d6cfdc9cac"
"5","Encounters & World","7a24478c8","2017-10-29","StadenElysium","Merge pull request #379 from LightsHope/authfix1","7a24478c8947a3a3c58f04b4db5133ebb4e809a7"
"1","Crashes & Security","4932256e3","2017-10-29","bladez","Resolve a crash in channeled spell update when multiple holders are removed during iteration (#368)","4932256e356baeaf7e3e04e2571dfdac9201f81d"
"4","AI & Movement","05b4ad29d","2017-10-28","Staden","Fix spurious authentication failures caused by incorrect padding of SRP6 values.","05b4ad29dc9a3d63488d04e1974f094f1d97e3d4"
"5","General Systems","05e366fb6","2017-10-28","GuybrushGit","Fix to Druid Nature's Bounty (#353)","05e366fb6e53abc8c7da68c4d371661a4a1d9d14"
"5","General Systems","641040c84","2017-10-28","GuybrushGit","Fix to casting while mind controlled (#18)","641040c84d89f897756081852ddedb5d8a9f8c83"
"5","General Systems","8eccb3564","2017-10-28","GuybrushGit","Fix to resource spawn rates (#17)","8eccb35644fb43deba3cb057a5b10604bb0ccf05"
"4","AI & Movement","3b99817d2","2017-10-28","Kittnz","Core/Commands: Add EquipmentId, InhabitType, Armor and AIName to the npc info command (#268)","3b99817d2aff1eba10d7e8859f9fdbab06def6cb"
"5","Encounters & World","ec69f0102","2017-10-27","brotalnia","Fix quests Egg Freezing and Egg Collection.","ec69f0102c2333ef2af217f7a66899c647f51d03"
"5","General Systems","beb9b1144","2017-10-27","GuybrushGit","Fix to Dire Maul camp exit location (#39)","beb9b114409dd8cd119dfb053641df24043901ff"
"5","General Systems","b9b006db0","2017-10-27","brotalnia","Correction to structure of some packets. (#240)","b9b006db08fcdc055057ff68a3f9fe295ead3ba5"
"2","Combat & Spells","4b973153a","2017-10-27","GuybrushGit","Fix to Bat Costume spell (#244)","4b973153a246b94d398936f665b5b367d69b57b4"
"5","General Systems","df21b6a2e","2017-10-27","GuybrushGit","Fix to Hallow's End Fright buff (#269)","df21b6a2eb13410db7861885ba8ce9442e096797"
"5","Core Architecture","5d8ca7f65","2017-10-27","LHGemt","continuing bad behaviour and locking players out of naxx with a hack (#284)","5d8ca7f6589ed82c29339335c645794abbdb2b91"
"5","General Systems","1087610c3","2017-10-27","GuybrushGit","Fix to Trick or Treat costumes (#293)","1087610c3382ced383d2cdaf7e2ea0967ce81081"
"5","General Systems","3dfb16c77","2017-10-26","brotalnia","Fix Divine Intervention.","3dfb16c7716c68fb8ce21771b056e66a1bea3cc1"
"5","General Systems","c074c0401","2017-10-26","brotalnia","Fixes to naxx merge migrations.","c074c040157ceb5f1245a8413ac5b6e02821e686"
"5","General Systems","906ebe12a","2017-10-27","Prithu Parker","Update insert for visibility column","906ebe12a807c104b83a7ac9a194e7fa3ca5c88e"
"5","General Systems","9e2a7a7a6","2017-10-24","LHGemt","Update README.md","9e2a7a7a6b07f42c15b275135f53f35c49b8f75f"
"5","Encounters & World","9d981032b","2017-10-24","GuybrushGit","Fix to object update after quest completion (#221)","9d981032b6992f6c13b82d57681284c03ae3e658"
"5","General Systems","6a3d8a24f","2017-10-23","GuybrushGit","Fixes to Hallow's End (#70)","6a3d8a24fd6201609b5a2da3e415455870a27a51"
"4","AI & Movement","256801be0","2017-10-23","GuybrushGit","Fix Mandokir targetting pets (#44)","256801be03e376b7cc87b1a21396778428966429"
"5","General Systems","a5655fee9","2017-10-23","GuybrushGit","Fix to Arena Master trinkets (#80)","a5655fee95deb52e6379eac3b288486d9b005df9"
"4","AI & Movement","97187e3a6","2017-10-23","brotalnia","Fix AV closing and equipment for some NPCs. (#114)","97187e3a656e9e3897b7573e30dcff18b1660e90"
"1","Crashes & Security","814c3d223","2017-10-23","bladez","Merge pull request #202 from thepparker/prevent-null-ai-kill-crash","814c3d22356904a7f5f9d1fc95a09597022542da"
"5","Encounters & World","cb0c5aa56","2017-10-23","bladez","Merge pull request #185 from GuybrushGit/issue-101","cb0c5aa5647811b545d51f611a33c6f9a7b1cf51"
"5","Encounters & World","fbe8a6eb5","2017-10-23","bladez","Merge pull request #201 from thepparker/auction-lockout","fbe8a6eb5d0799fbf29744fe95cb795cb7362c93"
"5","Encounters & World","30159f0a7","2017-10-23","bladez","Merge pull request #191 from GuybrushGit/issue-187","30159f0a76843d11c36910b0938cbffde9fa355d"
"5","Encounters & World","65bd4457f","2017-10-23","bladez","Merge pull request #198 from thepparker/more-missing-diplomat-fixes","65bd4457f35a6c0bf4967641e7d58c8c9ac199fb"
"5","Encounters & World","476c9191b","2017-10-23","bladez","Merge pull request #155 from GuybrushGit/issue-65","476c9191bce4d11fbf588600d8347228dddca83f"
"5","Core Architecture","c8e26417d","2017-10-23","Prithu Parker","Extend auction lockout to unfiltered queries as well","c8e26417d5bd632d022576f06876e1c33ed439c4"
"5","General Systems","35eabd195","2017-10-23","GuybrushGit","Fix to Libram of Light","35eabd19541f938924d9aa65848af270e7911c09"
"5","Encounters & World","3b50036c8","2017-10-22","GuybrushGit","Fix to Druid dungeon set","3b50036c8366dd56cf930e15c6c2d9c229d3dd70"
"1","Crashes & Security","ac3819dde","2017-10-23","Prithu Parker","Prevent crash if summoned creature despawns during the event Additional cleanups","ac3819dde178457d6d2a36ae4e2d5fa12fb26cc4"
"4","AI & Movement","e2c58e816","2017-10-22","Prithu Parker","Don't attempt to fill creature loot if the creature has NULL AI","e2c58e8166e9be3736043336714cf654db8135e6"
"5","Core Architecture","1ccbad41d","2017-10-21","Kittnz","PlayerDump: Use the right format specifier","1ccbad41d01165613d3a502df96df16cb0ce221d"
"5","Encounters & World","d14d525e1","2017-10-21","Prithu","Merge pull request #41 from GuybrushGit/masterloot-fix","d14d525e106ef167ad65e35fae8ef407ff1e0aab"
"3","Bounds & Exploits","5706b8d4b","2017-10-20","GuybrushGit","Fix to master loot out of bounds check","5706b8d4b61dfaff905a46efc643ff68453fc172"
"5","General Systems","1db8d79b3","2017-10-19","LHGemt","Temporarily remove CI link, update doc link.","1db8d79b3fb7f8c771a22ad4202d120a47716694"
"1","Crashes & Security","dcecf9555","2017-10-16","brotalnia","Change minimum level for WSG to 10 on Elysium.","dcecf9555d3526d73ded9374ac90b826b74cea6f"
"5","General Systems","82c2f4031","2017-10-14","Prithu Parker","Revert ""World buff removal for ZG and AQ40""","82c2f4031241d3ca9a1f4e4d04adf1913fac5fa7"
"2","Combat & Spells","a36711b0c","2017-10-14","Prithu Parker","Don't remove greater firepower","a36711b0c5007db7dcfb25c69d3db5afcb99403c"
"5","General Systems","61cbc4aa9","2017-10-14","Prithu Parker","Ensure ordering for visibility mod columns","61cbc4aa9e695e7482c6ef06b1c3d79527ecc85e"
"2","Combat & Spells","190b06541","2017-10-14","brotalnia","Fix Wrath of Cenarius proc. (#3103)","190b06541451cd4e210d0e0ef72c2b8e77b7f820"
"2","Combat & Spells","cad7b13ed","2017-10-14","Prithu Parker","Revert ""Revert ""Fix area aura and channel spell tick loss by syncing updates with the caster (#1099)""""","cad7b13ed378cffcfce0991efd664b25dc3519eb"
"5","Encounters & World","3a4f85296","2017-10-14","GuybrushGit","Prevent looting chests while totally immune (#3146)","3a4f85296caa8bf869d6e288ece5714912eda002"
"2","Combat & Spells","608f27bff","2017-10-14","Prithu","Now always trigger on tick for positive periodic spells, regardless of target health (#3149)","608f27bff75d4ba3d4b10b24d5287786b206715a"
"4","AI & Movement","a68be8fc2","2017-10-13","brotalnia","Fix pet mana regen.","a68be8fc2d1aba66414756c2f496c5af39dc3b5a"
"1","Crashes & Security","da73dba55","2017-10-13","brotalnia","Fix crash on x86 builds.","da73dba558fb4c73c6e761142cc0c8293adff0f8"
"5","General Systems","4df596dd2","2017-10-13","Prithu","Ensure Chromaggus always enters enrage mode once he reaches 20% HP (#3147)","4df596dd2bddd8d76e6fa8886a8cd1d35c3ff6fd"
"5","Encounters & World","28f14f210","2017-10-13","Prithu Parker","Elysium AV quests","28f14f210e1bc340cedb42a9a4b000c3c7cfcd7d"
"2","Combat & Spells","90fad4c7f","2017-10-11","Prithu Parker","Fixed disabled spell query","90fad4c7f04f502fc31ecb7557012b398784bea6"
"5","General Systems","a8dbaddfb","2017-10-03","GuybrushGit","Fix to text guid generation (#2824)","a8dbaddfbc28f2bf696931dc54b81a0d23ebd03a"
"2","Combat & Spells","118b39463","2017-10-10","Prithu Parker","Add disabled spells for later patch food and enchantments","118b394631ade0b3ca9106f4cd9b62993feb40b9"
"5","Encounters & World","3f8800e39","2017-10-10","Prithu","Minor ZG enchant quest revisions (#3086)","3f8800e39a676d9c294a850af2520e8baa619391"
"5","Encounters & World","8332d93eb","2017-10-10","brotalnia","Script Emerald Dragon Whelp.","8332d93eb72ef33c71893a553ca624223cbd872b"
"4","AI & Movement","deea4ac91","2017-10-10","brotalnia","Script Lady Jaina Proudmoore.","deea4ac91268b762853c8370db3fdeb3dfe1337f"
"2","Combat & Spells","f4e1a80d3","2017-10-09","GuybrushGit","Implemented Power Word: Shield threat (#2764)","f4e1a80d31535ca6d8886fc3e61d476acfa0da9a"
"5","General Systems","ff6355fde","2017-10-09","brotalnia","Try to fix compile on linux and fix warnings.","ff6355fdecdb9a9cdda4c0f3e29e2ae212762da5"
"5","General Systems","dd45d7b8c","2017-10-09","brotalnia","The Missing Diplomat fixes.","dd45d7b8c392ca74dd840134c58970af6731fe36"
"5","General Systems","5331dcd5e","2017-10-09","brotalnia","Fix bag family for Steam Tonk Controller.","5331dcd5e0321851f95cd8ff2c4974f25d1262bc"
"5","General Systems","9f70a87c9","2017-10-09","brotalnia","Correct patch for Dawnbringer Shoulders.","9f70a87c9594cca54c6710d31b58af9ca85ef657"
"5","General Systems","744f4b2f4","2017-10-09","brotalnia","Update migrations to new format.","744f4b2f480293559ba4923f09c69c76b80beb26"
"2","Combat & Spells","5a56396b3","2017-10-09","GuybrushGit"," Blasted Lands buffs stats and stacking rules. (#3005)","5a56396b313ecbf4b005aae2f0a589de6db29125"
"5","General Systems","f60c87dc1","2017-10-09","GuybrushGit","Misc progression fixes (#3003)","f60c87dc1d5b26957b665cda709654661edcdeb3"
"5","Encounters & World","e84e3d00d","2017-10-09","GuybrushGit","Fix to the Urok / Voone / Omokk loot tables (#3001)","e84e3d00d2c8b743ddb5355dda508cf3de33a52b"
"4","AI & Movement","795460db9","2017-10-08","Ryan Cheung","Fix Deathsworn Captain spawning in ShadowfangKeep,  Close #2521 (#2570)","795460db9245efdce5020abc3276e71821f0b7e8"
"4","AI & Movement","28e1580c0","2017-10-09","Martin Jesper Low Madsen","Fixes Timmy the Cruel's spawn point and movement (#2512)","28e1580c0af8d9dd33171211d46afe69143b1902"
"5","Encounters & World","ec78c2813","2017-10-09","brotalnia","Implement New Year's Eve game event. (#2333)","ec78c2813f5121931ca0ee2f589edd4f7af7eee6"
"1","Crashes & Security","01462ed1e","2017-10-09","brotalnia","Commendation Officers, Crossbow Changes, Captain Fairmount.","01462ed1e7ba4c71075cd2ab7119361626170e66"
"5","General Systems","4024c5e7b","2017-10-08","brotalnia","Update migration query to fix merged sqls.","4024c5e7b745ad8512de0f7300f98eee05b4d412"
"5","Encounters & World","d5cffef5b","2017-10-07","GuybrushGit","Instance bind self killed mobs (#3018)","d5cffef5b7fcada1c76f57004a6d211ede6c38fb"
"5","Encounters & World","384a6602a","2017-10-07","GuybrushGit","ZG High Priests 1.11 loot table (#3010)","384a6602a5e167c7c520a1e453b4f9b704295f64"
"1","Crashes & Security","da9cb9b4c","2017-10-06","brotalnia","Add folder for custom database changes.","da9cb9b4c96618672591bff2e4ced2851978ae53"
"5","Encounters & World","d0f88db50","2017-10-06","brotalnia","Event cleanup and other fixes.","d0f88db5070ae2ccdb94ea9a3177150011a02575"
"1","Crashes & Security","6aaa5d292","2017-10-05","Prithu","Merge pull request #1 from elysium-project/resolve-charm-crash","6aaa5d292e2975866124fee542076339de03cdda"
"5","General Systems","46403052f","2017-10-05","Prithu Parker","Minor tidy up in HandleModCharm unapply","46403052fc001f8e1e3801b61a8eadcc935d7848"
"5","Core Architecture","bf493b369","2017-10-05","Prithu Parker","Use Unit charm removal helper in TeleportTo","bf493b3699a1050b805d1542c5717afd3f34c213"
"4","AI & Movement","3ed4d80c8","2017-10-05","Prithu Parker","Now utilize Unit charm removal helper in PlayerAI. When a charm is removed, the AI is deleted, so further calls to 'me' are invalid","3ed4d80c8de981bf8df57a7c40e618b83acfe81e"
"2","Combat & Spells","6ac297509","2017-10-05","Prithu Parker","Add a general method to Unit for cleaning up charm auras","6ac297509acbe0cb6396ac66c0326b1bd8df3452"
"4","AI & Movement","991da4cc1","2017-10-04","Kittnz","Raid/Zul'Gurub: Reset High Priestress Jeklik properly (#2989)","991da4cc197d380fbc383dcd23d9088700e1f723"
"2","Combat & Spells","d21f9ae8e","2017-10-04","Gemt","removing SPELL_AURA_AOE_CHARM in Aura::HandleModCharm together with removal of charm and possess","d21f9ae8edee136cbc022014868d033958ab4245"
"2","Combat & Spells","c6092775a","2017-10-04","Gemt","check for nullptr in Unit::RemoveSpellsCausingAura. Not happy with it. Seems something is wrong elsewhere, and that there should never be a nullptr in m_modAuras","c6092775aabb6f1d82001994b219e431cc21fd33"
"5","General Systems","a087a2d9f","2017-10-04","shenna","Revert ""Fix to text guid generation (#2824)""","a087a2d9f3b7282aa3ad1ba1cd7e5d6c7c880f3d"
"1","Crashes & Security","600ec96b5","2017-10-04","Prithu","Converted serialId to uint32 to avoid overflow with large GUIDs used as the ID (#2977)","600ec96b54420052a24c0605fa68acaec52bc9b9"
"4","AI & Movement","31809702b","2017-10-04","Prithu Parker","Moved creature linking tables into a migration","31809702b8a927f55f6823469b2120e186081231"
"5","Encounters & World","4863e6067","2017-10-04","GuybrushGit","Fixed event start dates (#2972)","4863e60676fdab6c0bb95fa7247074d966e53e51"
"5","Encounters & World","462650865","2017-10-04","Prithu Parker","Scourge Invasion events disabled by default","462650865ab495441a3022f5a81e46f667944917"
"2","Combat & Spells","8b719ef10","2017-10-04","Prithu Parker","Cleanup instance stat table migration","8b719ef10247ee73f78cad3c07f3b639d9883009"
"5","General Systems","87346e1b9","2017-09-21","Prithu","Implemented support for serial transactions and character loading (#2664)","87346e1b9f8c0540442be6d6d829793ca584a9f3"
"5","General Systems","6842d5aa3","2017-09-09","brotalnia","Fix mistake in migration.","6842d5aa3940fcd37932ac68d4b5ea1cc8555165"
"5","General Systems","e4ecfb970","2017-09-20","GuybrushGit","Fix to Flurry consuming extra attacks (#2654)","e4ecfb970bf05ef2b3859979842761c697aaf715"
"2","Combat & Spells","573a43954","2017-09-21","GuybrushGit","Krastinov threat dump (#2620)","573a439540a8c5a8ef9aa67b1b578fa8748315cb"
"5","Encounters & World","9cdd34958","2017-09-21","GuybrushGit","Prevent Stranglethorn Fever getting stuck (#2637)","9cdd34958e09727e20a09b1532f035ed41d96fba"
"2","Combat & Spells","d883ee872","2017-09-20","GuybrushGit","Prevent dispelling positive poisons (#2638)","d883ee8723a5b4354100be9341f0967eca5c7a42"
"2","Combat & Spells","8e417f057","2017-09-24","brotalnia","Make sure swing timer is reset at end of cast.","8e417f057ad06f51571210153fbc64b14732c2b5"
"5","Core Architecture","9a03be54d","2017-10-03","GuybrushGit","Fix to guild charter GUID generation (#2838)","9a03be54de68087b3eeb5ec8cfcb0150a8d495d1"
"4","AI & Movement","d64fbdfe5","2017-10-02","brotalnia","Translation to Ello - Movement script.","d64fbdfe5eae50926d007c705e0a60c1912d8fd0"
"5","General Systems","c5eba54db","2017-10-01","GuybrushGit","Remove invalid item suffixes (#2778)","c5eba54dbd24b177f56d1b5f53c43c94e64242d5"
"2","Combat & Spells","e1746426d","2017-09-23","GuybrushGit","Shield spike damage (#2622)","e1746426d1a3e2fc465a8e1c4f9322f405af7746"
"5","General Systems","0b245e678","2017-09-28","GuybrushGit","Fix to BoP flag drop while charmed (#2769)","0b245e67809d0b1acbcec77513fcbe36d61132e3"
"5","General Systems","8687e5f1d","2017-09-29","GuybrushGit","Fix to Serpent Sting and Arcane Shot (#2746)","8687e5f1d63b5138216da566540d0b8fbd95f03b"
"2","Combat & Spells","ac4baa049","2017-09-29","GuybrushGit","Fix to aura duration after a long time offline (#2510)","ac4baa04971fab495ac9b00581a1183dadf70d1b"
"4","AI & Movement","56f294b5a","2017-09-30","GuybrushGit","Fixed feed pet out of line of sight. (#2341)","56f294b5a4eb3988c689395b88093d5ad31540a2"
"4","AI & Movement","f080e0023","2017-09-29","GuybrushGit","Fix to mail_item data types (#2812)","f080e0023e8d488db25e87ba5b03bcbccac1ce5c"
"5","General Systems","8b1eb2409","2017-09-29","GuybrushGit","Fixes to Six Demon Bag (#2717)","8b1eb24095fc8232d892e21ddc61160fbfa3bdd4"
"5","General Systems","f703b8385","2017-09-08","GuybrushGit","Fix to Meeting the Master not working while dead. (#2296)","f703b838589b0849742f1f8e7c1220eabad1a4e8"
"5","General Systems","0c3cd6ae8","2017-09-08","brotalnia","Fix gossip options for Andorgos (#2463)","0c3cd6ae8a75598c0be0fcd8e78fcbaffae2e173"
"4","AI & Movement","8c2f7ebc9","2017-09-09","sipertruk","Prevent sending expired mail (#2340)","8c2f7ebc997e613e444a39fa29537d2cd078b8c0"
"5","General Systems","007c1d1b9","2017-09-13","GuybrushGit","Fix NPCs not leaving vanish on death (#2515)","007c1d1b94306665a68bb4618e0ac3631f1a4827"
"2","Combat & Spells","42117a3bb","2017-09-18","GuybrushGit","Fixes to Paladin spell procs (#2471)","42117a3bbed600e7e02a4a8fbe56ee4c230e4628"
"5","General Systems","a2d5303be","2017-10-03","Gemt","fix gothik trash respawning after gothik is dead","a2d5303be206defcac7d14853e46c057c6052cb7"
"2","Combat & Spells","fb972a6fb","2017-10-02","brotalnia","Merge pull request #2741 from brotalnia/spell_attack","fb972a6fb3bd09a4a99df4f22d1fd91da0a6bdc9"
"5","Encounters & World","e9e5e87a3","2017-10-02","brotalnia","Merge pull request #2748 from GuybrushGit/issue-185","e9e5e87a3427265314e255ada14e3878c1321791"
"5","Encounters & World","9629683a2","2017-10-02","brotalnia","Merge pull request #2658 from brotalnia/migrations_sql","9629683a247becb18123b643bd8062b75809365c"
"5","General Systems","50f375943","2017-10-02","Gemt","4hm voidzone placement improvement to avoid them randomly falling through the ground","50f3759434a8f398e67f054708d00d3f28cbd638"
"5","Encounters & World","fbf4fec95","2017-10-01","Kittnz","Scourge Event: Adjust time to 0000-00-00 00:00:00","fbf4fec95bcbed8d06736c65bbefd5249277a23f"
"5","Encounters & World","8f75a5e1b","2017-10-01","Gemt","remove starting of scourge event from naxx_event.sql","8f75a5e1bef571fbd2e19efc67bccfe1abe7a6b3"
"1","Crashes & Security","883925539","2017-10-01","brotalnia","Fix mount exchange quests.","8839255393a7315e3373e4ac9874c4a4e2729323"
"5","General Systems","831ea4eec","2017-09-30","Gemt","faerlina widows embrace delay enrage fix","831ea4eec308aaa201733ab2913f1464765811d5"
"2","Combat & Spells","650a9434b","2017-09-29","Gemt","inevitable doom cant be resisted","650a9434b5a6c41856e631e28af068647a481596"
"2","Combat & Spells","6d5e00fb0","2017-09-29","GuybrushGit","Prevent proc spells from breaking CC (#2506)","6d5e00fb0d075559d28e2311b84a156f57f76b00"
"2","Combat & Spells","0384814de","2017-09-29","GuybrushGit","Fix to mechanic resistance talents (#2727)","0384814de2ce2d5e3577425b22b5261981eb0a83"
"5","Encounters & World","8d12e5742","2017-09-28","Gemt","dont add interractable flag to naxx boss-gates after a wipe","8d12e574225891b04207c045585cf85f4e048114"
"2","Combat & Spells","84a8b7d40","2017-09-28","GuybrushGit","Fix to combat pulse on wipe (#2794)","84a8b7d4051489d84911fafe4bee6ad99564163d"
"5","Encounters & World","93e5394b6","2017-09-26","Gemt","Merge pull request #2725 from GuybrushGit/wetlandsFishing","93e5394b6e75f8a2b446f22b10b5870a31ce95e4"
"1","Crashes & Security","52e22c056","2017-09-26","Gemt","change order of some checks in KT update to get rid of potential race condition where boss wont reset propperly","52e22c056b07793917f2be1a4d506d3e0663f1ff"
"5","Encounters & World","e5979fda4","2017-09-26","Gemt","gothik adds now despawn after 7min ooc if somehow not despawned by boss.","e5979fda44d8706e88cfb8ff12591f8d82d362c8"
"2","Combat & Spells","1f97df952","2017-09-26","Gemt","remove custom KT combat pulse after addition of general creature combat pulsing","1f97df9522e40eb2ed8837e86db364b9bed9f41a"
"5","Encounters & World","19810d46b","2017-09-15","GuybrushGit","Fixes to Horde Field Duty event. (#2348)","19810d46bd3b9916f02efba16b6e3c153b50d9ff"
"4","AI & Movement","78dd4da56","2017-09-18","Prithu","Implemented a mutex for async unit movespline updates to prevent a race condition. The condition is as such: (#2610)","78dd4da5620fe94109a4de5c0bd667eed200ea11"
"4","AI & Movement","e39407294","2017-09-18","GuybrushGit","Removed distance limits from raid loot (#2433)","e39407294b7b24ead4a92fbfd8d3ce01854fec5e"
"2","Combat & Spells","39a844558","2017-09-09","GuybrushGit","Implemented the combat pulse on raid bosses (#2338)","39a84455823fe9b2b770181aab3fc7987793cb52"
"5","Core Architecture","0b38102b5","2017-09-26","Gemt","Replace hardcoded Areatrigger for naxx exit after reset with specialcase in Player::LoadFromDB","0b38102b5eb07a6980ddd2da514e7703eae6066a"
"5","Encounters & World","f4af77e39","2017-09-24","Gemt","hacky fix for the lack of an exit areatrigger in naxxramas. This will make it so players inside naxx will be ported outside if the instance they are logging into has reset","f4af77e39822aaac42ce6e79a50138b4f04447f0"
"2","Combat & Spells","8a74226ba","2017-09-24","Gemt","all places which use RemoveSpellsCausingAura with arg for SPELL_AURA_MOD_CHARM now also call it with arg SPELL_AURA_AOE_CHARM","8a74226baaef7a31c03b29e4801b020339afec8e"
"2","Combat & Spells","d0f920e56","2017-09-24","Gemt","KT combat pulsing","d0f920e56c156c72f059d0a0a0ee0f74a45af491"
"2","Combat & Spells","4b3dab10b","2017-09-24","Gemt","loatheb: fix spells sometimes not being successfully cast","4b3dab10b74839f20e7ccc104d6df2939be657ff"
"4","AI & Movement","3d923aa1d","2017-09-24","Gemt","4hm replace custom target selection with Creature::SelectAttackingTarget. Fix zeliek not re-casting holy-wrath if he failed acquiring a target once","3d923aa1d8503b995ec94e753e7a84165083792a"
"4","AI & Movement","c0003f5fb","2017-09-23","Gemt","gothik: gate opening logic cleanup. shadowbolt target selection using los flag. Periodically checking if all players on one side are dead to open gate early if a wipe happens on one side during p2.","c0003f5fbc6cfb910a976ad2291f661a35ea1bd6"
"5","Core Architecture","cf0cddfae","2017-09-23","Gemt","make sure KT can reset properly if somehow all players die during the 20 first seconds of p1","cf0cddfae28869ce7150ecd1eff9c009fe0c1cca"
"5","General Systems","dc5fb4f00","2017-09-23","Gemt","attemptfix rare bug where KT does not reset health after a wipe in p2/3","dc5fb4f006d053f6f7bf9a2865c7730fd1b569fd"
"5","General Systems","4aa891d0d","2017-09-23","Gemt","fix an addspawn bug on gothik","4aa891d0dc711c2e9b544061cd2a544359211431"
"2","Combat & Spells","626455d5c","2017-09-23","Gemt","kt some spell overlap prevention logic","626455d5c07188b10b643b65b04ca6f1c2ae65cb"
"2","Combat & Spells","0c1800896","2017-09-23","Gemt","misc stat updates DK wing","0c18008969ebc511099d1dc7a3cd909ba5de076e"
"5","General Systems","00b38281f","2017-09-22","Gemt","pw targetting updates","00b38281feaa7cb4db2bde2dc3e739e902e72e2c"
"5","Encounters & World","85a717817","2017-09-21","Kittnz","Event: Add gameobjects of AQ Gate to game_event. (#2680)","85a71781757558514993ca62122566136fe4bd46"
"4","AI & Movement","3ed58547e","2017-09-21","Gemt","sapphiron: remove unnecessary MoveChase after airphase landing, likely cause of bug where boss runs off to a side for a while after airphase","3ed58547edf66652723779173d157d23cde0fabe"
"5","General Systems","6d2c3297a","2017-09-21","Gemt","gothik gate fix take 98708","6d2c3297a9c94059be132943ae5de7e42704584a"
"2","Combat & Spells","b026f0bea","2017-09-21","GuybrushGit","Fix self damage not working with Sacrifice / Soul Link (#2635)","b026f0bea9b7f51b836526c34abbbffc85d1d92f"
"5","General Systems","ec87ab315","2017-09-21","shenna","Antispam system update","ec87ab3155357dff2e9cea69bd9901f171044b1a"
"1","Crashes & Security","58dbb945b","2017-09-21","brotalnia","Crash fix attempt for quest Triage","58dbb945b68b651e3a4b2fb7edef8b1509958b4a"
"2","Combat & Spells","970254dff","2017-09-20","brotalnia","Remember to drop procedure once we are done.","970254dff8a1792bb1ae76c49879e027dac7a6c2"
"5","Encounters & World","b495933ba","2017-09-19","Gemt","removing dead bosses in naxx on respawn if GetData() == done. Fixes gothik respawn","b495933ba3aa49f2ce7047b096ae01e8e24e0ad6"
"5","General Systems","1b3a13321","2017-09-19","Gemt","heigan additional HandleEvadeOutOfHome check","1b3a133210c8ba0178d9dc613fd7c3a52c27b6c7"
"4","AI & Movement","a25d5f9c1","2017-09-19","GuybrushGit","Primordial Behemoth AI (#2627)","a25d5f9c171daf139d7869e02d269685a7200e17"
"5","General Systems","8541a7b12","2017-09-18","Gemt","smarter checking if kt dead for bigglesworth yell","8541a7b128b9654d623cfb865917985373ace3c5"
"4","AI & Movement","86b7b2570","2017-09-18","Gemt","2 missing creature links gauntlet before heigan","86b7b257053a0e8115762616a45d3dcc5db3fcb1"
"5","General Systems","17565bd1d","2017-09-18","Ryan Cheung","Fix a typo (#2630)","17565bd1d365554a41f4d6680813fa72d237209a"
"5","Encounters & World","b1a449331","2017-09-18","Gemt","SetLootAndXPModDist for naxx bosses","b1a4493315cf1d32dcb91cbb5f0e1ca9971a8568"
"5","Encounters & World","323e8c277","2017-09-17","Gemt","cd on KTs kill scripttexts","323e8c277de94036a4652c4242236dbcc8a5a10a"
"5","General Systems","fb3192ac7","2017-09-17","Gemt","fix omarion gossip dialogue","fb3192ac7865d3bb5181934f9b09ec3b5b2797cf"
"4","AI & Movement","a8fef4723","2017-09-17","Gemt","misc missing creature linking in naxx","a8fef47236eb8bfa9e8b7cec144193e151d18143"
"2","Combat & Spells","5cab50cc5","2017-09-17","Gemt","3, not 2 shackles b4 dispell on kelthuzad","5cab50cc5517cfbad4d72422a06fe347e703c19d"
"5","General Systems","285abd020","2017-09-17","Gemt","Guardians of icecrown immuneflags and dmg","285abd020e24ce8db9b94b40683c1b8bb9a370cf"
"5","General Systems","0504025bc","2017-09-16","brotalnia","Some gossip and other misc fixes.","0504025bcc540994ff9894e19f90c6917603ffc3"
"5","General Systems","825b9eaf1","2017-09-16","Gemt","take 2 ToT bug hackfix","825b9eaf1252f255789f8dc7baa0aad7a1ebef35"
"4","AI & Movement","0891b8705","2017-09-15","Gemt","playerai dont attack other MCed players. hostile to pther players bug after charm ends hopefully fixed","0891b8705316bc8c778f4727a788724301bb9e98"
"5","Encounters & World","a35859c26","2017-09-15","Adam Peterson","Fixed Triage quest PVP flag bug (#2483)","a35859c2694e697f37c21ce174aef66a23bb796d"
"2","Combat & Spells","a5edbae74","2017-09-15","Prithu","Prevent dangling pointers being added to channeled spells if the aura cannot be added to a target (#2562)","a5edbae742eee6358b90b1d0e7be62d893d6b71d"
"2","Combat & Spells","d4ea00181","2017-09-14","Gemt","forward decl SpellEntry in ZoneScript.h","d4ea00181c186e09d611baba2b6cbb6bf40b49c9"
"2","Combat & Spells","a2a9b794c","2017-09-14","Gemt","buildfixes AuraRemovalMgr and InstanceStatistics","a2a9b794c999163f5232960d9906d7c2165e6898"
"5","Encounters & World","d2e02b249","2017-09-14","Gemt","timing fix in ashbringer SM event","d2e02b249cdac68935c74ecb7df81bc31b24ca59"
"2","Combat & Spells","743daa710","2017-09-14","Gemt","ashbringer player aura to passive","743daa710b2884c21bb3e5f30a7e92012843fc18"
"2","Combat & Spells","d4f80ac66","2017-09-14","Gemt","remove unnecesary spell_effect_mod for 28442","d4f80ac66b6dad66213e04bedc0dcfc3d64c86d9"
"5","Encounters & World","372541982","2017-09-14","Gemt","sm event timing and facing fix","3725419821499bb195698bcc39e488d6d847f503"
"2","Combat & Spells","dcd54a437","2017-09-14","Gemt","instancestatistics: dont kill the kitty","dcd54a43702c61c96648de49b4608988a2bfa18d"
"5","Encounters & World","dcc292ae1","2017-09-14","Gemt","ashbringer SM event","dcc292ae1e98dab2ab3d62fccca59f1347b7b76c"
"2","Combat & Spells","0be0ed701","2017-09-13","Gemt","threadsafety in InstanceStatistics class. Added table for custom instance statistic counters","0be0ed70123d2179a1e3ce3585ecfdf5dca4954b"
"2","Combat & Spells","1cc4575d6","2017-09-14","Prithu","Allow creatures to cast positive spells on other creatures again (#2567)","1cc4575d692a3f00fc36d116f397da54a73b39d0"
"4","AI & Movement","96107018b","2017-09-13","GuybrushGit","Fix to Improved Mend Pet talent. (#2281)","96107018b13660b7437a79c36a8adae0b7fe89c1"
"2","Combat & Spells","925aa164b","2017-09-13","GuybrushGit","Aura stacking issues (#2421)","925aa164bee6d1e8377802433cab96b40ef6df00"
"4","AI & Movement","72dbd4d20","2017-09-13","GuybrushGit","Prevent pet pulling Magistrate and techies (#2492)","72dbd4d203379f3e4c0e19dd9a1a5a354c9541cd"
"2","Combat & Spells","52b01ccf2","2017-09-13","Gemt","instanceStatistics table instance_creature_kills now use map,creature,spell as PK. Improved handling of 4hm wipe counter","52b01ccf2d00516281f926b655c1041f75a2b48f"
"2","Combat & Spells","e748ee93b","2017-09-12","Gemt","Initial logic for Instance statistics. Table containing boss wipes in instances. Requires some custom implementation. Table containing player death counter to any creature in an instance. Logic for death by spell is wip.","e748ee93b56a2e511666e00209b26d36aa25af0c"
"2","Combat & Spells","2b2cebe7c","2017-09-12","Gemt","reload command for dbtable used by SpellAuraRemovalMgr","2b2cebe7c2ca9f113b8bb9490f84299eb2640539"
"2","Combat & Spells","815204654","2017-09-12","Gemt","flags for horde and alliance specific auras added to auraRemovalMgr and table","81520465490244bdeed5334b36eefefda73922a5"
"4","AI & Movement","02443f9e7","2017-09-12","Gemt","check m_caster ptr validity in Chains of Kel'Thuzad (28408) handling","02443f9e71c921d19c2d9133d5c19df1caec3cac"
"5","Core Architecture","308944ddd","2017-09-12","Gemt","check for nullptr before using player ptr during thaddius polarity target selection","308944dddabf7b09d4eaadf5dc28567080ffd2e5"
"2","Combat & Spells","352de1d34","2017-09-12","Gemt","small comment in AuraRemovalMgr.h","352de1d3432b659bff348fdbece4f13a77f30c7f"
"5","Encounters & World","298fbaca9","2017-09-12","brotalnia","Expand quest greeting implementation. (#2530)","298fbaca94320d4382fbfe75338879d8c9ebff4a"
"5","Encounters & World","2a3478904","2017-06-29","WobLight","Revert ""Map::Update: prevent small lag spikes from stacking delay on timers. (#1032)""","2a3478904fde32dbfe980bf96fd2273b841f240e"
"5","Core Architecture","073486285","2017-09-12","Prithu Parker","Revert ""Do not instantly kick players who get disconnected while they're teleported far""","07348628590386a5e19bc7258c0596d346550c07"
"2","Combat & Spells","68ff0500d","2017-09-11","Gemt","replace naxxramas specific custom implementation of aura removal in OnPlayerEnter with new AuraRemovalMgr system","68ff0500d2f5db460d058588f34b8992ac658e89"
"1","Crashes & Security","368d78858","2017-09-11","Gemt","new system for customizing removal of auras from players on map changes. DB Table instance_buff_removal contains fields mapId and auraId. When a player enters mapId, auras speicified in this table are removed from the player.","368d788583bad0ae4bed1876ec0a6ef82e2a44d9"
"2","Combat & Spells","10a58e326","2017-06-29","Prithu","Revert ""Fix area aura and channel spell tick loss by syncing updates with the caster (#1099)""","10a58e326b4534525b976d425b13590834f2fe38"
"4","AI & Movement","284b38832","2017-09-11","Prithu Parker","Revert ""WIP: Resolve a memory sink in MMap dtNavMeshQuery handling, and improve thread safety for tile (un)loading (#2092)""","284b38832c1c9907034a375e69f1fe974f4880e9"
"5","General Systems","ddce26c02","2017-09-11","brotalnia","Fix unicode texts in last migration.","ddce26c02d655ce35b6b4628d1bf97df48c0dc85"
"1","Crashes & Security","c2eb440af","2017-09-11","brotalnia","Misc movement changes for some npcs.","c2eb440af0bb4575cd03ae4db988d5a855aa0f6a"
"4","AI & Movement","54e22a934","2017-09-10","Gemt","Make the shadow/ice guard repetable","54e22a934106fe459758bd4bdb11199b459471f8"
"5","General Systems","c5a7642ea","2017-09-09","Gemt","unholy axe correct targetting of mortal strike","c5a7642ea2b6f3de6ee3edae06dbacf6a721827a"
"2","Combat & Spells","5f5e47ba9","2017-09-09","Gemt","TemporarySummon forceTargetUpdate timer not starting until after entering combat","5f5e47ba966e20ed9ce11898cbbae6904e10e71e"
"5","Core Architecture","f2f1d1f15","2017-09-09","Gemt","fix scourge invasion resume fix on server startup when required map not loaded","f2f1d1f159f6572a4cc48699cbdd4b14b91b9870"
"5","General Systems","3c79c4c95","2017-09-09","Gemt","faction correction for Lord Blackwood","3c79c4c95c728b84a97bfe6aad00b8c9c5dde624"
"5","General Systems","600b8e706","2017-09-09","Gemt","lightning totems (naxx) despawn after killed to avoid tons of lightning totem corpses all over the place. Misc comment and logging fixes","600b8e7063d94120264d3de68f4775a8e5a62ea2"
"2","Combat & Spells","a0dc6e851","2017-09-09","Gemt","fix sapphiron air to ground phase state","a0dc6e8517f7ac0c20734b480103766075587d26"
"5","General Systems","fc4149cea","2017-09-09","Gemt","fate of ramaladni droprate fix","fc4149ceaf6778fc27faa4c1ad81fdfa831e16f3"
"5","Encounters & World","c8572ab61","2017-09-08","Gemt","KT prevent overlap of frost blast and fissure","c8572ab6163fd974b95fe24c6f1a383e679e672c"
"5","Encounters & World","df06dc398","2017-09-09","Ryan Cheung","Fix Tactical Task Briefing item quests(should all be repeatable) (#2076)","df06dc398f9c01ce4630ac3ef96e46ff40021749"
"5","General Systems","e22c3e0e8","2017-09-08","Gemt","quickfix add not always respawning on necrotic shards","e22c3e0e8ded33011ed06138bdfeb20bc605c841"
"5","Core Architecture","a1b2eceac","2017-09-08","Gemt","necrotic shard should, if hit by a player heal, not take any healing","a1b2eceacfef1748ce50502b684c6fe43e0b8e14"
"2","Combat & Spells","94a09d6e5","2017-09-08","Gemt","creatureAI::HealedBy now functioning like DamageTaken, where it can override healing done to a creature","94a09d6e52822bd867fb8d6121ee79c73b6c66c4"
"5","Encounters & World","c487fc50d","2017-09-08","Gemt","necropolises during scourge event respawn every 60 min","c487fc50dd2877b9ac55954e2cd8237f2ab2dd35"
"2","Combat & Spells","da189bbb2","2017-09-07","Gemt","fix wands shoot spell gaining double benefit from auras increasing damage percentage (guybrush credit)","da189bbb2bbacc75c6fb5d78985b50b5b1324790"
"2","Combat & Spells","2e9c3b697","2017-09-07","Gemt","replace hack to avoid spells in naxx triggered from a channel interrupting themself, with removal of SPELL_ATTR_EX_CHANNELED_1 and SPELL_ATTR_EX_CHANNELED_2","2e9c3b6974aae47d60eb3a2d47a826570c6ea600"
"5","Encounters & World","da8acccd2","2017-09-06","Maduse","Fixed loot table for Grunnda Wolfheart and Rethban ore (#2414)","da8acccd2223eae3677db79d0d450b1577782fb8"
"5","Encounters & World","93092aa31","2017-09-06","brotalnia","Fix emissary and flag spawns for Call to Arms events. (#2350)","93092aa3120f4f1e906fddee00a161d3cb8582db"
"5","General Systems","8dae65b10","2017-09-05","Gemt","fix necropolis relay despawn timer logic","8dae65b1003f76014ee85ebfd05b28457f038ce7"
"2","Combat & Spells","e1d1cefe3","2017-09-05","Gemt","fix Zap Crystal spell targeting","e1d1cefe3e2d04b2548ab47928977a30afd6bffc"
"3","Bounds & Exploits","1d65e2583","2017-09-06","Prithu","An item duplication prevention (#2411)","1d65e25837c654c0158565ae1ada90ee77a0cc5f"
"5","Encounters & World","fcbfd34e7","2017-09-05","brotalnia","Improve implementation of quest Are We There, Yeti? Part 3 (#2400)","fcbfd34e7534a7e5185797242ddd260dc6dd3ad6"
"1","Crashes & Security","0ae5fc8a9","2017-09-05","Prithu Parker","Adjusted hit chance changes to properly account for PvP and PvE differences","0ae5fc8a9d5257409874f39557560f0dc9eeb973"
"5","General Systems","3186c22a2","2017-09-05","Prithu","Further Viscidus improvements (#2407)","3186c22a2dd03f2b37c4b17ec67c6681a9b0fd6f"
"5","Encounters & World","d019a497b","2017-09-05","Gemt","move t3 ring faction condition to reference_loot_template","d019a497bfe4f9cb85e6b1f772880f92359532af"
"2","Combat & Spells","72101c068","2017-09-05","Gemt","fix haste aura spell","72101c0687acf5ea6bb358b0d7b9a85105a4e19c"
"2","Combat & Spells","788a169e3","2017-09-05","GuybrushGit","Interrupt spells on resurrect / release (#2383)","788a169e3e3175707adefb54eb873742931158b1"
"5","Encounters & World","4ef14712f","2017-09-05","Gemt","tier rings to faction specific loot (guybrushcredit)","4ef14712f999b573e95858a3dbb3d6b8a3feb819"
"5","Encounters & World","3c4c9ca6e","2017-09-05","Prithu","Quest ordering for Missing Diplomat, 1249 should not open both 1250 and 1264 (#2405)","3c4c9ca6e06b7e3bdfa22e5751454f7cf1228510"
"2","Combat & Spells","f11d60c97","2017-09-05","GuybrushGit","Fix spell_pet_auras startup error (#2403)","f11d60c9734b4ca5806e7e567aa14d01465920c1"
"4","AI & Movement","72dbbfc47","2017-09-05","GuybrushGit","Fix to dismissed pets losing buffs (#2324)","72dbbfc4712b041e27639ddbef185e5fef15e70b"
"5","Encounters & World","56b33e62a","2017-09-05","GuybrushGit","Fix to quest rewards with 2 or more items (#2279)","56b33e62a14ba7a6046b22f8fdcb75b25d770726"
"5","Encounters & World","a35d4c04c","2017-09-05","Prithu Parker","Loot conditions on trash drops","a35d4c04cdd8c07d3e9e4f1bd0c2e16774af249b"
"5","Encounters & World","2e000aaa7","2017-09-04","Gemt","gossip script impl for omarion. Handles all craft options and his handbook","2e000aaa7981495e668920a22d07716db5c1cf1c"
"5","Encounters & World","7a7d4dbc9","2017-09-04","Gemt","quest the only song i know requires quest echoes of war to be completed. All other quests from craftsman wilhelm requires quest Omarions handbook completed. craftsman omarion given scriptname. Quest Echoes of war requires naxxramas attunement quest completed. Added scripttext to be used as spit emote by omarion. Added omarion scripttext perhaps i can teach you something.","7a7d4dbc927b3f850134eb3015cb38ada1b1e245"
"5","Encounters & World","25652b470","2017-09-04","Gemt","boneschyte legplates quest requires class rogue","25652b470e0bdec8288455a093cfd8f0e4fed2cb"
"5","Encounters & World","f0185dbff","2017-09-05","Prithu Parker","Allow hard coded events to dictate next update time as well","f0185dbffdf42cf9fd4fe2c92b874c74c69e5639"
"1","Crashes & Security","714783e80","2017-09-05","Prithu Parker","Prevent crashing in sourge invasion if the world is not preloaded","714783e80abb8066deb8bbe3dcd983f876920c6c"
"1","Crashes & Security","112904fbb","2017-09-05","Prithu Parker","Use cached dispel info Rework when to check for Corrupted Mind Used helper for heal spells Prevent PW:S from being castable","112904fbb09c269e21ee78f59b75030a4de42f64"
"2","Combat & Spells","ae5949736","2017-09-04","Gemt","revert argent quartermaster to original state. no script needed","ae5949736e6e35dc71454b63aa30d052a62abee4"
"5","Encounters & World","041ebe301","2017-09-04","Gemt","argent outfitter no longer provides the item quests","041ebe3018d553cd2bf9c667f5b077f4ba98bc85"
"5","Encounters & World","17a723637","2017-09-04","Gemt","fix argent quartermaster and outfitter to display info when not completed required quest, otherwise item quests. Fix Argent Emissary to display no current attack message when a zone is not under attack, instead of always showing the under attack message","17a723637f85c89128e4cdcf3476fae434173b80"
"2","Combat & Spells","ca1c12fff","2017-09-04","GuybrushGit","Store diminish level on aura holder to prevent modifying it on every heartbeat. (#2390)","ca1c12fff09d8f802788901d3f0bc43284c64325"
"5","General Systems","7e000041e","2017-09-04","Gemt","retching plague fix by Guybrush","7e000041e25ab331480ccd7aaac3cd1815eed1c5"
"4","AI & Movement","93a61f8f8","2017-09-04","brotalnia","Remove creature addon entry for Bloodshot duplicate.","93a61f8f8e08952cc80badb05cdf6cf155326652"
"4","AI & Movement","2a29debac","2017-09-04","Gemt","fix creature_ai_scripts id for crypt reaver","2a29debacbdedbb264e0382e49f45a891be039bb"
"1","Crashes & Security","5e37b093b","2017-09-03","Gemt","fix initial worlstate on player login and zonechange","5e37b093b94468c63e15eda573a8c4ad598a5257"
"5","General Systems","d6d555a4d","2017-09-03","Gemt","fix a GossipSelect_npc_argent_emissary back option","d6d555a4d074030fb0cda5a00be1c09737eb2c51"
"2","Combat & Spells","08c7fda3f","2017-09-03","Gemt","update worlstate for remaining necropolis in ScourgeInvasionEvent::UpdateWorldState","08c7fda3f3078a0b89720009aad90838b05dbf9f"
"1","Crashes & Security","e8a5c1886","2017-09-03","Gemt","fix worldstate update after attackzone change","e8a5c1886d46241793d07469d5f237a3b2457d02"
"5","Encounters & World","b9e325ddf","2017-09-03","brotalnia","Argent Outfitter and Quartermaster are not vendors.","b9e325ddfba1d6bde5c44264945f555a0d28e7ae"
"5","Encounters & World","2562b2e6f","2017-09-03","Gemt","naxx invasion event moved spawn logic of attack necropolises to a hardcodedGameEvent.","2562b2e6f449ceca9a773675d76b03b02514dc5d"
"2","Combat & Spells","e9e66dc32","2017-09-03","Gemt","naxx invasion event sql: delete mobs and gobjs spawned by new hardcodedEvent. Fix some missing spelltarget stuff, add visibilitymod to relevant creatures","e9e66dc326101704f2b4479c84fe74c944af4881"
"5","Encounters & World","410569598","2017-09-03","Gemt","remove unused scriptname from corpse scarabs","41056959857947b0fbcf3daa68618e3d912dd6b0"
"4","AI & Movement","48f5ffb28","2017-09-02","GuybrushGit","Fix to SM Morgraine event (#2353)","48f5ffb2822d6dc5f452ad68cb57ae9e2208c0d1"
"5","Encounters & World","bc55977d4","2017-09-03","Prithu","Reworked the Shade of Hakkar/Avatar of Hakkar event in Sunken Temple (#2368)","bc55977d4a8e0e5e2c6539b59e8220677bf81c47"
"2","Combat & Spells","88438b200","2017-09-02","GuybrushGit","Fix to procs on Sunder misses. (#2357)","88438b2001a44bc0f21286ac546b52be96d184d5"
"2","Combat & Spells","d9c1857ec","2017-09-02","GuybrushGit","Fix to extra attacks not releasing on swing attacks (#2359)","d9c1857ecc95986b62b9725433a796d46203f8c9"
"1","Crashes & Security","54608c23e","2017-09-03","Prithu","Misc memory leaks and pointer safety (#2363)","54608c23e9998d222dc16e7d9964e5e2d3d8e357"
"4","AI & Movement","16e9e9554","2017-09-02","brotalnia","Remove duplicate spawn of creature Bloodshot.","16e9e9554125a61cab3b49e6ea07b0d6a9f4e16e"
"5","General Systems","e1ed21a32","2017-09-01","GuybrushGit","Fixes to T3 set bonuses (#2307)","e1ed21a32fc25f56850c2a11c1973e536ae737d3"
"5","General Systems","bf6262248","2017-09-02","shenna","Wrong syntax fix","bf6262248a682bbd50aa5912c8b2891c637d3627"
"4","AI & Movement","57cd5c4fd","2017-09-01","Gemt","update Creature::SaveToDB to work with new visibilityMod column in creature DB table","57cd5c4fd46d8d289683534076a39281d6c7c9b1"
"5","Encounters & World","432638243","2017-09-01","Gemt","update GameObject::SaveToDB to work with new visibilityMod column in gameobject DB table","43263824339f281b1026853a5036c33812e39f23"
"2","Combat & Spells","256fbb789","2017-09-01","Gemt","storing necropolises for each zone in their own static collection. Fix logic for figuring out if all necropolises in a zone are destroyed, and add some logging","256fbb78905bce2e26089eb0cdbcecf366fa6894"
"2","Combat & Spells","1c73070df","2017-09-01","Gemt","naxx return true in instance_naxxramas::IsEncounterInProgress if status is SPECIAL. Remove wbuffs on entering instance (needs config variable)","1c73070df8e5aa0b2cc771fc34ce1757bf5305c4"
"2","Combat & Spells","0c6a77251","2017-08-31","Gemt","remove visibility update where no longer needed. Hackfix with static collection to keep track of necropolises in same zone","0c6a77251882f2afe80497f9f2149889038e4168"
"5","Core Architecture","cf3a45614","2017-08-31","Gemt","make necropolises, proxies, and shards have long visibility distance. Make relays be invisible to players. M","cf3a456148da22fe234bff14a89fc652c16f2ac5"
"5","Core Architecture","a7f8c58c6","2017-08-31","Prithu Parker","Implement customisable visibility modifier for world objects that allows draw distance to extend beyond normal distance - This can only be used for active objects, as they are the only objects that will update outside of normal draw distance - Active objects are stored on the map, and added to player visibility updates based on their visibility modifier (or standard draw distance if none)","a7f8c58c6077f1a57ad808428d06f113d30caa84"
"4","AI & Movement","c58d02780","2017-08-31","Prithu Parker","Added visibilitymod property to creatures and game objects Add visibility mod to NPC info","c58d027807b639cc6affc1c9163a1b936bcfa4bc"
"2","Combat & Spells","57076a785","2017-08-30","Gemt","playerai improvements: melees turning towards their target fixed. Hunters always using autoshot. Removed a bunch of useless priest spells.","57076a78586f84c78a574cd7c643dcc696eeb9e4"
"1","Crashes & Security","9b161a6a6","2017-08-30","Gemt","big creature update based on bestiary book. Fixed unholy frenzy for spectral riders, added whirlwind to spectral deathknight, added execute to patchwork golem and misc hp and dmg changes","9b161a6a6629c8cb0d5ee548c85f5631f39e85e3"
"5","General Systems","826425791","2017-08-30","GuybrushGit","Improvements to lookup command (#2321)","8264257918afe49514a5c9a68419572391b978e1"
"2","Combat & Spells","0b142c676","2017-08-30","Gemt","renamed all death knights to deathknight. Deathknight creature got haste aura","0b142c6761dfd3ac1d5c5d886625ebf7aa0aa29a"
"5","General Systems","03773b8d7","2017-08-30","Gemt","increase dmg of guardian of icecrown","03773b8d7a2280a1753e60d6381ade829efab355"
"2","Combat & Spells","416876afa","2017-08-30","Gemt","shadow fissure timer until damage reduced","416876afa6293654bc614fbf92f4aaa951e35d88"
"4","AI & Movement","b66e28c11","2017-08-30","Gemt","fix scale of spectral trainee","b66e28c11ac27ac6ce717cc5507530fb40649824"
"2","Combat & Spells","9c83fd66b","2017-08-30","Gemt","spectral (ud) adds on gothik immune to all spell-damage","9c83fd66bda45e95e4948b82e3b8f945332ae78b"
"1","Crashes & Security","cf7f6b3c0","2017-08-30","Gemt","change instance_naxxramas from ScriptedInstance_PTR to ScriptedInstance","cf7f6b3c0d17419d6b3c99b6206c2f5fc092e456"
"2","Combat & Spells","d428a4099","2017-08-30","Gemt","reinstated quest requirement on naxxramas entrance","d428a40992f2b05718eb17b490e1047075b0838b"
"5","General Systems","4fff01627","2017-08-30","kampeador","Viscidus improvements. (#2178)","4fff0162746436d61a72822f72543a919109fe70"
"5","Encounters & World","e7224af0b","2017-08-30","Prithu","Add race requirements to Engineering specialization quests to prevent Horde taking the Alliance quests and vice versa (#2309)","e7224af0bbd89ef14c0b4cb87d1cff2e72f78c70"
"5","General Systems","73fc0f707","2017-08-29","Gemt","remove incorrect UpdateVisibility(false);","73fc0f70722b6c5bef2505cd6a68795ab225ae32"
"5","Encounters & World","a52b75b96","2017-08-29","Kittnz","Event/Scourge Invasion: Add visibility for the relay npc","a52b75b961ecbdd0a7a9608abaf95a87527e6241"
"5","General Systems","925bc9d7f","2017-08-30","Prithu","Implement stricter unreachable target checking (#2304)","925bc9d7f85f6b1d570cbb8784af27c0dbaf135e"
"2","Combat & Spells","f0b06c459","2017-08-29","Gemt","all spellcasts in JustDied for world_event_naxxramas creatures now use CAST_TRIGGERED","f0b06c459ca09769c0b64ed7af5d18333ece086a"
"2","Combat & Spells","a15ff59b0","2017-08-29","Gemt","EnterEvadeIfOutOfCombatArea impl for sylvanas and varimathras","a15ff59b02453b4526dabdb40ef3a001832d8486"
"4","AI & Movement","997622bf1","2017-08-28","Gemt","try stopping playerAI from autoattacking while feared or sheeped","997622bf188585bad3c224afd68820f455afd535"
"4","AI & Movement","f90af3399","2017-08-28","Gemt","Unit::SelectHostileTarget must check IsValidAttackTarget(caster), where caster is the caster of a taunt. Otherwise MCed creatures with taunt will cause the unit to idle until taunt debuffs dissapears, even if MC breaks","f90af33994bffbf63b67e02afea9ffe404709187"
"1","Crashes & Security","bd9da223b","2017-08-28","Gemt","change anubs corpse explosion timer","bd9da223be3c8c5c5be683920e3141973a535abb"
"5","Encounters & World","79148cd3e","2017-08-28","Gemt","sapphiron cleanup unused events, engaging players 1 sec faster after landing","79148cd3e57098c6eb029af189826c7c925760d3"
"5","General Systems","3297960cb","2017-08-28","Gemt","fix gothik living side tp location","3297960cb20a75a9f4a85442bb2bd736f2ba096f"
"5","General Systems","ef6e759b1","2017-08-27","GuybrushGit","Fix to wrong port when leaving battlegrounds. (#2201)","ef6e759b1cc9934c87cfbcebcb34309c86ef80ad"
"5","General Systems","148f12ee0","2017-08-27","GuybrushGit","Fix to rested exp while online. (#2256)","148f12ee01cb2284e81eceef5e9d56ef9d7d69f1"
"4","AI & Movement","f25331f37","2017-08-27","GuybrushGit","Fixes to Bloodsail and Steamwheedle Cartel reputations (#2222)","f25331f37abec9e20b13125f4819cc995288e452"
"2","Combat & Spells","a0717ef9c","2017-08-28","Prithu","Rework spell proc flags and remove periodic first tick procs (#2227)","a0717ef9c69b7c03781ac7c9db5a0246a659e740"
"5","General Systems","083a0996e","2017-08-27","GuybrushGit","Fix to casting time modifiers not stacking (#2258)","083a0996e7a29447a9d0b574ce39548727a139fa"
"5","Encounters & World","2b5fe4b0f","2017-08-27","brotalnia","Using /who in a battleground should list only players in your instance. (#2268)","2b5fe4b0f055dd5e30e42209208ec15ee991090c"
"5","Encounters & World","6f46fd563","2017-08-28","Prithu","Dragons of Nightmare event rework (#2277)","6f46fd5631543c7593e69262258123aecb9a0083"
"5","Encounters & World","4ccfde460","2017-08-27","brotalnia","Correct level requirement for quest Cuergo's Gold.","4ccfde4604f7eac0d8253d56d89d5c2bb36c53c7"
"5","Encounters & World","b54d2740e","2017-08-27","Kittnz","Event/Scourge Invasion: Fix ZoneNecropolisRemaning, readd InitSavedVariable","b54d2740e2f8bbdc2415ae73c57997e5f57ee6ba"
"4","AI & Movement","13922701e","2017-08-27","Gemt","dont let playerAi attack a victim thats charmed by same charmer","13922701e23a467a08bb0fb8f440523ed59e4ea0"
"5","General Systems","08c5b38a9","2017-08-27","GuybrushGit","Fix to lookup command security levels (#2270)","08c5b38a95351f128c6fc724fcb5d6b02e8d245b"
"4","AI & Movement","aa61c62cb","2017-08-27","Gemt","instance_naxxramas::IsInRightSideGothArea take const unit* to be compatible with other functions. Heigan leash range reduced to 90yd","aa61c62cb7ae8148bab112006f8194a2b5ee7259"
"2","Combat & Spells","364027f35","2017-08-27","Gemt","Aura::HandleModCharm misc hpefully improvements to playerai initialization and combat continuation after 28410 breaks","364027f35e5dc693142671d1abd47547adfc8b48"
"2","Combat & Spells","42e338a8a","2017-08-27","Gemt","playeAI french->english comments, enable positive spells on demand and hopefully an AI more willing to chase its target","42e338a8a50b7c3a7d2eeb98e7ce2cb219e1a9f1"
"5","General Systems","705617dc1","2017-08-26","GuybrushGit","Fix to Emperor Dagran split pulling (#2264)","705617dc1052c166892934ea2d789b6294632b49"
"2","Combat & Spells","258231682","2017-08-26","Gemt","gothik reset threat on tp down for p2","258231682feb663416fd11f7226fa2dc38f20eca"
"5","General Systems","505448dbc","2017-08-26","GuybrushGit","Hard cap to NPC guardians. (#2267)","505448dbcb557e6544378b226288177905f2dad9"
"2","Combat & Spells","f195be790","2017-08-26","Gemt","stitched spewer got back singletarget knockback, moved threat reduction to it","f195be790c3efecbccc75aff63dfaf1a02545fc3"
"3","Bounds & Exploits","88e1948f5","2017-08-26","Gemt","reset heigan hitbox to make exploiting p1 by standing on platform harder","88e1948f5d337e2e9bba5d4e371ae17907749060"
"2","Combat & Spells","51fa95503","2017-08-26","Gemt","thaddius cooldown on slay scripttext","51fa95503c245e41e65cd39e8b092bc7b115f10c"
"2","Combat & Spells","3e3a0bc31","2017-08-26","Gemt","added cooldown on slay scripttext on 4hm","3e3a0bc319c3bdb9d5ccd66c7484993cf5ffa222"
"2","Combat & Spells","b4f2732ca","2017-08-26","Gemt","heigan: added a few extra plague fissures around platform and in tunnel and increased aoe manaburn range by 3yd. Combined it makes it much much harder to avoid p1 by stacking melee in one corner and casters in the other of the platform","b4f2732cab93bf05b425b4374504efad9d99950b"
"2","Combat & Spells","def84b766","2017-08-26","Gemt","increase damage of death knight understudy","def84b76663cf57f9fdd237f05d0b02e65503f6a"
"2","Combat & Spells","1a54670ce","2017-08-26","Gemt","increase damage of living monstrosity","1a54670ce3fc869e7ac994df1e1436a1815ce3b6"
"5","General Systems","49dde1c51","2017-08-26","Gemt","fix noth blacony wave timers","49dde1c510418cbc42b8be72f92579edf07e279a"
"4","AI & Movement","20f9a7eaf","2017-08-26","Gemt","remove silver-haired version of deathkngith captain model","20f9a7eaf493b0caf12b162dc26c0200e44215f8"
"4","AI & Movement","8e1f0cef1","2017-08-26","Gemt","sapphiron blizzard following slightly longer and walking slightly faster","8e1f0cef1c329b7925af87abdbe5f7d5416c008b"
"2","Combat & Spells","7d0d47785","2017-08-26","Gemt","remove event for despawning bile sludges. Add duration aka despawntime to clone bile sludge spell. Bile sludges now despawn after 5 min as in dbcs","7d0d47785c51e19b3bbf053673ad93392ddc1936"
"2","Combat & Spells","617508e40","2017-08-25","Gemt","Surgical Assistant Mind Flay Chain damage","617508e40c8b36cfc84d0862d4b73404568b056a"
"4","AI & Movement","6c8895752","2017-08-25","Gemt","death knight captain immune disarm","6c889575220f4b48092b611e9ec9a42600fec2c6"
"2","Combat & Spells","7e3cfec72","2017-08-25","GuybrushGit","Prevent melee miss on sitting targets. (#2247)","7e3cfec7277aed3af429987711c1adae64ffda6c"
"4","AI & Movement","f1c9d35ae","2017-08-24","Gemt","sapp: attemptfix blizzard following under ground and sapphiron initial target after airphase","f1c9d35ae43a91816ba26128295ecb57cef583c9"
"4","AI & Movement","c6538c71d","2017-08-24","Kittnz","Event/Scourge Invasion: Fix factions for several creatures, quests, equipment, game events, add another gob and make blasted lands one fothe default zones","c6538c71df9fbf9587c86ae56d3cb8283db09eae"
"5","General Systems","cbbfd9c99","2017-08-24","Gemt","attempt fix portal of naxxramas not despawning","cbbfd9c994aa9222eca90e0af9cbe8a1a70d40bf"
"5","General Systems","457cdc44e","2017-08-24","Gemt","fix anub corpse scarab limit","457cdc44ef14df35e9d4f1cc819e76f7ed836758"
"2","Combat & Spells","79629cf5d","2017-08-24","Gemt","sapphiron redone airphase timers. No melee autoattack in airphas","79629cf5df0384578d4a70427904fc8053f595a3"
"2","Combat & Spells","21b4b8654","2017-08-24","Gemt","replace MELEE_Z_LIMIT define in Unit::CanReachWithMeleeAttack with a class variable so its possible to deny melee autoattacks","21b4b8654ff07ab482227f58957c37d133300553"
"4","AI & Movement","c42f5c233","2017-08-23","Gemt","another fix for sapphirons blizzard AI","c42f5c233ea56d0d6341b9b33362e4c7dab753bf"
"5","General Systems","4751110fd","2017-08-23","Gemt","fix some colliding GUIDs","4751110fde12b7a29fca7e6e5df811c7eead1007"
"5","General Systems","40c034ecc","2017-08-23","Gemt","maexxna fix poison shock and necrotic poison timers","40c034ecc3be37c3e182c9c7a916a32f67673753"
"5","General Systems","65667caa8","2017-08-23","Gemt","fix lvl and frequency of 4hm void zone","65667caa85f7d683ebbdd8ef740da63dff4250f7"
"5","General Systems","5d2e1eec9","2017-08-23","Prithu Parker","Revert ""Revert ""Fixes to the PvP flag mechanics (#588)""""","5d2e1eec92c855b4cb860cf4199a277925695a0b"
"5","General Systems","344df1214","2017-08-23","GuybrushGit","Fix to Scorpid Poison autocasting (#2187)","344df1214730e7c8d828d5365f2020a10346db88"
"5","General Systems","bdaaee895","2017-08-23","Schwarzschildboy","Fix: Multiple Ranks of JoW/JoL on single target (#1423)","bdaaee8957de45aac5a08a0743797faf1ee56f9e"
"5","Core Architecture","d830aa2a1","2017-08-23","Cgbd","Restore check, add a check when getting the player side","d830aa2a1484f37b1e70a4de2ddb4f56f05302fd"
"4","AI & Movement","d6590f99b","2017-08-23","Cgbd","Fix Gothik gate oppening, don't spawn trigger for left side creatures","d6590f99b9ea8f04d4bfbd68abcb12978dc5ae7c"
"5","General Systems","0200bc356","2017-08-23","Gemt","temprarysummon hackfix attempt at fixing target of target bug","0200bc356f64f44f088ffee7ca59071af6bc022c"
"5","General Systems","2ca97702b","2017-08-22","Gemt","fixed a few quickrespawning trashtimers and defauled all long respawning trashtimers to 2h","2ca97702bfb17ee94c89fd39d419259f08c98968"
"2","Combat & Spells","37675468e","2017-08-22","Gemt","make sure players never take damage from void blast if under effect of CHains of KT","37675468e5c6c70edba188f03c0646bba138b386"
"4","AI & Movement","5d854f00e","2017-08-22","Gemt","fix faction of a few more naxx creatures","5d854f00e80162c788ecf0851ed9e14946df5af4"
"2","Combat & Spells","e128cd7b3","2017-08-22","Gemt","KT: removed neighbour dispell of shackle from guardians, cant find evidence for it. Misc cleanup in emotes.","e128cd7b314caedef33826da688f723f1a249a56"
"5","Core Architecture","6276fdeae","2017-08-22","Gemt","sapphiron hack to avoid bug where players cant see target of sapphiron after initial summoning","6276fdeaece47033657b7696ed81e3916609b44b"
"2","Combat & Spells","d47040008","2017-08-21","Gemt","gothik slightly increased and randomized shadowbolt cast timer so he can move a bit. Removed no combatmovement, he should be able to move. Casting shadowbolt on random target instead of topthreat","d470400081e50720fe6aa0f53686e80012802297"
"5","Encounters & World","b5c9d2482","2017-08-22","brotalnia","Add some missing items from loot or vendors.","b5c9d24824f22a6f4fd920ab5d18a9b4076584cf"
"5","General Systems","04f39b2ca","2017-08-22","GuybrushGit","Fix to Screech startup error (#2199)","04f39b2cab1afb1d48c53a9647e2d70e6a2e6a00"
"5","General Systems","dbf625c33","2017-08-22","brotalnia","Minor misc fixes.","dbf625c33f98ad252153ea9d800a64f293af2493"
"4","AI & Movement","c8416f423","2017-08-21","Gemt","increase movementspeed of sapphirons blizzard","c8416f423940e7d0c387a42a88b6a307ac0bbb83"
"2","Combat & Spells","3b0f76aee","2017-08-21","Gemt","soldier of the frozen wastes and soulwavers on KT now hits any target in melee range, regardless of threat","3b0f76aee90d6414ca2872d222eddff90dde4c06"
"2","Combat & Spells","d3c29d559","2017-08-21","Gemt","delaying sapphirons combat movement enable 1 extra second after landing","d3c29d559409af5633813370564e9659b34bf870"
"2","Combat & Spells","5310687ae","2017-08-21","Gemt","sapphiron back to keeping hoover hackspell until just before landing","5310687aef785b5bc68cb9c201e893baa4f42aa2"
"2","Combat & Spells","1168854da","2017-08-21","Gemt","KT: added 19min enrage, slight adjustment to spell-timers","1168854da8fd726e8b87f75ea82520ca0bbb4192"
"5","General Systems","2cce08a36","2017-08-21","Gemt","4hm aggro radius fix","2cce08a36ef08c0c7b8e7df953c0ff3af1b4187a"
"4","AI & Movement","3c6b55232","2017-08-21","Gemt","sapphiron evade if reaching the entrance part. Blizzard ai improvements","3c6b552326dcb4f53cddbfc53aae23a26ff0aac0"
"5","General Systems","978311c61","2017-08-21","Gemt","sapp blizzard fix target selection","978311c61a063d614a1841606def58059a9aa03a"
"2","Combat & Spells","f0548f23e","2017-08-21","Prithu","Now clear triggerFrom if we spawn again with the same GUID, regardless of previous spawn status (#2191)","f0548f23e81b4f3963a58296dcf7abd2530af494"
"5","Encounters & World","a4a04ba9c","2017-08-21","GuybrushGit","Prevent Healthstone creation with full inventory. (#2188)","a4a04ba9ced6edffda84aa01a0f566b12ee8533e"
"1","Crashes & Security","402b7572f","2017-08-21","Prithu","Minor logging changes (#2190)","402b7572fa5a5cf4a213c2c4b839f0ed26cb5fd7"
"5","Encounters & World","f5c6a5d4b","2017-08-20","Kittnz","Event/Scourge Invasion: Fix Argent Messenger","f5c6a5d4b1d8a159217da46efc4e39be671e2857"
"2","Combat & Spells","1b2558267","2017-08-20","Gemt","embalming slimes hp update, and aggro radius increased to 40yd. Sewage slime keep positive aura on evade","1b255826787918294318452faaab1aff010c9a66"
"1","Crashes & Security","593d6682d","2017-08-20","Kittnz","Event/Scourge Invasion: Add equipment to several npc's and change horde spawns","593d6682ddbe6e8a1a294043c6e8d633d5b15c3e"
"5","General Systems","2c6412762","2017-08-20","Gemt","fix misc sql errors","2c641276226f4bce474fedacfcb38142a10a2f28"
"4","AI & Movement","fd4f01fde","2017-08-20","Gemt","sapphiron lifedrain and blizzard timers adjusted, now happens faster on each new groundphase","fd4f01fde37091c72065ff41b228afa59bab4c37"
"4","AI & Movement","3819045a0","2017-08-20","Gemt","KT chains now always target MT + 4 random targets","3819045a03b0c01d8f7cdc54c4bf8a97da1ab0a1"
"2","Combat & Spells","b85bf4c62","2017-08-20","Gemt","PersistentAreaAura::Update will check all caster dynobjs for the given spell and eff idx rather than just the first match found","b85bf4c62df2f4740b587f4e41d2059674e46384"
"4","AI & Movement","f81a2bc36","2017-08-20","Gemt","chatcommands: debug moveFlags command return current moveflags if no args provided. Added creature_linking command and group relative linking","f81a2bc365f6130ba23ab3f00704ee6060883c42"
"4","AI & Movement","5f5bb791a","2017-08-20","Gemt","new immuneMask flags for all naxx creatures","5f5bb791ac0d6b86e9885b8c500a8ad85cf557cc"
"5","General Systems","db71d26df","2017-08-20","Gemt","thaddius: tesla coil emote when add is too far away. Attempt fix at adds turning towards their old target after fake-death. Both tesla coils should now continue targetting their add after real death. Warstomp can no longer happen shortly after pull-effect","db71d26df58b276f81a1bd1b4bf0e5beba5c3d19"
"5","General Systems","60ee11c25","2017-08-21","Prithu Parker","Update build flags","60ee11c255643c0a06e96dd3f9abf63f6d45ea6b"
"5","General Systems","902178d5b","2017-08-20","Gemt","hp and dmg update on deathknight vindicator, death lord and death knight cavalier","902178d5baa6b01b0d276f79b3d70df36c12227b"
"2","Combat & Spells","b9500e8aa","2017-08-20","Gemt","testfix for why aoe frostbolt was not working on KT, and dispelling all guardians of shackle if 3 or more are shackled, not 4","b9500e8aac811e7edf3025592271ed58d49419d4"
"5","Encounters & World","3308c6522","2017-08-20","brotalnia","More efficient check if quest has item requirement.","3308c65227b196aef329fbde85df585a0f3be5b6"
"5","Encounters & World","1b3761e10","2017-08-20","Gemt","frozen runes and bosses now have 1week respawntimer","1b3761e104e98fe8dc5c84ee0d1c5c914621a134"
"2","Combat & Spells","bdd650c65","2017-08-20","Gemt","frozen runes can now be looted in walls (los issue fix). Sapphirons frost breath removed spell_mod, was not needed.","bdd650c650a27e091502f322251deccd32216f74"
"4","AI & Movement","acb58cede","2017-08-20","Gemt","remove eventAI scripts from mobs no longer using it and fix misc event chances in creature_ai_scripts","acb58cede66a1154ce01f78da5eec320f278e343"
"2","Combat & Spells","d8ef87d0f","2017-08-20","Gemt","dmg and hp adjustments of patchwork golem, bile retcher, sludge belcher and stitched spewer. Removed Stitched spewer knockback and added threat reduction on slime shot, which now hits MT","d8ef87d0fcbbf5cd50da0c9e431c0927d17e4201"
"4","AI & Movement","04c15a219","2017-08-19","Gemt","crypt reavers given eventAI with cleave and Frenzy","04c15a219d0cb2a48d05ba268d35f0a6e39b3cfa"
"5","Encounters & World","794380edc","2017-08-19","Gemt","heigan logic for finding manauser improved, hardcoded entry replaced with enum in naxx script for froggers and remove sillycomment in kt script","794380edc9dca6c970c8bc2a0d4b1d32cae6c446"
"1","Crashes & Security","e6c3d0ac0","2017-08-19","Gemt","more noth->heigan gauntlet mobs respawn timers changed to 30 sec (bats and grubs) 240sec (plagued beasts). Necro and Venom stalker poison charge frequency increase","e6c3d0ac0b8a60603006fb53895de5b22cab571b"
"1","Crashes & Security","4d5820b50","2017-08-19","Gemt","noth->heigan gauntlet mobs respawn timers changed to 30 sec (bats and grubs) 240sec (plagued beasts)","4d5820b50e93081830b52b6e99a1b1b598b236dd"
"2","Combat & Spells","a0da59a7d","2017-08-19","Gemt","Stitched Spewer restet threat of current target when using knockback","a0da59a7d8a109c964dd1062cca5180ce234129b"
"2","Combat & Spells","4f58903f7","2017-08-19","Gemt","4hm mark spell cant resist","4f58903f7d32c6333a793cef52a3dfc6224cb4a3"
"2","Combat & Spells","51ba470a7","2017-08-19","Gemt","4hm marks ignore resist","51ba470a7d47e39a51878b08f48841f960961e76"
"2","Combat & Spells","4c4c6c0ca","2017-08-20","Prithu","Grant attack speed to all weapons from aura effect SPELL_AURA_MOD_ATTACKSPEED (#2101)","4c4c6c0ca0f27cb59474379dc4f31dbed854bdd3"
"5","Core Architecture","da0705aa2","2017-08-19","GuybrushGit","Mekgineer Thermaplugg bomb spawn limit. (#2161)","da0705aa28c79025c0ba53a57bf73a33de1b3438"
"2","Combat & Spells","856eae126","2017-08-19","GuybrushGit","Apply normal damage modifiers to fall damage. (#2115)","856eae12647169fac8273ebbeb14115618f5ca6e"
"2","Combat & Spells","d26913097","2017-08-19","GuybrushGit","Prevent farsight spells from resisting (#2116)","d2691309751b0b31a6741f03e5739f3dc429dcdd"
"2","Combat & Spells","de3f94374","2017-08-19","GuybrushGit","Trigger periodic melee spells on cast (#2140)","de3f94374a2f0c8678ce48c8f451b42006ebd3b0"
"5","General Systems","fa1db99f8","2017-08-19","GuybrushGit","Fix to Judgement of Command scaling. (#2152)","fa1db99f82085ab98f8e86e2351b7659c88a35ad"
"5","General Systems","206578931","2017-08-19","Gemt","kt dmg and hp update based on journal","20657893130b2cb255e9b390d19ef41361623d99"
"5","General Systems","d9efe348a","2017-08-19","Gemt","sapphiron hp and dmg update based on journal","d9efe348a69e0608548c6aea5a0619aa51f2bb90"
"5","General Systems","cf0bc7eed","2017-08-19","Gemt","lady blaumeux voidzone timer fixed to 12sec rather than 12-15","cf0bc7eedde4e8c0205072cabd3eac0707b48c4f"
"5","General Systems","39f62c397","2017-08-19","Gemt","update 4hm dmg based on journal","39f62c39724ff81222b5eafae1dbeb73c6640c37"
"5","General Systems","cc8c91e61","2017-08-19","Gemt","gothik dmg update based on journal. INcreas frequency of unrelenting death knight shadow mark","cc8c91e61b8c1bcd37a00a380085c1d6a6487c33"
"5","Encounters & World","b2d2247d0","2017-08-19","Gemt","gluth hp and dmg based on dungeon journal","b2d2247d0def8f2c49643f714d3590d1b89c9f3a"
"5","General Systems","5915690ea","2017-08-19","Gemt","update grobbulus hp and dmg based on journal","5915690ea836fbbee303ec1d38202e546ed4446b"
"5","General Systems","597dcfcec","2017-08-19","Gemt","patchwerk update hp and dmg based on journal","597dcfcec1ce943f2c3b30cb820999106e7d9964"
"5","General Systems","aeba211ab","2017-08-19","Gemt","loatheb hp and dmg update based on journal","aeba211ab0ec6b02d49cb8a5a5a20c2fefbf9f3a"
"5","General Systems","24f3b8c9b","2017-08-19","Gemt","heigan dmg and hp updated based on journal","24f3b8c9bda881b73f04abceb67bde64edca3983"
"5","Encounters & World","3e8d7395d","2017-08-19","Gemt","noth hp and dmg updated based on dungeon journal","3e8d7395d61aea9ceb0bf952397345ef16093056"
"4","AI & Movement","66e30de3d","2017-08-19","Gemt","lightning totem movementtype 0","66e30de3d07a3f52c0548d68af946a669f10ca39"
"5","General Systems","edbfee4eb","2017-08-19","sipertruk","fix pool respawn (#2146)","edbfee4eb09850331012890bc595bd0f65158c8d"
"2","Combat & Spells","307224dfb","2017-08-19","Gemt","plagued construct now has mortal strike as described in dungeon journal, and damage increased. Also adjusted dmg slightly of other adds on noth","307224dfb13538494fc9b0d0571fc6a252712c6d"
"2","Combat & Spells","b9d336c13","2017-08-19","Gemt","KT reset all threat when casting chains","b9d336c13b3ea60c173fea72bc568576f2bdfb6f"
"5","Encounters & World","a51732ff9","2017-08-19","Gemt","gluth: zombie chows got script to make them go directly for gluth, ignoring everything else on decimate. Increased aggro range by 1yd. Improved evade check","a51732ff91e75a7e4a98b913085f0eb19c49155a"
"2","Combat & Spells","904c7545b","2017-08-19","Gemt","noth should no longer be stuck on platform if he takes damage. kill-say cooldown added","904c7545b3eaec63ae7acde300bd784eb75c39df"
"5","General Systems","e8e6488bc","2017-08-19","Gemt","4hm spirits dont check evadeoutofhome","e8e6488bcf351eb85c9767666a27cf67a8202020"
"4","AI & Movement","04efb9d20","2017-08-19","Gemt","instance_naxxramas::HandleEvadeOutOfHome dont return when creature does not have target","04efb9d20d6704c728fe7c47c7db1772b229a9c4"
"2","Combat & Spells","59aaa451a","2017-08-19","Gemt","4hm spirits wont focustarget someone after casting mark. Mark cooldown of spirit is picked up from the summoning horseman so it continues with the same duration.","59aaa451af7b77c8019dca0ab9e4d5c618dc0a2d"
"5","General Systems","c4b0f3eb9","2017-08-19","Gemt","re-add evade check for sapphiron","c4b0f3eb909fc774f5b10d01f2c9f5ce409ae3c8"
"2","Combat & Spells","8104299bd","2017-08-19","Gemt","sapphiron, giving up proper hover anim and using the incorrect spell 17131 :(","8104299bd90b2e7b424abeb2cf5d4a04925eb2fa"
"5","General Systems","3097ce2f4","2017-08-19","GuybrushGit","Fix for flight resetting on gear equip. (#2112)","3097ce2f43aeca01a4ae2076809b48714fe9069d"
"2","Combat & Spells","943a1cb83","2017-08-19","GuybrushGit","Interrupt next swing spell on spell cancel (#2127)","943a1cb83c856d7b33fb77e44687cfd547c6151e"
"2","Combat & Spells","62cf5dd5f","2017-08-19","GuybrushGit","Fix to armor reduction formula (#2125)","62cf5dd5f780eee80fc0d3bd0cfdbfa8d11c9fbc"
"5","General Systems","f63a14100","2017-08-19","brotalnia","Improvements to ticket system. (#2054)","f63a14100d73685432dcab94d12d38650f77d446"
"5","Encounters & World","d44499930","2017-08-19","Thorbj├╕rn H.H. Sindrup","Fix quest rewards appearing twice in chat (#1848)","d44499930dbc0bb5705291f7e0365808c40d8947"
"2","Combat & Spells","e4bbc5700","2017-08-19","Gemt","sapphiron: rewritten iceblock system by implementing more of the spells. Removed iceblock chaining spawning new iceblocks. Improved blizzard AI. Increased aggro range to 80yd. Now always 5 iceblocks","e4bbc5700030fe9b4caf49e7164668a272826b9a"
"2","Combat & Spells","54530f2dc","2017-08-19","Gemt","Spell::SetTargetMap impl of TARGET_AREAEFFECT_GO_AROUND_SOURCE targetting, only doing something for spell 30132 (despawn ice block), as it did nothing before.","54530f2dc94f25fec04d37e509d9e245c7f7e56f"
"2","Combat & Spells","dcf700073","2017-08-19","Gemt","sapphiron iceblock gobj now type generic, icebolt spell does not ignore los","dcf700073fe7ea5499a5fdb025091a891f21272b"
"2","Combat & Spells","f3a10aeda","2017-08-19","Gemt","checking spell attribute SPELL_ATTR_UNAFFECTED_BY_INVULNERABILITY not present before calling pVictim->IsImmuneToDamage in Unit::SpellHitResult","f3a10aedac6fa2fdad199b5ce9fd10fe8ea10f71"
"5","Encounters & World","817bf801c","2017-08-17","Kittnz","Event/Scourge Invasion: Add script for Argent Quartermaster","817bf801cf62ee74129465f8de26822c0fcfb5c8"
"5","General Systems","9c4c09a03","2017-08-17","Gemt","make guardian of icecrown despawn properly on wipe/kill","9c4c09a03b0dcb28ab270ae5ff782e36c39dcf32"
"2","Combat & Spells","aaf250bd6","2017-08-17","Gemt","froggers now not triggering unless it also deals damage in mooooost cases","aaf250bd63ae280bc05d91cf457682543449082f"
"5","General Systems","cd66f983b","2017-08-17","brotalnia","Fix startup error when waypoint orientation is 100. (#2132)","cd66f983b801e1942cbe62473f48191cdb984536"
"2","Combat & Spells","12dc86ad2","2017-08-16","Gemt","lighting totem use aura instead of directly casting the spell","12dc86ad203bf014a224ab3c26ceaf68cd9e4cfc"
"2","Combat & Spells","17ab9378b","2017-08-16","Gemt","Incrased health of bile sludge, sludge belcher and bile retcher. Sludge belcher and sewage slime now has disease aura. Reduced frequency of sludge belcher add spawning, and the adds clone time. Replaced a patchwork golem with sludge belcher in embalming slimes room. Sewage slimes now patroll a larger area. Hackfix to prevent bile sludges to endlessly clone if they get stuck in combat","17ab9378b9e6ad3a8dbe9c7f1a19118945381b91"
"2","Combat & Spells","ff6b4d41b","2017-08-16","Gemt","patchwork golem: replace war stomp ability with correct one, remove a flag which caused cleave to never be cast, increased damage drastically","ff6b4d41b74f2c975d3a20ac12ba602181c3177e"
"4","AI & Movement","cb1551720","2017-08-15","Gemt","living poison aka froggers reduced triger range so you always die when triggering the explosion","cb1551720ff9254adf0f6b6d43288f3e75a7763f"
"2","Combat & Spells","48fcd300d","2017-08-15","Kittnz","Event/Scourge Invasion: Add aura for NPC_BONE_WITCH and NPC_SPIRIT_OF_THE_DAMNED","48fcd300dd0a8db62408a3e003ffc68f24b9448b"
"5","General Systems","43668e2a3","2017-08-15","Gemt","bigglesworth faction update so he wont aggro all kinds of mobs","43668e2a3eb834feb1e8dfede4106e7011c001da"
"5","General Systems","e4e541a67","2017-08-15","Gemt","fix a spider being linked to grobbulus trash","e4e541a67d17ba8f4c2251291382b3566c92ad29"
"5","Encounters & World","6337c398e","2017-08-15","Kittnz","Event/Scourge Invasion: Add more vendor items for Quartermaster","6337c398ecebee8c992036e4b66ef17692e45c45"
"1","Crashes & Security","5f8c3001a","2017-08-15","Prithu","Backport crash and memleak fixes (#2105)","5f8c3001a6cb5d59c6c25954c345f8af12f43a28"
"1","Crashes & Security","1ecf2e05e","2017-08-15","sipertruk","crash fix attempt (#1789)","1ecf2e05e6b58fadf6d438c9aa1f100b9ecafdff"
"4","AI & Movement","afe8bfc7d","2017-08-15","Prithu","WIP: Resolve a memory sink in MMap dtNavMeshQuery handling, and improve thread safety for tile (un)loading (#2092)","afe8bfc7dbbe994307052ef0432b3a9bfbcac90a"
"1","Crashes & Security","b22f83bfa","2017-08-15","GuybrushGit","Changed Azuregos cleave spell (#2082)","b22f83bfa716b1e90962eae4e48c2c980d06d48f"
"5","General Systems","1cd6e8590","2017-08-15","Cephei","Weapon skill fix part two point five (#2015)","1cd6e85906e9f551f72206c044c5a5b5fcf59544"
"5","Encounters & World","03d66f171","2017-08-14","GuybrushGit","Prevent multiple Ulag spawns (#2081)","03d66f17153061df2b27ff6959e979938c7fc5d3"
"5","Encounters & World","7bad688ec","2017-08-13","Gemt","added totems to shaman vendor and rejuv gem to jewelry","7bad688ec56fecc7b3f79b5081d67be1e553b244"
"4","AI & Movement","b6738c0fa","2017-08-13","Gemt","profession npcs added to creature table","b6738c0fa273793e6a432ed3646f53966b9f99d9"
"4","AI & Movement","7139bdf12","2017-08-13","Gemt","elysium ptr sql now has custom profession trainer and some more consumables and items","7139bdf12e1ed32367fcfcbf7fc1d82bfa38271b"
"4","AI & Movement","ffb9af816","2017-08-13","Gemt","custom creature for profession training","ffb9af816aa1e05d5ee875ad9e94eef7e8f541ca"
"4","AI & Movement","94f2d4885","2017-08-13","Gemt","merged removal and adding sqls for ptr creatures and renamed file","94f2d48858bbbdcce4ce96f0b6a4ed2725ad77ff"
"4","AI & Movement","60dae8558","2017-08-13","Gemt","custom enchanter creature","60dae8558b367531de3776144d12e803c7fee113"
"4","AI & Movement","479bedc12","2017-08-13","Gemt","training dummy special npc script by Brotalnia","479bedc12d988de1f6382074994eb432d63bb196"
"4","AI & Movement","2ed36f57a","2017-08-13","Gemt","ptr vendors added in orgrimmar and ironforge. Teleporters all over the place. New creature template for enchanter NPCs. Implementation following","2ed36f57a98edc7e207baec6ebea31fd2e9ef328"
"5","Encounters & World","960541001","2017-08-12","Gemt","initial commit of sql patches with gear vendors","960541001434899e6f4c839c82c9359597a592d4"
"4","AI & Movement","d9bf25a0d","2017-08-12","Gemt","removed patchwork terror updates, not a naxx creature","d9bf25a0d61d550298a6eb8cae967b536139adc2"
"4","AI & Movement","e45a58b14","2017-08-12","Gemt","added updates for creature_template flags_extra and MechanicImmuneFlags for all relevant naxx creatues. Removed old and spread-out updates of the same flags from other parts of the file","e45a58b14873449ab91f23e7a468525971270c6e"
"4","AI & Movement","b0824c5f4","2017-08-12","Gemt","corrected respawntimer for creature 2530568","b0824c5f455e52d70263cc0a2276fc99ceb051ff"
"5","Encounters & World","ce1eaa632","2017-08-12","Gemt","bosses in ptr instance give correct warning of despawning in 30 min on pull","ce1eaa63241affd18447d54a6dd82aa9a8ba4b50"
"4","AI & Movement","45e691e80","2017-08-12","Gemt","naxxramas.sql updates. several bugged EventAI entries fixed. Re-export of creature, creature_groups, creature_linking, creature_movement tables. added one more add in grobbulus room. fix all creature warnings where curhealth does not fit with min and max health from creature_template. Fix all spawndist != 0 where movementtype = 0. Added waypoint-pathing for unholy weapons","45e691e8050be165957bbdc049d03c2746d9f035"
"2","Combat & Spells","258ed3833","2017-08-12","sipertruk","stop applying effects for a fully diminished channeled spell (#2037)","258ed383350695d8ab91b46fac28e1cfc4e4b339"
"2","Combat & Spells","5886ee58f","2017-08-12","Luigi Mannoni","Swapped mathematical comparison on player target on Warrior execute aura, fixes #1512 (#1582)","5886ee58f9b7d0d675015e694528d2e7e6b1bd72"
"4","AI & Movement","ec8663124","2017-08-12","Prithu","Now suppress the database login passwords when logging details on startup (#2061)","ec86631242dbf47a815db0db1fa466f6b8751ecf"
"2","Combat & Spells","060040005","2017-08-11","Gemt","loatheb dispell vamperic embrace from himself","06004000532d885224e1ad1c0f21a05c6d9ef13b"
"5","Encounters & World","68502bf38","2017-08-11","Gemt","PTR MECHANIC: bosses in naxx now despawn 30 min after engaged","68502bf38162401688af9ffee90407f0505aa479"
"2","Combat & Spells","29ce3c95c","2017-08-11","Prithu","Merge branch 'g-naxx-positive-periodic-proc' into 'naxxramas'","29ce3c95cfd238a26e5a5fef6ab863ad5a141d6d"
"1","Crashes & Security","84e33e1cc","2017-08-11","Prithu","Corrupted Mind totem/priest procs","84e33e1ccdf7bedc8a638343cb36457f901ba752"
"5","Encounters & World","8504bd9f4","2017-08-11","brotalnia","Implement Quest Greetings. (#1944)","8504bd9f4c8e02ae24b2a499c90a942ec1d3036f"
"5","General Systems","5e9321c67","2017-08-11","brotalnia","Error Wars 3 - Revenge of the Fix (#1867)","5e9321c6715c6f4f512bc14eff437e5d731d4c04"
"5","Encounters & World","ea3eb951c","2017-08-11","brotalnia","Scripted Gurubashi Arena Event (#1744)","ea3eb951c3332e1b6b757688597364066ef1a88c"
"4","AI & Movement","95c26b0c4","2017-08-10","Gemt","full naxxramas.sql patch containing all previously separate sql files","95c26b0c4799bc95ed7e25da58f23a5d86aa7b35"
"5","Encounters & World","53546fabe","2017-08-10","brotalnia","Small correction to Father Flame event (#1693)","53546fabe9e851dfa2dbc05d2d0ead735077e2f3"
"4","AI & Movement","46aed8561","2017-08-10","brotalnia","Improved script for quest Seeking Spiritual Aid (#1669)","46aed8561841b8ca685587983076af3650122985"
"4","AI & Movement","2e3a622d4","2017-08-10","brotalnia","Script for quest Forsaken Aid (#1646)","2e3a622d4c74083481e003dbbee514a35e9f3207"
"5","Encounters & World","180ce3367","2017-08-10","brotalnia","Script for quest Harlan Needs a Resupply (#1590)","180ce336787d35236529531a1aff2c69818582f7"
"5","Encounters & World","5a2aa8b6a","2017-08-10","brotalnia","Merge pull request #2019 from sipertruk/disabled_quests_2","5a2aa8b6a7d88b76e71d88d3ccb4e900db460048"
"5","General Systems","83a377dcb","2017-08-09","Kittnz","SQL: Fix codestyle on merged naxxramas sql file","83a377dcbd902398bb82dbd1d703fa7f98001a3a"
"4","AI & Movement","4d367bd0e","2017-08-09","Gemt","naxxramas_creature_linking_template","4d367bd0ee44fb5464905bf62764545cda20da35"
"4","AI & Movement","4547d348f","2017-08-09","Gemt","fixed spawntimesecs for some creatures","4547d348f321e8a8e22decea71fb446c36595468"
"5","Encounters & World","bbf9583a8","2017-08-09","sipertruk","missing one disabled quest","bbf9583a89fc981af065e6d5c6d182a26f39a15d"
"4","AI & Movement","7515fc863","2017-08-09","Gemt","new exports of creature linking, movement, groups etc tables for naxx map","7515fc863669eb6c7bdf593a7f4cd5ef34ddc466"
"5","Core Architecture","73d29ed14","2017-08-09","brotalnia","Eranikus should whisper players who use his trinket (#1585)","73d29ed1458470d382e2339d17dc03ca16680b5d"
"4","AI & Movement","fa471d9df","2017-08-09","Gemt","faerlina adds now chainpull boss faster","fa471d9df2a48e931469117c6e48b77ea25cbd76"
"5","General Systems","31d057aa5","2017-08-09","Martin Jesper Low Madsen","Various database fixes (#1847)","31d057aa540bcdb8d5b20e20bfe0e02726663615"
"2","Combat & Spells","9f5eab33f","2017-08-10","Prithu","Fixed Sunder Armor not proccing melee effects, and a cast without checking (#2018)","9f5eab33f426b5083e94e56910bd90d1a928a8a4"
"4","AI & Movement","09ca1e2f7","2017-08-09","Prithu","Implement Disarm effects for creatures (#1482)","09ca1e2f754627b21d649881bdc7d6204c0a6528"
"2","Combat & Spells","4e1a8f341","2017-08-09","sipertruk","Handle weapon dependent auras on disarm (#1999)","4e1a8f3413b01be76fe5569094859cd4bd843288"
"2","Combat & Spells","737ec13c6","2017-08-09","sipertruk","fix flurry ranks 1 to 4 proc (#1130)","737ec13c6d7e61aba1ac0d73da5719bb12231345"
"1","Crashes & Security","7735a4922","2017-08-09","Prithu","Some crash resolutions and additional minor fixes (#2012)","7735a49222bd3f8f8d3c3921c5ec93d903be4521"
"5","Core Architecture","409155f2a","2017-08-09","brotalnia","Update .removeriding to work on offline players. (#2006)","409155f2a5e936e381392d90079c68d30defcfeb"
"5","General Systems","12c28df1e","2017-08-09","brotalnia","Update .deleteitem to remove items from bank too. (#1981)","12c28df1e36ad85fa2b9bd05955e983b10deee29"
"5","General Systems","25dfd9d85","2017-08-09","brotalnia","Fixed gossip options for Betina Bigglezink. (#2004)","25dfd9d85f8f37d727e958db3d8debda9799477b"
"5","Encounters & World","a69d52d00","2017-08-08","Kittnz","Event/Scourge Invasion: Rearrange gossip for emissary","a69d52d00ec1ed1bf95599f19615af9b6aab26ef"
"5","Encounters & World","8cb139c49","2017-08-08","Kittnz","Event/Scourge Invasion: Renaming, fixing ZoneNecropolisRemaning function, add more SQL code","8cb139c49140b0e2de4eaa56908e911d076a44dd"
"5","Encounters & World","e98c76834","2017-08-08","Gemt","removed gobj script for sapphiron birth. not needed","e98c768342eece58e929384425cded36d8037ef7"
"5","General Systems","336227917","2017-08-08","Cephei","Fixed the PvP handling for miss chance (#1997)","3362279174f73d2d13aa18aa8281426e8927cc37"
"5","Encounters & World","4812fa6da","2017-08-08","sipertruk","Re-enable quests left disabled after QUEST_METHOD_DISABLED implementation (#1979)","4812fa6dae4076d72668d9b429296444c28594e3"
"5","Encounters & World","91859994b","2017-08-08","Kittnz","Event/Scourge Invasion: Fix SQL code and additions.","91859994bce1a0312f181578fb7ab281245b0556"
"2","Combat & Spells","9ea03d9d6","2017-08-08","Gemt","fix sapphirons frost aura spells to deal damage every 2 seconds. The triggerspell should be unaffected by invulnerability, while the damaging spell should not","9ea03d9d61952fde40d48e1a1870e1c59841392c"
"5","General Systems","6a2caf280","2017-08-08","Gemt","sapphiron improved reset logic","6a2caf28088c52deb9142630e59366c7e7a73c16"
"5","Encounters & World","e61ff228a","2017-08-08","brotalnia","Merge pull request #2000 from sipertruk/forgotten_credit","e61ff228a0a95e4844269761803665b2286b4b6b"
"5","General Systems","dd177d919","2017-08-08","EinBaum","Fix compile errors & style in 7b31cf3559cb1c75e0c370e223e48b26aa75c0aa (#1708)","dd177d919a7eef31c85fc2397993e1aa68b6b492"
"4","AI & Movement","7f38b419f","2017-08-08","kampeador","Wailing Caverns: missing sounds for some bosses. (#1675)","7f38b419f80367894cb5f33f8dcea99ee5ee1bb3"
"2","Combat & Spells","b0df4d761","2017-08-08","sipertruk","fix environmental damage on resurrection (#1685)","b0df4d7611c347122b43b131a1e1534c7c196c3a"
"4","AI & Movement","85b49a019","2017-08-08","sipertruk","fix log sent for pvp event credit gain (#1711)","85b49a019dc4d7ca2e96e90ba9b94916c5afc472"
"5","General Systems","6caac6bed","2017-08-08","Prithu","Fixed mage GUIDs being repeatedly added to the mage list on subsequent mage class calls (#1957)","6caac6bed3b24df95871ccce804897a78ab36a22"
"5","Core Architecture","996db77d5","2017-08-08","sipertruk","fix player ignore water after mc (#1968)","996db77d56a98e18820b613588d39710f8507dd7"
"1","Crashes & Security","2c993f37f","2017-08-07","sipertruk","fix crash at shutdown EnterEvadeMode loop (#1700)","2c993f37f342f54d3cfe1a895ed423abaadab517"
"1","Crashes & Security","78f2240b6","2017-08-07","Prithu","Fixed a crash when a player cancels their summoning ritual channeling animation (via a new spell cast) in the same world update as the object is deleted (#1741)","78f2240b63367de0f6b0df57b70267690a04e2f4"
"5","General Systems","7050ebbaf","2017-08-07","sipertruk","fix boat and zep invisible (#1574)","7050ebbafdde76980a07695952a98410d384a9d7"
"5","Encounters & World","3e1ade3a8","2017-08-07","brotalnia","Merge pull request #1567 from WobLight/wsg_flag_fix","3e1ade3a8a47a72ca8ad6df9fcd974f87ea751eb"
"5","Encounters & World","e5e2c3938","2017-08-07","brotalnia","Merge pull request #1422 from WobLight/ssl_include","e5e2c3938553db04097097d9925bad3feb7266da"
"5","Encounters & World","505f834e3","2017-08-06","brotalnia","Merge pull request #759 from Cephel/weapon-skill-fix","505f834e3980a752b6fa3d8c2dfa34357619ca78"
"5","General Systems","8450e6812","2017-08-06","Gemt","fix heigan not re-engaging after dance phase","8450e68124aa1b9b38a5b708b0f1e3b7d51c1ef6"
"5","General Systems","77e1d9d4e","2017-08-06","Gemt","fix sapphiron skeleton despawn in wrong case and evade logic for sapphiron and heigan","77e1d9d4ef03da5005c955619cdf725e17626a82"
"5","General Systems","ff652254e","2017-08-06","Gemt","fix wrong timer sapphiron","ff652254e590dc5d87e1756ea5e2371673e16afe"
"2","Combat & Spells","cce8adb59","2017-08-06","Gemt","corrected naxxramas acolyte shadowbolt volley spell and ae/sbw order","cce8adb59cbfeceea05e862df1a7581ec82863e2"
"2","Combat & Spells","3f978245a","2017-08-06","Gemt","naxramas acolytes and cultists are now running an rp event where they kneel and stand up while casting Dark Channeling","3f978245ad1628b2dfbc2879d7ac78851fa72c9b"
"4","AI & Movement","7ba337485","2017-08-05","Gemt","4hm now only do their say sound to ppl in CONFIG_FLOAT_LISTEN_RANGE_SAY range as in vanilla retail","7ba3374850db3565bb5365447a525f5dbe9ee595"
"2","Combat & Spells","a8085d118","2017-08-05","Gemt","Spell::SetTargetMap hack for spell 28863 which spawns a voidzone at target. Making the target be slightly higher Z coordinate, as they are ofthen spawned below ground","a8085d1188c3330e55bcee12d0d3ae470997a213"
"2","Combat & Spells","28a835cb2","2017-08-05","Gemt","all 4hm spells now implemented correctly (presumably). Added SAY_SPECIAL usage for all bosses and evading if they move out of the room","28a835cb29c8ac8d488b6555f356df7bb37b2471"
"5","Encounters & World","f37bc92a4","2017-08-05","Gemt","instance_naxxramas::HandleEvadeOutOfHome impl for 4hm","f37bc92a4beeeb6c24de2f41054efd5a10084508"
"5","Encounters & World","0bfee5a26","2017-08-05","Gemt","one more 4hm scripttext neeed type SAY","0bfee5a26cba929296031215c3e65e6fa1ecc006"
"5","General Systems","35b44b983","2017-08-05","Gemt","fix scale of all 4hm","35b44b9837acaacb4a67172193d1898150bf614e"
"2","Combat & Spells","07939fa9c","2017-08-05","Gemt","4hm aggro scripttexts now on timer as to not overlap. Fixed some 4hm text typos and all combat texts are now of type say as they should be","07939fa9c0a6503f68eeffcfc7365de3a50a60d4"
"5","General Systems","f5849e776","2017-08-05","Gemt","4hm voidzone logic fixed","f5849e7761b4dddfa068d71edac027419783f152"
"5","Encounters & World","21bee53ed","2017-08-05","Gemt","4hm spirits despawn on wipe or kill of bosses. 4hm respawn on wipe. Chest spawn on successfull kill. Removed HC version of 4hm chest and updated 4hm chest gobj template with correct loot information","21bee53ed38a58be63f6a3309f85f6798d1c1c6b"
"1","Crashes & Security","01f07c9ce","2017-08-05","Gemt","guardians of icecrown will all be dispelled of shackle if more than 3 are shackled. THey also dispell other guardians of shackle if getting closer than 10yd from eachother. Blood tap timer changed to 18s","01f07c9cebb888680177071fbbb12d77c99a8949"
"5","Core Architecture","b734a9696","2017-08-05","Gemt","gothik will open gate instantly on tp down from balc if there are less than 10 players (dead or alive) on one of the sides","b734a9696adac0438d95e608b307ac58a9fbacfe"
"5","Encounters & World","838725055","2017-08-04","Gemt","gothik: adds only aggro players on their side of the room. Gates open automatically after boss TPs 4 times, and all mobs on both sides aggro instancewide when gates open (after 4 tp or boss death)","8387250559649095ace8830e1358bd8212db1f33"
"2","Combat & Spells","6cb980a0a","2017-08-04","Gemt","gothik: apply immune to all dmg aura while on balc. Respawn self on wipe in p2 to tp back to balc. Dont show attacking-state while on balc","6cb980a0a521885b86456ee05a68237ec6aae30c"
"5","General Systems","77fbbb6f1","2017-08-04","Gemt","fix noth not resetting if wipe during balc phase","77fbbb6f198c91cce4e37994b68621b5efd226be"
"4","AI & Movement","a43ec7745","2017-08-04","Gemt","new naxx creature table export","a43ec7745ca2036dd60e5e5097e33de27548a785"
"4","AI & Movement","c319f339e","2017-08-04","Gemt","gothik summoned creatures despawn 10 sec after being killed","c319f339e6668a059774683d85d172b2022f1914"
"4","AI & Movement","d27f7e13f","2017-08-04","Gemt","creature_movement_template export for naxx","d27f7e13fb2ac6ea3bef8338ffb7c8f9bdbdb47b"
"4","AI & Movement","4313375f3","2017-08-04","Gemt","updated creature_groups table export for naxx","4313375f30f77d38c8fb2cb4e8d294c27c5a7034"
"4","AI & Movement","8697505dd","2017-08-04","Gemt","updated creature_movement table export for naxx","8697505dd571253558549afc5082d9b5645157a9"
"4","AI & Movement","e61a8a80a","2017-08-04","Gemt","updated creatures table export for naxx","e61a8a80a74337a244261110281743e53e10a6db"
"5","Encounters & World","e9eba2e2f","2017-08-04","Cgbd","Update Gothik event","e9eba2e2f831f8525b0a8769af572aa0efec9418"
"5","General Systems","fea3e1860","2017-08-04","Cgbd","Update cmake","fea3e1860aca41639e99e5d359225f1a8270d9e0"
"4","AI & Movement","8b30a8aae","2017-08-03","Gemt","removed corpse scarab script, moved movement to creature_movement_template","8b30a8aae5f3874c0c8c1bde1c5f65a5b12a6597"
"5","General Systems","535634184","2017-08-02","Gemt","fix faerlina to not respawn adds if she is dead","535634184c9c0bc381eaf3421c3ea64a51ecbfd1"
"4","AI & Movement","27381193b","2017-08-02","Gemt","creature_linking data for naxx. Links all trash to their bosses such that it will not respawn if the boss is dead, with the exception of outer ring trash. Razuvious, faerlina and patchwerk also pull their trash when they are aggroed if it is not killed.","27381193be1a4e7019161fc380309770c1d7f2b5"
"4","AI & Movement","00d49eddd","2017-08-02","Gemt","removed old boss-pulling-trash code and trash respaw prevention code. Will be replaced with creature_linking system","00d49eddd576235433cb9ae7b656e18d9918f252"
"1","Crashes & Security","42f973299","2017-08-02","Gemt","moved outer wing creature changes to instance.sql. Updated necropolis acolytes to use both AE and shadowbolt volley","42f973299e3797ab3e1a109ca30b6d887d0f535f"
"4","AI & Movement","699ba87d7","2017-08-02","Gemt","bile sludge movementspeed fix","699ba87d7ee644e6aed1a15971a8264d849ba8c1"
"5","General Systems","48f8f3071","2017-08-02","Gemt","fix patchwerk hitbox and attackspeed","48f8f3071ba0093865cad419a96c133019b6fa20"
"2","Combat & Spells","8180792f8","2017-08-02","Gemt","bile sludges despawn 30 sec after exiting combat","8180792f8fc88efae7351cdb9ae97aa3a28296f3"
"5","Encounters & World","3e1f0ba85","2017-08-01","Gemt","misc cleanup naxx script","3e1f0ba85d78b63155e165873c63af77fa1153d0"
"2","Combat & Spells","c83c2397e","2017-08-01","Gemt","deathknight vindicator aura of agony is now cast faster","c83c2397e37b876d01da72bcbc75138ef51803e0"
"4","AI & Movement","3d74deb15","2017-07-31","Gemt","ported creature linking from mangos/cmangos","3d74deb15c56435c8761809c7ec056732e7f4998"
"5","Encounters & World","39459dafd","2017-07-30","Gemt","cleanup in trash respawn prevention code","39459dafde59dcc6782c2036dad408d33c99d042"
"5","Core Architecture","23e871015","2017-07-30","Gemt","added 4hm rp yells when players enter DK wing. Not the correct way to do it, but best we have so far","23e8710156dde0d16c35f57e18ce54d1a8b5f757"
"5","Encounters & World","a3370dd38","2017-07-30","Gemt","removed unused razuvious code. Added emote on razuvious shout. Cleaned up script_texts.sql","a3370dd3859f4ef88813d248ad00d18fb85c4abe"
"5","Encounters & World","89d724c87","2017-07-30","Gemt","fix error in instance_naxxramas::HandleEvadeOutOfHome","89d724c87361f28ec26d9de5cc791006c0f9c3c1"
"1","Crashes & Security","d7d3b6432","2017-07-30","Gemt","cheaper evade check for faerlina and razuvious","d7d3b6432e1a48b143791c1459766e87c180be87"
"2","Combat & Spells","1327e13e4","2017-07-30","Gemt","kt alcove adds now properly aggros if you run too close, even if they are somehow already in combat. KT evades if he somehow runs out of his room","1327e13e4c8084d6130e6643b4912a3b664bb29b"
"4","AI & Movement","5b15c5ec4","2017-07-30","Gemt","grobbulus, heigan, noth, loatheb, razuvious and sapphiron now all evade if running a certain distance outside their fighting area","5b15c5ec41c63f19449ac683df076422997cf16b"
"4","AI & Movement","aad08a845","2017-07-30","Gemt","misc door fixes. Added function HandleEvadeOutOfHome which can be called by naxx bosses to evade if out of a certain area","aad08a845edc716b037daab5ed86b063ecb1a9fc"
"5","Encounters & World","459b9d21a","2017-07-30","Prithu","Reverted to no cross-reference instance deletion queries for performance (#1823)","459b9d21aeb1ae207c55928e736ad27c610743c6"
"4","AI & Movement","3ae42f781","2017-07-30","Gemt","gothik entrance door start as closed","3ae42f7814dee5251983e818e8332c0ed700afd8"
"5","General Systems","6026c52ad","2017-07-30","Gemt","4hm runspeed fix","6026c52ad3aa67d053b15950bc00ac68b61a7c96"
"5","General Systems","c032ce310","2017-07-30","Gemt","misc door fixes","c032ce3100c590f2d0c498ab9742bdd4362775be"
"4","AI & Movement","818384432","2017-07-29","Gemt","wip deletion of creatures when they respawn or are created after a boss they are linked to is dead","818384432683e475883f6ad237a55ceb35372a8a"
"5","Encounters & World","af9a54233","2017-07-29","Gemt","anubs door and gate, door after faerlina, thaddius and 4hm doors are now clickable, and with the exception of anubs door, locked until the preceeding boss is killed","af9a54233ee08e4d82bb52d4c0901dd3b33fe5e4"
"5","General Systems","677828239","2017-07-29","Gemt","improved patchwerks custom target selection to properly turn to target and not turn back until next attack","67782823997b8705a318381faa9b6d17f966ea3f"
"5","Encounters & World","79c1f4c9d","2017-07-29","Gemt","razuvious script not respawning adds if hes dead","79c1f4c9d2f314fea88d4dd3443a512a62fee770"
"5","General Systems","6f584bfcc","2017-07-29","Gemt","scale update for doom touched warriors","6f584bfccbe4477c4c5cae0ee1747718e8dbeea6"
"5","Encounters & World","88687f268","2017-07-29","Gemt","dark touched warriors got a script and run to nearest deathcharger steed on 50%. Dark touched warriors got bucket as equipment. risen squire renmaed to risen deathknight","88687f268b9cd5f561d0d0da5a1fe4f86d84cd7e"
"2","Combat & Spells","a6961fae2","2017-07-29","Gemt","applying mind exhausion aura on death knight understudy after a possess ends","a6961fae261eac83c1a95846736806d192a17f2b"
"5","General Systems","77dc4fdfb","2017-07-29","Gemt","fix razuvious rp to not lock up and not run","77dc4fdfb5b9382168dbacae5f219996902660a8"
"1","Crashes & Security","512c0ac54","2017-07-29","Gemt","slight movementspeed change for soldiers of frozen wastes","512c0ac54589159e13c09e67286be6fc2f2de33b"
"1","Crashes & Security","c67d09ec2","2017-07-29","Gemt","movementspeed changes to various creatures in naxx","c67d09ec259bb30cc18013dfb9ef9469d28d9208"
"5","Core Architecture","7010788e4","2017-07-29","Gemt","patchwerk custom target selection to make him face and target whichever player he hit last","7010788e46e4314a93e41c93b207443cf82cb459"
"4","AI & Movement","2263a8fc1","2017-07-28","Gemt","4hm intro RP event implementation. Replaced baron rivendare enum npc entry in naxxramas.h with highlord mograine","2263a8fc162ebaeac1a9b2df422ab8c2ba099137"
"2","Combat & Spells","1789fc906","2017-07-28","Gemt","gothik hp fix and unrelenting death knight reset threat when intercepting","1789fc906f563801c8bff021e599f3392074a1bc"
"4","AI & Movement","ca5461440","2017-07-28","shenna","Revert ""Fix weather updates only being sent to a single player (again)""","ca54614404289e3ed655843537ee7ebc88c13b56"
"4","AI & Movement","cd1965eb1","2017-07-28","Prithu","Moved loading-time dungeon reset scheduling to after the instance IDs are cleaned and packed. Fixes raid resets on server start (#1796)","cd1965eb1de5d4835d2636c9288ec943a880a03a"
"4","AI & Movement","a34029e87","2017-07-28","shenna","Revert ""Raid ID issue fix attempt""","a34029e8703922a478ab9f90443b095d6ebd1793"
"4","AI & Movement","275c4fc46","2017-07-28","shenna","Raid ID issue fix attempt","275c4fc4673021d71a9d09d7aa4bff954e70c283"
"5","Encounters & World","36e6cfb07","2017-07-27","Gemt","removed all faction updates that were spread around in different .sql files as they are now all centralized in instance.sql","36e6cfb07f338ea94aa78860afb21e5c60ba11c6"
"2","Combat & Spells","d4c0a93b0","2017-07-27","Gemt","death lord added melee dmg","d4c0a93b0d93e5a63e655eb58424bb3a21e84cd0"
"4","AI & Movement","157e076b7","2017-07-27","Gemt","giant faction update for all naxx creatures that had incorrect faction. Mostly 21 instead of 20","157e076b7bdaf2b5bdde512b71adac38fb0c3ce1"
"4","AI & Movement","c429e065c","2017-07-27","Gemt","moved fallout slimes disease cloud handling from grobbulus script to EventAI","c429e065cb902b757b74bcdcf0c1f9f989d6a07b"
"2","Combat & Spells","019c05266","2017-07-27","Gemt","death lord now has double frequency on aura of agony compared to cavaliers","019c05266892cb7f147fd70baeb535e1802ced53"
"2","Combat & Spells","bcd060625","2017-07-27","Gemt","added reset threat AI to doom touched warriors. Fixed AI for necro knight and necro knight guardians to choose a spell school and stick to abilities from that school instead of randomly using everything","bcd0606252c1718530397b479902d5c7d163e0f4"
"2","Combat & Spells","7c161a2dc","2017-07-27","Gemt","Gothik: all adds now has an EventAI with their spells implemented. Updated hp and dmg of some of the adds, and added missing equipment","7c161a2dc13e43a197411e2109311131419e86c7"
"2","Combat & Spells","9e63fdbf2","2017-07-27","Gemt","corehack for spell 27831 in Spell::FillTargetMap() to only target enemies with debuff 27825. Also cleaned up a similar core hack for spell 5246 in same code block","9e63fdbf2185d4b8023ff1b534ae70df68eb99a2"
"5","Encounters & World","05e46fa8c","2017-07-27","Gemt","comment typo in noth script","05e46fa8c80af7549ae768f0ba504d560f594c65"
"5","General Systems","bf8abeccc","2017-07-27","Gemt","fix repeattimer for mounted deathknights","bf8abeccc0581475c3c2ada6428bb148df40640d"
"5","General Systems","130d42c51","2017-07-27","Gemt","fix modelid of gothik summoning triggers","130d42c517557869befa86bb7916f4d1b87e9554"
"4","AI & Movement","ba4d6cc90","2017-07-27","Gemt","kt: moved closing of windows to onReachedHome to avoid warning of not-found-gameobject on script load. Windows are correct on startup by default, but just in case we correct them on pull as well","ba4d6cc9017b78a1963528632ddf32c154625ae5"
"2","Combat & Spells","f4c9237f5","2017-07-27","Gemt","plague beast keep positive aura on evade to not loose mutated spores aura","f4c9237f58e855bb897ced55c6da053132e787fa"
"2","Combat & Spells","561b9c60e","2017-07-27","Gemt","zombie chow replace old eventAI entry with one that cast infected wounds triggeraura on self at spawn","561b9c60e58e138ab259f6ebf0723f2174c7f68c"
"5","General Systems","d7144c48b","2017-07-27","Gemt","repeat timer on living monstrosity lightning totem fix","d7144c48b8c2f4c19bc369e784e532278f45d7c1"
"4","AI & Movement","c49660aae","2017-07-27","Gemt","deathknight captains back to eventAI","c49660aae69457fa7cd7aae077d50a6209209b3f"
"4","AI & Movement","f81c55328","2017-07-27","Gemt","extended creature_movement_scripts SCRIPT_COMMAND_EMOTE implementation to support buddies by guid as described in cmangos documentation.","f81c5532897a9890c99eb9787f10ce55428ea57a"
"4","AI & Movement","e38d636df","2017-07-27","Gemt","razuvious rp event fix. All DK wing RP stuff now implemented with movement scripts","e38d636df04118fdf6e8724d49b13f3fccc77d89"
"5","General Systems","379940697","2017-07-26","Gemt","improved the slimestream logic on grobbulus","379940697625a074acdcc76902afb91c54777f92"
"1","Crashes & Security","497994717","2017-07-26","Gemt","corrupted mind on priests uses druid version to not trigger when smiting","497994717f54ea48343cd1b079c45c5165615f17"
"4","AI & Movement","550278604","2017-07-26","Gemt","sapphiron remove all old code. Fix relocation of player and iceblock so they are always on top of eachother. added stun to chained iceblock targets. Added immune to all dmg to all iceblocked players","5502786042f789b0c461a7559ff745f46f226e7d"
"2","Combat & Spells","6a9067533","2017-07-26","Gemt","sapphirons frost aura added to Unit::CalculateDamageAbsorbAndResist specialcase of dots which resist like normal spells","6a90675337393c8a8d93a9edf0a7493db215aee3"
"5","Encounters & World","658730c7e","2017-07-26","Gemt","kt: bloodtap timer increased to 10sec. Fixed rescheduling of all p2 and 3 events. Frost blast is not correctly scheduled. Shadow fissure now picks correct target instead of mt","658730c7eebec31efb82bde17436def066dfc602"
"5","General Systems","c0f497901","2017-07-26","Gemt","fix kelthuzad adds aggro","c0f497901c0dac73b07a15c5fb9db38a7f00c4ca"
"5","General Systems","49ad3d9bd","2017-07-26","Gemt","fix shadow fissure extra repeat","49ad3d9bd8266569d058b8fd50aceba4988e3fd5"
"2","Combat & Spells","b360ad156","2017-07-24","Gemt","stationary stoneskin gargoyles now go into dummy stoneskin, and has a very small aggro radius","b360ad156eb318e180f97fe45f631a5cab14f515"
"4","AI & Movement","2c7a3e584","2017-07-24","Gemt","prepared exports.sql which contains the selects needed to find the data we must move to elysium","2c7a3e58489d191ce144053afe959eec0a904602"
"2","Combat & Spells","f6d158002","2017-07-24","Gemt","patchwork golems now always has their disease aura","f6d158002f8931017deb20409b7da913174e4151"
"4","AI & Movement","e6f58ffe3","2017-07-24","Gemt","removed all creature table and creature groups table modifications. My local db is now the ground truth","e6f58ffe381846f81ef147e12eaccabdd4a54e18"
"5","Encounters & World","65afe340b","2017-07-23","Gemt","giving shade of naxxramas same script as spirit of naxxramas","65afe340bfb1b50f87bb11518c55b4cbbe6376f1"
"5","General Systems","b824a65e5","2017-07-23","Gemt","fix screwup in grobbulus scaling","b824a65e55b521567dd29544553f93a25cf3106c"
"4","AI & Movement","54422f1c9","2017-07-23","Gemt","plagued deathhound forceful hown eventAI entry and fix their health","54422f1c920ff28707e163ad9c70967bb835f621"
"2","Combat & Spells","e7aac2a06","2017-07-23","Gemt","fix scale and subname of larva and maggot critters","e7aac2a06a754ddad63164b0bc1977bf74a9e0db"
"5","Encounters & World","952e9cd00","2017-07-23","Gemt","grobbulus movment and slime throwing script implemented","952e9cd00968a54042cb35ae2315b2d64b9634cc"
"4","AI & Movement","f26f602b5","2017-07-23","Gemt","naxxramas creature_movement.sql","f26f602b506ebe00bfd0b2278295b1906b493f38"
"4","AI & Movement","9844fb022","2017-07-23","Gemt","increased faerlinas movementspeed slightly","9844fb022bf626f01cdbe7f2b9c7126f015e8a7d"
"4","AI & Movement","7229f3843","2017-07-23","Gemt","naxxramas creature groups","7229f38435e94ecd53cd475201e11198709806bd"
"4","AI & Movement","304701af2","2017-07-23","Gemt","giving up individual updates to creature table. Instead dumping select * from creature where map = 533;","304701af23c5d53741f4a9002f2c3a0ea1e00d02"
"4","AI & Movement","7f4c76370","2017-07-22","Gemt","unholy weapons creature groups","7f4c7637052279a210b67bcb4d2b931dd04e5589"
"4","AI & Movement","0da25031f","2017-07-22","Gemt","toxic tunnel creatures","0da25031fbc8e1d26ca4a1c56a3a6c8fd8faec6f"
"4","AI & Movement","1f666dcec","2017-07-22","Gemt","unholy weapons added to creature table. EventAI implementation for all 3 weapon types, and modified some creature_template values","1f666dcec81ef3416536b8993f0185b2710e588c"
"5","Core Architecture","df594acd5","2017-07-22","Gemt","sapphiron iceblocks now despawn on sapphirons death or reset as well. Attempt at avoiding iceblocks from sometimes now spawning on player if player moves while being the target of icebolt (not working fully yet)","df594acd550d410d777633af9833125e648a24e1"
"2","Combat & Spells","1371fbe0b","2017-07-22","Gemt","hackfixing sapphiron to be semi-out of combat during airphase to allow the flight animation to work, while at the same time not regen health","1371fbe0bfe3938b16138de9dde46aa2e6464ab4"
"2","Combat & Spells","2c7fd8a4f","2017-07-21","Gemt","toxic tunnel before gluth implemented. Includes another hackfix for the toxic gas spell","2c7fd8a4f91a9ebb6713418e6db64217b6cb3210"
"5","General Systems","1bd00e096","2017-07-21","Gemt","fix shadow fizzure double repeat","1bd00e096da553cf01bb14d86c27d4ec043ac34d"
"1","Crashes & Security","c6fae603c","2017-07-21","Gemt","crashfix for maexxna web target selection","c6fae603c87874e1ded4244859d8c361e8f8e6dd"
"2","Combat & Spells","fcb333343","2017-07-19","Gemt","dark touched warrior periodically wipes aggro. Death knight raise dead eventAI entry added, with raise dead spell implementation in spell_script_target","fcb333343884dc91394b3247149b2527234d18d3"
"4","AI & Movement","cb7589658","2017-07-19","Gemt","patchwerk movementspeed increased","cb7589658fafe0f75f2debddd8827ec28b9b62ae"
"5","Encounters & World","a3c316b9b","2017-07-19","Gemt","calling reset on eventMap in instance_naxxramas::Initialize. Apparently this function can be called twize","a3c316b9bec381962e0f21d907a15752e3e7c26b"
"1","Crashes & Security","69b624a2f","2017-07-19","Gemt","construct wing trash: living monstrosity totem no longer moves. Patchwork golem corrrected war stomp spell and adjusted cleave frequency. Patchwork golem added disease cloud spell. Sludge belcher added summon bile sludge spell. Embalming slime movementspeed changed to 50%","69b624a2fb71fa017f48daa2031b2645bad78eee"
"4","AI & Movement","441c2f609","2017-07-19","Gemt","AI for plague slimes, including creature_template entries for all 4 slime colors","441c2f609f301eb523503977314839b29fc99f69"
"5","General Systems","e8e7d4c8c","2017-07-19","woblight","Fix wsg flag respawn","e8e7d4c8cd8e2cbfb6dd87404eec68985973ad33"
"1","Crashes & Security","162a512b6","2017-07-19","Staden","Fix crash when caster is not a unit","162a512b6497408ec797cf18ae65bab4d57ba5b3"
"2","Combat & Spells","3f770cfbc","2017-07-18","Gemt","all combat dummies, taken from trinitycore","3f770cfbcda3f1904deb548803d44024dc2c9833"
"4","AI & Movement","235c29f1f","2017-07-18","Gemt","rewrite razuvious ai to use eventtimers + cleanup","235c29f1fc172f6f68f2978a9ee79890a279b064"
"2","Combat & Spells","7b8d72d60","2017-07-18","Gemt","deathknight understudy eventai entry for putting boss in combat when pulled","7b8d72d609eecee46ef0e2bb99d6bf484420650e"
"2","Combat & Spells","e7e09c38a","2017-07-18","Gemt","razuvious: correct add equipment. Removed adds from creature db table, spawned by script insted. Gave adds eventAI which periodically does attack emote. Moved add spawn location and added all combat dummies to naxxramas","e7e09c38abdc52d42ac4453b5fc189905f1053ba"
"2","Combat & Spells","cd551a2bf","2017-07-17","Gemt","ported cmangos liquid spell handling","cd551a2bf75b1a7a9f63437cdf2a456aa0a6ca24"
"5","Encounters & World","673513cc9","2017-07-18","Prithu","Fixed the Elemental Invasion event becoming stuck and never ending or restarting if the server is restarted after a boss dies, but before the event is ended (#1530)","673513cc9293ade05e132feee7bd5b72703c0e2e"
"4","AI & Movement","38037bddc","2017-07-17","Staden","Fix weather updates only being sent to a single player (again)","38037bddc6f6983dc8097ad4c14a157cb1284f4e"
"5","Encounters & World","3b5396e3c","2017-07-17","Staden","AQ40 boss values","3b5396e3c602025f442747e95010cc02ee198005"
"5","General Systems","a8871da17","2017-07-16","Staden","Fix SQL mistakes","a8871da177e46432afce2f683acc8166caa30899"
"5","Encounters & World","ee99b8a47","2017-07-16","Gemt","add ChatHandler::HandleDebugPlayScriptText back inn","ee99b8a47cfe2344e34d90f9d2a55fb62105c9f6"
"4","AI & Movement","468d24e75","2017-07-16","Gemt","rename gargoyle AIs","468d24e75ab2d03a48501863c57722449dbdbf73"
"5","Core Architecture","58e913979","2017-07-16","Gemt","anub and faerlina taunt immunity","58e9139790cccf7af7b5745e0f8905a3e559d900"
"4","AI & Movement","ab40cf8dd","2017-07-16","sipertruk","reset eventai phase at grid unload/stop (#1381)","ab40cf8dd74e3f643c1e75f58d70156e5f9066ee"
"4","AI & Movement","2ba7426d6","2017-07-16","sipertruk","prevent PetDismiss() hunter pets (#1498)","2ba7426d639155b4ffe604de9aae11fe7c32d247"
"5","Core Architecture","6070c4fea","2017-07-15","Gemt","plagued ghoul immunity updates and replaced crypt reaver after faerlina with a tomb horror","6070c4fea7e6cf979ad66e4ce89b22c3387a8f95"
"5","Encounters & World","556c1dc16","2017-07-15","Gemt","unify script for plagued gargoyle and stoneskin gargoyle","556c1dc16382fa473995546222a35a92db68ab89"
"4","AI & Movement","6da5af4a5","2017-07-15","Gemt","removing crypt guards from creature table by entry rather than guid","6da5af4a53333cb706dd20240026950021a9bb43"
"4","AI & Movement","4a7ed57ae","2017-07-15","Gemt","Updated timer of Necropolis Acolyte shadow bolt volley such that it happens at the same time as arcane explosion","4a7ed57aef40cb053005def77092757f0969c7fd"
"4","AI & Movement","3acc86f09","2017-07-15","Gemt","plagued ghoul cleave AI event","3acc86f0962b021fb35078501abee9c8646e29c3"
"1","Crashes & Security","f76f0f0bd","2017-07-15","Gemt","change spellcast to spell visual for corpse explosion","f76f0f0bd4761ce18f0e7989e242bee0c351a3b2"
"2","Combat & Spells","04d9f7f7d","2017-07-15","Gemt","crypt guards now reset threat when casting webs","04d9f7f7d1f92395e8282cb314877722c6ee727a"
"2","Combat & Spells","fee15648c","2017-07-15","Gemt","aura of agony and acid volley spells now stack with itself from multiple casters","fee15648c1c5dee2a162fc61f3ac29bcc6db3cc8"
"2","Combat & Spells","7d95d1a3a","2017-07-15","Gemt","Spell::EffectPlayerPull custom impl for spider web","7d95d1a3a2bb8f46b2a8fa73ccb356ac98563149"
"5","Encounters & World","3f67bc95f","2017-07-15","Gemt","faerlina is now prevented from enraging for 20 sec after widows embrace is used when she is not already enraged","3f67bc95f9429a9215e19184037a535e8bf2f3a5"
"5","General Systems","5451af07d","2017-07-14","Gemt","final fix for naxramas slime","5451af07df4c0fe8fb1fac1ede2ff8b6414bf3bd"
"5","General Systems","a91999fed","2017-07-14","StadenElysium","Add support for Naxxramas slime debuff (#1479)","a91999fede5c91d79865173b940a0ceac8a2a629"
"5","General Systems","02437473c","2017-07-14","Gemt","fix patchwerk hateful strike to also hit targets behind him","02437473c73fa371e463373c802d9f90cdabaf80"
"4","AI & Movement","98970135b","2017-07-14","Gemt","plagued gargoyle ai fix. Stealth buff to spirit of naxxramas HP","98970135b25e3e3dbe54ba1046788e94c6294046"
"5","General Systems","58ced4862","2017-07-14","Prithu","Fixed some issues with the Blackwing Technicians (goblins) (#1452)","58ced4862d4719752139526ec7110eb96b7bdd80"
"4","AI & Movement","b68351bbb","2017-07-13","Gemt","faerlina adds immune to all cc except silence/interrupt, stun and MC. Followers now charge random hostile target periodically.","b68351bbbf791f533448e84602a403dbfa429fbd"
"4","AI & Movement","772186f7d","2017-07-13","Gemt","spirit of naxxramas ai for spawning portals. Said portals spawns ghost of naxxramas. Spirit also casts aoe shadowbolt","772186f7da68415fec7974a3b7ba0a615e9cf599"
"2","Combat & Spells","e50a6f28e","2017-07-13","Gemt","naxxramas acoloyte spell updates","e50a6f28eb301ccad8cacbab946ef1f062f14633"
"2","Combat & Spells","cc96fc6b4","2017-07-13","Gemt","naxxramas acoloyte and cultists spawn in stand state kneel","cc96fc6b46a462430d81b3594a69ecab225f8db6"
"4","AI & Movement","89616fd1c","2017-07-13","Gemt","poisonous skitter scale halfed and movementspeed increased","89616fd1c98e21f8056a5caec2e569ebb3792e03"
"4","AI & Movement","cb3191ebd","2017-07-13","sipertruk","improve player pet reaction (#1453)","cb3191ebd7e6641573a1eb2c2fab1232bdbec850"
"1","Crashes & Security","33c5b61e4","2017-07-13","Gemt","anub impale fix. Target area changed to 15 degrees with a hack. Using a dummy creature to cast the spell rather than anub to avoid visual bug. Also bugfix in heigan where plague_cloud dummy creature was assigned the wrong creature AI script","33c5b61e442f954bae4aed9d46fe6ce32e8eba9f"
"4","AI & Movement","50dc93d11","2017-07-12","Gemt","fix corpse explosion timer to 5-10sec after locust swarm end","50dc93d1190fe1cfb43ec635a050fc28746e10ce"
"5","General Systems","9a7673c6f","2017-07-12","Gemt","anub: corpse scarabs despawn temp fixes and crypt guard despan/respawn fixes","9a7673c6ff83ccd7154df14e37d5afd3a37168aa"
"1","Crashes & Security","e2eab037d","2017-07-12","Prithu","Now cleanup deleted auras before deleting units from the world, fixes a crash with Eyes of the Beast (#1434)","e2eab037d2b6f55ec57c500966c877a33573018b"
"4","AI & Movement","ea1d0a6bb","2017-07-09","WobLight","fix Charge resulting in position + client movement offset (#921)","ea1d0a6bb5fd868702ae36f962055888b85317db"
"5","Core Architecture","8cc7c8913","2017-07-09","sipertruk","send SMSG_ATTACKSTART for new visible units (#1410)","8cc7c8913485df2acd4b6bdd09946ec0aec1b8c9"
"4","AI & Movement","643a12647","2017-07-09","Prithu","Implemented NPC J'eevee AI for Scholomance (#1402)","643a12647d1ed5168645461b95e5f0907de9f702"
"4","AI & Movement","6695994b6","2017-07-09","sipertruk","check hostility from creature only (#1406)","6695994b6c7192ae6645ea4e4c59ff6831b35e39"
"4","AI & Movement","c5ab0704c","2017-07-09","brotalnia","Improvements for RFD escort ritual (#1397)","c5ab0704c88a3ff0d74af7298e9a00445dbf8817"
"5","Encounters & World","2711f1fa2","2017-07-09","Prithu","Implemented the T0.5 BRD Arena Challenge event (#1407)","2711f1fa2a0946e80d029a79d80378069c70c01a"
"5","General Systems","6de2c0b5e","2017-07-08","Gemt","anub: cryptguard despawn 15-60sec random. Correct timer is still a mystery","6de2c0b5e96cd4e24e0ce9fd799699220d901eec"
"1","Crashes & Security","717fdc13e","2017-07-08","Gemt","maexxna: changed a comment","717fdc13e40bed610e96dceec929dd909d074c24"
"4","AI & Movement","4e2469234","2017-07-07","sipertruk","creatures always return at reset (#1380)","4e24692343822676568d5948d992c7b0b1bac240"
"5","General Systems","b7f35f3e0","2017-07-06","Staden","Fix bug reporting guidelines typo","b7f35f3e0d68a17b4838ff62f45b88d659d51588"
"5","General Systems","c54a8ce8b","2017-07-06","Staden","Update bug reporting guidelines","c54a8ce8beb6e365fc2403733017392fb563585e"
"5","General Systems","c6f0b47d2","2017-07-06","Staden","Update readme","c6f0b47d2a809bec45e356a875ea81b822cf7b95"
"5","General Systems","e699dce4b","2017-07-06","kampeador","Some fixes for Ossirian the Unscarred and other issues. (#1269)","e699dce4b6c0997dff47586879fc03f5e18ee5f2"
"5","General Systems","615609a0c","2017-07-04","some2","Beheading Blade (ID: 15253) corrections (#1322)","615609a0c13387c2464f859902ecfda47c2e2d06"
"4","AI & Movement","cccff791d","2017-07-03","Gemt","faerlina: naxxramas follower eventAI which periodically casts aoe silence","cccff791dd72c83eba5a99c7c272e2287a45dcaa"
"5","General Systems","be14103df","2017-07-03","some2","Manaweave Robe (ID: 7509) corrections (#1293)","be14103df717abec4e4abb743459af29899e3ff8"
"1","Crashes & Security","980745581","2017-07-03","brotalnia","Some gossip fixes and other misc changes (#1294)","980745581fddbfb9ce28f1aaa6429e3a66bb9a19"
"5","Core Architecture","41652c6ad","2017-07-03","WobLight","Limit unit tracking visibility to the caster (#1002)","41652c6ade83ab257672c922a4202a1603a2a21b"
"5","Core Architecture","c5deba4d3","2017-07-03","Prithu","Convert Unit.cpp encoding back to UTF-8 (#1265)","c5deba4d3bf7e34083b53cc9527f4c0e9f594f0e"
"5","General Systems","1e8635f2f","2017-07-03","brotalnia","Misc Fixes for Flight Master NPCs (#1306)","1e8635f2f67985911c2455e5b8a3d6aef2d99b94"
"4","AI & Movement","11ce62690","2017-06-29","brotalnia","Make hostile mobs attack nearby passive escort npcs (#952)","11ce62690495bd8cc4b3abc2b9a633bc15baca6f"
"5","General Systems","7bac67565","2017-06-29","WobLight","Mind control fixes (#1101)","7bac675650f024568785fccfee8d20c489e7d5d1"
"2","Combat & Spells","094f55e87","2017-06-29","Prithu","Fix area aura and channel spell tick loss by syncing updates with the caster (#1099)","094f55e87923c8e16c4a7aa2cc1e9a96792b048c"
"5","Encounters & World","87135ef30","2017-06-29","WobLight","Map::Update: prevent small lag spikes from stacking delay on timers. (#1032)","87135ef301f9db3dc5388ea37465757ecc6abda4"
"5","Encounters & World","2440a0b6d","2017-06-29","Prithu","Moved rare loot for Ivus and Lokholar (AV summonable bosses) to a loot pool, added missing items Frost Runed Headdress and Cold Forged Blade (#1120)","2440a0b6da3048c2c2fbb6916bc226c26aa0f711"
"5","General Systems","8f06c6678","2017-06-29","WobLight","More bg banner fixes (#966)","8f06c667837454cda63f8606091d51e372283c95"
"5","Core Architecture","da152e694","2017-06-29","Prithu","Fixed players appearing to be alive even if they are actually dead if they die during Baroness Anastari's Mind Control (#1111)","da152e694de4ed9a99668665691159a5c31a7bd3"
"2","Combat & Spells","bbb208459","2017-06-29","Prithu","Fixed toggled spells with SPELL_ATTR_DISABLED_WHILE_ACTIVE getting stuck when affected by a cooldown such as the GCD (#1161)","bbb20845935cdba3c4a275c950e1ff6c12fc335f"
"5","Encounters & World","dde0413d2","2017-06-29","some2","Set required level for quest ""In Search of Thaelrid"" to 18 (#1162) (#1173)","dde0413d266429bc2617b544b0de406853e0c546"
"5","Encounters & World","a695de846","2017-06-29","sipertruk","Transport fixes (#1124)","a695de846d771e4c5a36d446cbbc2752ddde1969"
"5","General Systems","8946f3e56","2017-06-29","sipertruk","fix targeted monster chat not working (#384)","8946f3e56bc91b9b8bf7e009343f0b239be510ca"
"5","General Systems","3ee02ce0c","2017-06-29","sipertruk","Small fixes for Stormwind children (#1238)","3ee02ce0c2e77285cdd505b60adeeabee00da3e9"
"5","Encounters & World","b85865074","2017-06-28","eir","DB/gameobject: Enable Gravemoss Spawns (#1053)","b8586507406ed6c64e7365d19c5f9b169140b7cb"
"2","Combat & Spells","77363431c","2017-06-28","Prithu","Fixed Lucifron casting spells more often than he should after wipes (#1164)","77363431c6e2ba516a53c8d6ee13b33fc5545a03"
"5","Encounters & World","bce3fffd5","2017-06-28","brotalnia","Script improvements for Stitches (#1165)","bce3fffd51b35dfbf3dcf7d18442a0b775498556"
"2","Combat & Spells","7d842e207","2017-06-28","Kittnz","Core/Misc: Fix current player state when logging out (#1166)","7d842e20784df34e7e6e2429cb188cc712a6636e"
"1","Crashes & Security","3499ee6f6","2017-06-26","Kittnz","Event/Scourge Invasion: Several changes again! Read below","3499ee6f6fd00ed8f5cab6b923194ad865b4f628"
"5","General Systems","f1f0d6d8b","2017-06-25","DonkeyKongRacer","Fix wrong NPC flags for two Revantusk NPCs (#1121)","f1f0d6d8be2b3bc430734ce36d739840801d09c7"
"5","Encounters & World","f1ff9d4e8","2017-06-25","sipertruk","stun player release loot (#1128)","f1ff9d4e8333b990476f5fcc6e685509b25388b8"
"2","Combat & Spells","c0bb4993a","2017-06-26","Prithu","Now always make the player stand on damage if they are sitting. This coincides with HandleAuraModStun setting the unit to stand state on stun application (#1112)","c0bb4993a6f37250c7c3f5b9260f4d56cbd4dc6c"
"5","General Systems","af4eb1793","2017-06-25","brotalnia","Fixes to NPC reactions to emotes (#1079)","af4eb1793829d1666921df5d064a11fb427fbe47"
"2","Combat & Spells","98b624b32","2017-06-25","Gemt","KT script. Improved P1 timers. All P2 and 3 spells and timers implemented. Still requires some tuning","98b624b324da0869f319232e7ce323677519b087"
"5","Encounters & World","228267e77","2017-06-25","Gemt","rmv old comment in sapphiron script","228267e7765f113ac94b2f28f7617cbe85a15896"
"2","Combat & Spells","a79442583","2017-06-25","Gemt","implement custom spelleffect for spell 28408 (chains of KT)","a794425837c7436a4a3bd041319edd1b2c6ae94c"
"2","Combat & Spells","db8400ff6","2017-06-25","Gemt","added HandleAuraAoeCharm() in SpellAuras class to handle SPELL_AURA_AOE_CHARM effect of spell 28410 (chains of KT).","db8400ff6927e2462b5eba65afbd4b2a9bf28dae"
"2","Combat & Spells","a9d2daf76","2017-06-25","Gemt","Spell::AddUnitTarget will not add argument pVictim if spell has attribute SPELL_ATTR_EX_CANT_TARGET_SELF and pVictim is originalcaster","a9d2daf761cb72bc76229054b38ca5957a5f16f2"
"2","Combat & Spells","0a4cf2b4e","2017-06-25","Gemt","kt sql: guardians of icecrown updated initial scale and dmg and given script. Modified KTs frost blast not not be resistable, partially or binary, through spell mod. Given shadow fissure creature script and modified scale and lvl","0a4cf2b4edbf8612c18699ede32c2f7d333a3edd"
"5","General Systems","cd85b0e03","2017-06-22","Gemt","syntax error fix in naxx_gobs.sql","cd85b0e030e541c18fcd14ab051889688d246db7"
"4","AI & Movement","70de56783","2017-06-22","Gemt","increased movementspeed of soldier of the frozen wastes slightly to match videos","70de567833fc3b0d01bafa0df5151687612cea7f"
"2","Combat & Spells","64b2f68d0","2017-06-20","Gemt","Spell::SetTargetMap sapphirons blizzard does not have maxTargets overwritten. Sapphirons life drain gets unMaxTargets rand(7,10) instead of 2","64b2f68d06b11f738db84ac9f85adb463387e48b"
"4","AI & Movement","e1b35092d","2017-06-20","Gemt","db updates for KT adds. Movement speed and scripts for p1 adds, hitbox for guardian of icecrown. Also health updates","e1b35092d78312a8f224ca744b901e5b491df1d6"
"2","Combat & Spells","a000d00a0","2017-06-20","Gemt","gluths decimate must use the custom attribute in spell_mod to ignore armor","a000d00a0974a09dfb8b02455bad13403a5697c6"
"2","Combat & Spells","778e69094","2017-06-20","Gemt","revert armor handling fix in Unit::CalculateSpellDamage. Theory was incorrect","778e690943a64767600d1fd20914e4fb4bbc1824"
"4","AI & Movement","be57b32f0","2017-06-21","Russell Currey","Fail Skinning attempts if the player isn't within loot range (#1094)","be57b32f0e9fe7b92987504c41a1c610320c8af9"
"2","Combat & Spells","6dac3bde0","2017-06-20","GuybrushGit","Spell scaling to item-based spells. (#992)","6dac3bde0812ac8b4c04a2735d1712c392581b4d"
"5","Encounters & World","1b812dc3f","2017-06-20","brotalnia","Fixed emotes for quests in Tirisfal Glades (#1109)","1b812dc3fee7c61091aea2f31a690510fbd7d515"
"2","Combat & Spells","1424f7660","2017-06-19","kyle21b","""chanceResist"" was not strictly ascending (#1047)","1424f7660e19016ff86dfd6052701dce0fd1b3f0"
"5","Encounters & World","bfe0b28c7","2017-06-19","brotalnia","Various quest related fixes & some ScriptMgr improvements (#1095)","bfe0b28c78e2d6dea7c9bb48bc855e279baa3b29"
"5","Encounters & World","81ec7996d","2017-06-19","Russell Currey","Fix NPC text in ""Galen's Escape"" quest (#1092)","81ec7996d1816e5c344a5d3301982247ec3d4662"
"5","General Systems","2e6fb74b3","2017-06-16","Gemt","kt initial sql. Corrected hp","2e6fb74b36bc93178aa11a8916f008ff59ee1ca7"
"5","General Systems","aa203baae","2017-06-16","Gemt","corrected sapps hp and immune to frost","aa203baae1cb69e909cad3f40ffa55a69513170f"
"2","Combat & Spells","1d21eb2eb","2017-06-16","Yoshgit","Bloodthirst, Sunder Armor, Execute trigger procs (#1062)","1d21eb2ebb714e4b621bf3167a8c7048a688ea7a"
"2","Combat & Spells","d6c68359a","2017-06-15","Gemt","sapphiron blizard logic and npc fixes. All spells implemented. Airphase timers good","d6c68359adeae875b628aa5238d46391bbe68f79"
"4","AI & Movement","eabc97752","2017-06-13","Gemt","sapphirons frost breath working, together with iceblock desummoning. Los seems fine on this server behind iceblocks by default","eabc977526656f89f1531b23f86b31998d45b426"
"4","AI & Movement","2a229de62","2017-06-12","Yoshgit","Shield Bash should not trigger main hand (#1057)","2a229de6286555680bc7c3aa565b75f238c8584e"
"5","General Systems","b4150ee21","2017-06-12","Gemt","sapphiron sql with hitbox update","b4150ee212508f7be427df44e04e61b3b6c0da10"
"5","Encounters & World","813c54614","2017-06-12","Gemt","wip sapphiron. Birth animation more or less working. Hoovering more or less working. Working on rewriting all ability timers to eventMap","813c54614bf1b4c41a39990fb2da2208040e30df"
"5","Encounters & World","4ddab9d88","2017-06-11","brotalnia","Added several commands to ScriptMgr (#1030)","4ddab9d888d7ba178405c661d6f21131d13b6d83"
"5","Encounters & World","30a2d5c94","2017-06-11","brotalnia","Many quest start & end script fixes (#1040)","30a2d5c94552b21d079634d659d67cfca125fbc3"
"5","Encounters & World","91e380276","2017-06-10","GuybrushGit","Fixed quest bug when storing quest items. (#1039)","91e380276be9fa6e1dd0b4fa0b6227bef97215c8"
"2","Combat & Spells","fd17674d4","2017-06-10","GuybrushGit","Gathering fail on spell cast end (#1041)","fd17674d4bbbfc0fdf5de19b9689159567243d0b"
"5","Encounters & World","a856741a1","2017-06-09","Gemt","loatheb full script rewrite","a856741a1924d690e7ce96f4dce4976e711708a7"
"1","Crashes & Security","81767581f","2017-06-09","Gemt","loatheb corrupted mind spell core support","81767581fcc4518eda7f13a5ea04daed66462b7d"
"1","Crashes & Security","611b64806","2017-06-09","Gemt","loatheb sql changes. Removed spores from creature db and changed spore flags.","611b6480661f930a50aefc43a4fa6b0fdf706064"
"5","Encounters & World","2b019c515","2017-06-09","DonkeyKongRacer","Quest ""Vorsha the Lasher"" typo - Fix #1031 (#1034)","2b019c515f720500932be593fa3c1fd9f069c953"
"5","Encounters & World","5207b439a","2017-06-08","eir","Fix Some Quest-Starting Items not Being Returned on Abandon (#1027)","5207b439a5a7c39be50b86d02f26f5ac51b4c476"
"5","General Systems","8480a8fa5","2017-06-09","GuybrushGit","Children's Week fixes (#1026)","8480a8fa511517f7a99afd88f568eb28d147aca3"
"5","Core Architecture","f26abfcb9","2017-06-07","Staden","Fix player loading query error","f26abfcb94c11057d51b6ee38db12401a4a82508"
"4","AI & Movement","8d40459c9","2017-06-07","Prithu","Refactored BRD escorts success and failure notifications, implemented Player::GroupEventFailHappens (#1008)","8d40459c90e763997d26eff184ebd57bd1f6411e"
"5","Encounters & World","a3462bb94","2017-06-07","StadenElysium","Merge pull request #1006 from elysium-project/zkstuff","a3462bb9409c5feb5266e3637539fc139b004b8f"
"5","Encounters & World","8df3ba30f","2017-06-07","Staden","Add ZK merge event objects/quest","8df3ba30fca01beb47440ca2891f124c834bbec6"
"5","Encounters & World","412001c8b","2017-06-07","Staden","Save quest reward choice item ID","412001c8b15fd55167cb0272a2023545deffbf30"
"5","Encounters & World","4be46bee3","2017-06-07","brotalnia","Don't show incomplete text for completed quests (#1001)","4be46bee315c975f6f6b2c56456fb018dff5311b"
"1","Crashes & Security","25fd8f42e","2017-06-06","Kittnz","Event/Scourge Invasion: Several changes! Read below","25fd8f42e13340e8d467109bddf4fb22cb12c63d"
"5","Core Architecture","74a9ee07d","2017-06-06","Staden","Don't allow low ranks to send music to other players","74a9ee07d0c5a741d0054096f4d98f5742e2272e"
"4","AI & Movement","cfaa28347","2017-06-06","Kittnz","Event/GO: Darkmoon Faire will now have music playing while the event is active. (#965)","cfaa2834777d569421c26745d7cadc2893d30772"
"2","Combat & Spells","217a5611f","2017-06-06","GuybrushGit","Prevent triggered by aura spells report spam. (#994)","217a5611f57db8a2928dc1178276fafc734fe97a"
"4","AI & Movement","2e0826ef9","2017-06-06","StadenElysium","Fix SMSG_QUESTGIVER_QUEST_DETAILS to add emote support (#995)","2e0826ef90686e431b8fcc00bac3d445f986ce37"
"5","Core Architecture","73457e74a","2017-06-06","brotalnia","Make Brother Sarno greet players upon entering Stormwind Cathedral (#988)","73457e74ad2ea9c6ac6dea63bb46f0c117063605"
"4","AI & Movement","104c7bc97","2017-06-06","brotalnia","Implemented DetailsEmote handling for quests (#993)","104c7bc979a7837a23d9d8e8b1e89419a4c057d5"
"1","Crashes & Security","eacaf6ab5","2017-06-05","Gemt","full heigan script rewrite. Now has a working encounter gauntlet, aoe manaburn, dance phase, correct timers (probably). Heigan sql changes. Replaces half the maggots with diseased ones, updated heigans hitbox, dummy creature for heigans plague fissures, Dummy creature for the plague clouds in the encounter gauntlet during dance phase.","eacaf6ab562395033ae750270fe89969e8b23bd9"
"5","Encounters & World","a0ea1c492","2017-06-05","Gemt","caching of heigans plague fissure gameobjects in instance object. Removed handling of heigans entry door from instance script. Its instead handled by the boss script","a0ea1c49237e89033a8a5023696465aba6bf57bd"
"5","General Systems","d609d821a","2017-06-05","Gemt","few fixes to heignas plague fissures, and removed heigan exit door. Its not used""","d609d821ac597954a368cadea0bb0a696d22bd71"
"2","Combat & Spells","eed0f683f","2017-06-05","Gemt","Unit::SetCurrentCastedSpell added return when spellid = 30122 (heigans plague cloud). Without the return, anyone channeling this spell interrupts themself on first tick","eed0f683f9155fb24f0c6c456825053688493ee8"
"4","AI & Movement","7aabbefe4","2017-06-05","Gemt","core support for overriding the distance at which a creature will be able to call for help","7aabbefe46a06f303774aab88b0e819181af81d3"
"5","General Systems","9ddbb06ae","2017-06-05","GuybrushGit","Fix to Expose Weakness taking ammo (#945)","9ddbb06ae57c123d6163bc08bb106f7f2486de4d"
"5","Encounters & World","03e061270","2017-06-04","eir","Implement Quest Disable (#964)","03e06127087dcb0a3422804e3bd0dd70625fe837"
"5","Encounters & World","720badd3b","2017-06-05","brotalnia","Several improvements for Darkshore quests (#978)","720badd3bfc83e83f111891abf3466f0761b61dd"
"1","Crashes & Security","5eea7f786","2017-06-04","Kittnz","Event/Scourge Invasion: Fix texts for Shadow of Doom and more clean up and little changes.","5eea7f786339996ce77b6137367a8f53e3821972"
"5","Encounters & World","9867c5d69","2017-06-04","Kittnz","Event/Scourge Invasion: Clean up and add missing ability for Shadow of Doom","9867c5d69e4b60600e94147121cddcb749f08b99"
"4","AI & Movement","eab6f723c","2017-06-04","brotalnia","Scripted pet Cannonball Runner (#971)","eab6f723c56567828efbf37c633bd6541a48a6c2"
"5","General Systems","0b2a25402","2017-06-03","eir","Move ""Correct Fang of Mystics pre-1.10"" to itemization","0b2a254025df87402b2062640bb79638b462bd6c"
"2","Combat & Spells","8ef30cce4","2017-06-03","GuybrushGit","Badge of the Swarmguard proc rate (#947)","8ef30cce44a718d58ae40bcaa00c320e9b5848f3"
"1","Crashes & Security","37815e054","2017-06-02","Gemt","change curse of the plaguebringer to cast on current victim rather than random target","37815e054d3faf6a04dfb18b64b9e6a248cbbcdc"
"4","AI & Movement","46688f433","2017-06-02","Gemt","noth: curse of the plaguebringer will now target 20 _closest_ targets to the initial target","46688f4336ac47175ba34584557abc0f5496bb50"
"1","Crashes & Security","0167c6976","2017-06-01","Gemt","noth sql changes: all adds now elite. Plagued construct got eventai which casts Blast Wave (guess).","0167c69765863bc016842e81d1063bab5bdd906e"
"2","Combat & Spells","2714e5acd","2017-06-01","GuybrushGit","Fix to resists consuming Shadow Vulnerability (#938)","2714e5acd877f0b97e3efaeb14d18738b6fd76aa"
"5","General Systems","e70e8fa21","2017-06-01","GuybrushGit","Fix to neutral non-attackable mobs being considered hostile (#946)","e70e8fa2113deaffd113d3186d249d2766615058"
"5","General Systems","d9187285e","2017-06-01","Kittnz","Core/Opcode: Add support for SMSG_PLAY_MUSIC (#944)","d9187285ee2c372c986b35657f088bf0530fc37a"
"5","Encounters & World","5414718da","2017-06-01","brotalnia","Add SCRIPT_MODIFY_FLAGS & Improve Sentinel Selarin Script (#942)","5414718da699f7104ca99eeaf404517d19d7dbd1"
"5","General Systems","737afcd40","2017-06-01","brotalnia","Fixed a small typo in gossip text for Salma Saldean (#937)","737afcd40550d42d4a5ea4e2068e1fc933062167"
"2","Combat & Spells","cbf1cb7bc","2017-05-31","Gemt","noth sql: all adds given eventai with their spells. Given them correct weapons and updated dmg and faction.","cbf1cb7bcbf054e9e961da82669a0d19488ffdba"
"5","General Systems","d6d000c05","2017-05-31","Gemt","dk wing equiptemplate fixes for deathknights","d6d000c051f4ffec33f5ec205d9053219eabc742"
"5","Encounters & World","61796136d","2017-05-31","Prithu","Fixed Viscidus being unkillable (unhittable) once he reaches 1 hp, which prevented him from being frozen or shattered past that point (#929)","61796136de50f933f9035b7c8104639a982a6470"
"2","Combat & Spells","3b670552f","2017-05-30","Gemt","removed non-vanilla spell-ids from sql/naxx/spell_target_positions.sql","3b670552ffd6c1c14419cf7df1bfca292c9067e4"
"4","AI & Movement","24a579a58","2017-05-30","Gemt","removed creatures from noths room. These creatures should be spawned by him. Some dmg and hp adjustments to noth and his adds","24a579a58e738065b3b6e94c609ddd48367b03f4"
"4","AI & Movement","754e405b0","2017-05-30","Gemt","moved deathknight equip_template update to creature_equip_template db table","754e405b0597dc9456a839f8b3694a4d13a198c4"
"5","Encounters & World","c9a134c0f","2017-05-30","Kittnz","Script/GO: Alliance Bell, Horde Bell and Karazhan Bell will now send a bell sound on the start of each hour. (#931)","c9a134c0f814b126cc4aae0b541925bfd1c327ae"
"5","Encounters & World","db7914fce","2017-05-30","Kittnz","Event/Scourge Invasion: Add event boss spawns","db7914fce91339b4229f48447d12ceae1f40dd19"
"5","Encounters & World","ee0adbc17","2017-05-30","Kittnz","Event/Scourge Invasion: Fix gossip for the reward giver npcs","ee0adbc178ba1710bbd804ad3d0447b84f4b4c54"
"2","Combat & Spells","4459ffccc","2017-05-30","Gemt","All spells with target coordinates target map id 533 from trinitycore (except 28444)","4459ffcccc745b448b4a92cd0c3bc5d62b71a9bc"
"5","General Systems","ff87d126a","2017-05-30","Gemt","copypaste merge.bat to sql/naxx folder. Can be used to create a single sql file which will apply all the updates in a swosh!","ff87d126a89f0d05d295ac922d150073aad13c03"
"1","Crashes & Security","11cfe561c","2017-05-29","WobLight","Druids should also drop combo points on target change (#885)","11cfe561c70ccdfe95edc6fefa952452c46a938d"
"5","General Systems","746b7bb9b","2017-05-29","GuybrushGit","Revert ""Fixes to Ouro Sand Blast (#814)"" (#916)","746b7bb9ba15c50d2eaab2f02f622dba4cbcab8e"
"5","General Systems","8b0fe7bd7","2017-05-29","brotalnia","Big update to gossips, fixed all gossip related errors. (#905)","8b0fe7bd7d0f2089e9b57cdb0e3b38786b0bea00"
"5","General Systems","c2546c21c","2017-05-29","sipertruk","fix scarlet tranee respawn (#911)","c2546c21c5387bdf65cde8f7a2aa16db50583b70"
"5","Encounters & World","753904f5f","2017-05-29","Gemt","wip grobbulus poison cloud script","753904f5ffaf4b7727fe17378d1a70acd5991163"
"1","Crashes & Security","ffad2b779","2017-05-29","Gemt","grobbull poison cloud sql changes","ffad2b779b49200042b8810c8ad7b62e65b13406"
"5","General Systems","cc7ece718","2017-05-28","Gemt","core support for Mutating Injection","cc7ece718c04f5bcb0a0e00175ceb8ec72ae44b8"
"5","Encounters & World","e85908672","2017-05-28","Crogge","Merge pull request #900 from Thetruecrow/compile_fix","e85908672d5d9504972714e6830b6f50679be28e"
"2","Combat & Spells","5140ba0e6","2017-05-28","Gemt","grobbulus: rewrite to use eventmap, added falloutslime periodic disease cloud spell. Corrected some timers","5140ba0e6493b2cdc8d95a5a9bc88c97253282ec"
"5","Encounters & World","6cbb26912","2017-05-28","Gemt","patchwerk: first event in enum = 1","6cbb269128f7ebef02202ea21e263bd16d40b44b"
"2","Combat & Spells","46233e2e6","2017-05-28","Gemt","patchwerk: rewrite to use eventmap, new hateful strike logic. Correct enrage spells","46233e2e67009a84c04c01b86c44a843741fd970"
"5","General Systems","bcf0fad53","2017-05-28","Gemt","thaddius hp correction","bcf0fad531980ca9ef236917561d75200c39b417"
"5","General Systems","fd781fea0","2017-05-28","Gemt","gluth hp correction","fd781fea0768af287e39902639837b665f1c7612"
"5","General Systems","aa45857d2","2017-05-28","Gemt","gluth: offset randomization on zombie spawns, aggro radius fix, adjustments and comment about verification on various timers, add frenzy emote.","aa45857d22227c28e6febd4a0c0ed6dad667fa4b"
"5","General Systems","6aac68258","2017-05-28","Gemt","gluth zombies hp fix","6aac68258b3be994eadbdbcd0bb20e5579f8e01a"
"5","General Systems","f1b61b15a","2017-05-28","Gemt","gluth: fix iterator out of range error","f1b61b15ae3fd4af5a2222a6995e4a61dc38e721"
"5","Core Architecture","8d2f5ce85","2017-05-28","Thetruecrow","Added actual extractors to project when extractors are enabled. Fixed compile for ad, vmapextractor, vmap_assembler, mmap. Restructured library usage of libmpq and loadlib.","8d2f5ce857aa45440a3a1323f76c47fbc3345f8a"
"5","General Systems","d6d83b38c","2017-05-27","Thetruecrow","Fixed compile errors when building with tools.","d6d83b38c617fc21cd0005c76ebf195088e2f341"
"2","Combat & Spells","2f46d4a87","2017-05-28","Gemt","core support for gluth decimate spell through a hack to bypass damage modifiers. Added comment in SharedDefines for SPELL_ATTR_EX3_UNK29 which most likely is meant to indicate a spell should ignore any damage modifiers","2f46d4a87e3bea4fc16612145cda99baaa43dd35"
"4","AI & Movement","293b9ae2b","2017-05-27","Staden","Fix Prairie Dog Whistle #654","293b9ae2b116077e48021268d34348628aef95f6"
"5","Encounters & World","f0f522c90","2017-05-28","brotalnia","Improvements for quest Plagued Lands (#892)","f0f522c90327d74262feaea341c5193503ed8bf7"
"4","AI & Movement","a378f2b33","2017-05-27","sipertruk","remove pet duplicate (#888)","a378f2b33f64cd032447fca4de1459dd18551e10"
"2","Combat & Spells","ad2a8355e","2017-05-27","Gemt","rename modify cr and modify br chatcommands to modify combreach and modify boundrad, (cr was mistaken for crit by the string parser)","ad2a8355e5a32dd56e787f163e49276a41f581e8"
"1","Crashes & Security","02d6124f7","2017-05-27","Gemt","thaddius: hitbox increased and change thaddius polarity charge debuffs to display as debuffs","02d6124f7cf13974b1de5bc5759ef81637abaab7"
"2","Combat & Spells","d81fa2d27","2017-05-27","Gemt","core support for thaddius polarity shift spells","d81fa2d2736b30e3b886e5ffe85bb9916c118556"
"5","General Systems","70065eec5","2017-05-27","Gemt","thaddius: tesla coils behaving correct in p1","70065eec57bab54d591811fcd2b27e1ee9c6a392"
"2","Combat & Spells","c92ebc3f8","2017-05-27","sipertruk","apply SPELL_AURA_MOD_SKILL* when needed (#880)","c92ebc3f8e7fd02d16018b2dbee49404f16ba90e"
"5","General Systems","e557407c9","2017-05-27","Prithu","Wasn't checking if the cast was triggered before removal on cast completion (#879)","e557407c9175bf203c62228538c71fe519e1cb96"
"2","Combat & Spells","b2800eb43","2017-05-26","Gemt","thaddus tesla coil spell 28159 explisit target added in spell_script_target db table","b2800eb43dc6f01061a64ff7a364cf88f291c2ce"
"4","AI & Movement","c662460a6","2017-05-26","Gemt","resetting m_auiEncounter[TYPE_THADDIUS] to FAIL if value is SPECIAL on instance load","c662460a63b7b8ae4e46cb90a61712f98c4a5655"
"1","Crashes & Security","8818226ae","2017-05-26","WobLight","don't clear combo points for cat forms on target change (#871)","8818226ae8e7c403ed29e11a3b69ebb0c0fe3e55"
"4","AI & Movement","9bb0ece64","2017-05-26","Kittnz","DB/Creature: Update speed for Plague Ghoul (#876)","9bb0ece64cb9b6273a3961de8a35513aae71acaa"
"2","Combat & Spells","f2b51e622","2017-05-26","sipertruk","arathi basin horde contested banner aura (#874)","f2b51e622beb6cfe311035ed756edc56ea2533c2"
"5","Encounters & World","afa868af3","2017-05-26","Kittnz","DB/Objects: Add missing gameobjects in Champion's Hall & Hall of Legends (#878)","afa868af392ee6107906c678679d01b6d64bd56e"
"2","Combat & Spells","1a24647ca","2017-05-26","Gemt","All spells of DmgClass SPELL_DAMAGE_CLASS_NONE and SPELL_DAMAGE_CLASS_MAGIC now ignore armor","1a24647ca0d46e1428a76a4c2fa960c653244048"
"4","AI & Movement","ba47eeff0","2017-05-26","Gemt","new creature flags_extra feature; CREATURE_FLAG_EXTRA_ALWAYS_CRUSH","ba47eeff0b3d4327213de19d0739cd6d242a6757"
"1","Crashes & Security","04161ea5b","2017-05-26","Gemt","thaddius db updates: stalagg always crushes. Stalagg and feugen attackspeed changed to 2.0s","04161ea5b1d832f4292c3101714c401687225b31"
"5","Encounters & World","8e45e266b","2017-05-26","Gemt","all gobs in naxx (apart from frozen runes and plague fizures) now load on instance creation","8e45e266b6f6756da2423eb2401929a6293e55fc"
"1","Crashes & Security","4502232a5","2017-05-26","Prithu","Revert MSG_MOVE_*ROOT and speed ack changes (#858)","4502232a5f2df5b0684f7da80c10abd0e68c8dcf"
"5","General Systems","77a1266bf","2017-05-26","sipertruk","Fix object pools respawn after server restart v2 (#856)","77a1266bffcb2bc4268ec1b5bc60a76028d75495"
"2","Combat & Spells","b1e58f0e6","2017-05-25","Kittnz","Event/Scourge Invasion: Add worldstate icon on the world map where the invasion is taking place.","b1e58f0e653090b914e78b53d1c13a92bc754f25"
"5","Encounters & World","29a1cade5","2017-05-25","Kittnz","Event/Scourge Invasion: Make visibility on necropolis only zone wide","29a1cade5151aaf7c395a20c83c6d6ac897c7212"
"5","Encounters & World","ccd28ad18","2017-05-25","Kittnz","Event/Scourge Invasion: Move several enums to world_event_naxxramas.h","ccd28ad18d12c3abb4ab6dc00800f67537e56e4a"
"1","Crashes & Security","583f547bc","2017-05-25","Kittnz","Event/Scourge Invasion: Change copyright header","583f547bc87d962a58466f039120bf69973f6167"
"2","Combat & Spells","c211d5bc9","2017-05-25","Staden","Revert ""Make general channels multi-language v2 (#79)""","c211d5bc99b8769b559e277004c1335665eacc0c"
"5","Encounters & World","024b24349","2017-05-25","Gemt","thaddius entrance areatrigger handling in instance script","024b24349f6e5930910ce4a31d0e56f15b48673f"
"5","Core Architecture","128452fb3","2017-05-25","Gemt","faerlina and anub'rekhan only use on-kill yell when killed unit is player","128452fb33056582bfeb204702ab78f97b2299db"
"1","Crashes & Security","cab32ed7f","2017-05-25","Gemt","thaddius tesla coil creatures: removed from creature table (spawned by script instead). Changed creature_template entry to random movement, always flying. Script sets spawndist such that they will always fly in the same location","cab32ed7fbdb4532626c0fcf671f14653cc2e42b"
"5","Encounters & World","82b8b12b2","2017-05-25","Gemt","added thaddius entrance areatrigger to instance.sql","82b8b12b26360fa6df6e30533d5b03cb0add9cb8"
"3","Bounds & Exploits","6c84ff79f","2017-05-24","eir","Prevent Autocomplete Quest Packet-Editing Exploit (#844)","6c84ff79f7c504c58f22c4f171d9da845e97092b"
"5","General Systems","7910236ab","2017-05-24","Staden","Revert ""fix object pools respawn after restart (#424)""","7910236ab6184db0c9d512e12acf62df395245b5"
"4","AI & Movement","6608c2556","2017-05-25","Prithu","Re-added creature setfacing spline since some old creature scripts seem to depend on it... (#843)","6608c2556b67d77e14a411f2fa76c8dda2e3557d"
"2","Combat & Spells","bb8cfdd33","2017-05-24","Staden","Revert ""Fix being able to cast spells whilst under CC effects (#418)""","bb8cfdd333fbc53c67f6dd628e5d1407df04bb6e"
"5","Core Architecture","cd85724ae","2017-05-24","Staden","Revert ""remove players from visibility list (#500)""","cd85724ae8e73989a3adb1ab003dcf07f80b8fad"
"5","General Systems","9cf0bb891","2017-05-24","Staden","Revert ""fix iterator increment (#595)""","9cf0bb891aeac0fe5b0c7c0269302f903c127945"
"5","General Systems","7c6e444ef","2017-05-24","Staden","Revert ""Fixes to the PvP flag mechanics (#588)""","7c6e444ef3682f7fac048159a5f9b6a7c77083c9"
"5","Core Architecture","6a1014f05","2017-05-24","Staden","Revert ""add playervsneutral case to Unit::GetReactionTo (#337)""","6a1014f05a58e2e0f6b18a53ee384d452fce0f16"
"5","General Systems","8107bf906","2017-05-24","WobLight","Battleground: improved AB and AV flag animation responsivness (#833)","8107bf906f3b778e73c0dfbd9887e24c8ea6cd75"
"5","General Systems","52b0d7081","2017-05-24","Staden","Small fix - merge weirdness","52b0d7081a528c74e03f149f2f75a27904771808"
"2","Combat & Spells","e6a2a83b1","2017-05-22","GuybrushGit","Readded spell_proc_event for Aura of the Blue Dragon (#823)","e6a2a83b18cedac8898828b2a670e7ab5bf1a884"
"5","General Systems","16f8ab237","2017-05-22","GuybrushGit","Fix to Combustion not being removed on dispel (#825)","16f8ab237542362ce9265eef8d2528ce5c403d06"
"5","Encounters & World","809e6e408","2017-05-23","GuybrushGit","Prevent stacking multiple shadow vulns (#830)","809e6e40832e0e9aaf30b54c896c0491aba7a78e"
"5","General Systems","3b8277532","2017-05-24","Staden","Update release","3b8277532337d23dc8fe7eeb86b35cdb4da0251d"
"5","General Systems","a0cf000ab","2017-05-23","shmigy429","Update some InhabitTypes (#829)","a0cf000ab7d1cf92567356667ed0c80e0016297c"
"5","Encounters & World","890bab3bb","2017-05-22","jaxsax","Add sql merge script for linux (#820)","890bab3bb69f70a4ed163eb947592d55dbe0741a"
"5","Encounters & World","a05074cac","2017-05-22","Staden","Prevent .namego from applying honourless target","a05074caca6482c3c164007678941011adfc8526"
"5","Core Architecture","e36438f85","2017-05-22","Staden","Add some additional error messages to the other guild commands","e36438f85d1e20c634ea0871cddb77e0c79a45a6"
"5","Encounters & World","c2a0a16f0","2017-05-22","Staden","Add additional error messages to .guild invite command at the request of GMs","c2a0a16f0e70e70d6620018d2d5a536591a17454"
"1","Crashes & Security","d63bf04b7","2017-05-22","brotalnia","Change batch script for merging migrations to create a separate sql file for each database (#818)","d63bf04b76aab7346b54e8dbbbaf57d7d2fd0ccc"
"5","General Systems","193312bb4","2017-05-22","shmigy429","Update Skeletons immune mask (#786)","193312bb4fb7c98e5d484de0f01bdd9f6ec9810b"
"4","AI & Movement","6194da76e","2017-05-22","brotalnia","Fixed TempSummonType for OOX-22/FE escort quest (#817)","6194da76edf4b76f772f0d2c8055d369832d5f2e"
"5","General Systems","8a5d86610","2017-05-22","Staden","Fix Thanan text #796","8a5d866109ca3bebd0d74656a5507d0d7c7a1b13"
"4","AI & Movement","9d6afbbb5","2017-05-22","brotalnia","Improvements for ScriptedPetAI, Timbermaw Defender and Arcanite Dragonling (#798)","9d6afbbb5b78360b5679fab8217b38df5fb39e3d"
"4","AI & Movement","7033880e0","2017-05-22","sipertruk","fix grimtotem naturalists ai and model (#803)","7033880e0626773a0cd6bcf16455c43c5f4032b5"
"5","Encounters & World","b91ec3190","2017-05-22","brotalnia","Prevent Zul'Farrak zombies from respawning (#808)","b91ec319090768468df6024bc29295a63ba5da69"
"5","Encounters & World","557b7e4f9","2017-05-22","brotalnia","Fixed spawns for quest Rescue OOX-09/HL! (#809)","557b7e4f9bbc922a4cb426f87e259c87c93e5246"
"5","General Systems","ea9820a20","2017-05-22","WobLight","Transform scaling improvements and Dartol's Rod + Orb of Deception fix (#810)","ea9820a2025cefc845cd9574794374dc916a9f9d"
"5","Encounters & World","2e944f971","2017-05-22","brotalnia","Greatmother Hawkwind should gesture upon accepting quest A Humble Task 2 (#807)","2e944f971360ce907faa8f373973f6a0740a8e06"
"5","General Systems","7b6283b0d","2017-05-22","GuybrushGit","Fixes to Ouro Sand Blast (#814)","7b6283b0dc3f31c57b842c0498c3795bddab80dd"
"5","Encounters & World","2c99bc91b","2017-05-21","Gemt","naxxramas: Dialogues and zone-wide yells added. Dialogue between LK and KT after sapp dies. KT yells when wing-end-boss is killed. Random screams from thaddius (need to figure out who should be the source of those screams).","2c99bc91bda908d028946f926c4061536fa72e43"
"1","Crashes & Security","a66e99439","2017-05-21","Gemt","naxx dk wing: fix offhand model of deathknights. Change slight randomization of curse of agony aura application for mounted units","a66e99439561169d6b77cc82f3672f71ea682f93"
"1","Crashes & Security","b09a77253","2017-05-21","Gemt","naxxramas script_texts: fixed some incorrect sound IDs, changed some script_text types to ZONE_YELL","b09a77253ba9a306f35a0a667f2bdf039a1a122d"
"1","Crashes & Security","4cd412bd9","2017-05-21","Gemt","dk wing creatures: model equipment updates for dk, dk understudy. Scale change for mounted units. added a death lord. Update dk captain dmg and eventAI","4cd412bd9fa8c5cacba7189ba5e2a150204bfb9a"
"1","Crashes & Security","45d9bf88d","2017-05-21","Gemt","deathknight_wing.sql - few trash changes and notes for further changes","45d9bf88dec15f6963d01be87480994930b12e67"
"5","General Systems","a6f2f0d34","2017-05-21","Gemt","anub attackspeed update","a6f2f0d34599c23db02b7e7cdf5302cb86a7cac7"
"4","AI & Movement","5b39e4c32","2017-05-21","Gemt","anub: adds now perform emote on enrage. Add despawn after corpse explosion now have a slight delay, as can be seen from retail vanilla videos. Mis cleanup","5b39e4c32fe4cdea86d43b46b2050e5c9e9d28c0"
"1","Crashes & Security","8e9aa29cc","2017-05-21","Gemt","TemporarySummon::UnSummon added parameter delayDespawnTime with default value 0. I value > 0, the m_type is changed to timed despawn, and m_timer is initialized to parameter value.","8e9aa29cc9e678b68f9445da551e5dce502b2155"
"4","AI & Movement","7e1ff9b8b","2017-05-20","Gemt","fix grobbulus ai use of wrong enum value","7e1ff9b8b237ef0f6601df96b3ee67e248e52a8b"
"4","AI & Movement","80ea480e7","2017-05-20","Gemt"," replace GetData64 with GetSingleCreatureFromStorage in anub code","80ea480e72de3c5900e2bd74addf1ce0dcab8e95"
"5","Encounters & World","5de69e5ac","2017-05-20","Gemt","added various script_text ids to enums of various naxx bosses","5de69e5ac6d4c8529705d3236b5c09b47f688e1d"
"5","Encounters & World","7395ea280","2017-05-20","Gemt","added scriptdev2 code to boss_grobbulus.cpp","7395ea28025454f985590cc8293014a1f1d423ef"
"5","Encounters & World","8835c576b","2017-05-20","Gemt","naxx: additional script_texts for naxx from scriptdev2","8835c576bbe3b2998b7a7a06cef4706af1763075"
"2","Combat & Spells","c1f071f9c","2017-05-20","Gemt","revert some testcode in Spell::EffectPlayerPull. Added comment in the function","c1f071f9cd4dbc13db5aed8e9a50898cb80b279a"
"2","Combat & Spells","f9f6708ac","2017-05-20","Gemt","thadddius comment about SPELL_MAGNETIC_PULL","f9f6708ac0951755598f18788f1f1505626aa26c"
"4","AI & Movement","b83d40c15","2017-05-20","Gemt","maexxna: web-wrap logic close enough to complete for now. New wrap locations added, which might need adjustments","b83d40c15989750cb41a512a9c2002445f6b01b0"
"4","AI & Movement","8d2e3e934","2017-05-20","Gemt","maexxna: added creature with entry 17286 to creature_template (invisible man). Removed poison shock necrotic poison and scriptname from spiderlings. Adjusted hp of spiderlings.","8d2e3e93441b5a2c41072dabe8d7ab571dc5ea01"
"4","AI & Movement","3762c483b","2017-05-20","Gemt","fix boss_twinemperorsAI::GetPlayerInP2PRange to return a random valid target, rather than always last-on-aggro target (#799)","3762c483b36bd9656fc81244f8b52ab3ef1d10c7"
"4","AI & Movement","6dc388c77","2017-05-20","Gemt","Maexxna: remove spiderlings from creature table. Give webs and spiderligns correct faction","6dc388c77f180ebca5c9f2fbece0c2663b3c0f88"
"2","Combat & Spells","e39f13195","2017-05-20","Gemt","experimenting with Spell::EffectPlayerPull wip","e39f1319539659be90fb229862b01ead7a2b44da"
"2","Combat & Spells","e30a1f90c","2017-05-20","Gemt","SPELL_MAGNETIC_PULL added to thaddius encounter","e30a1f90c4566e83da7d7133f29bb8f5bfd5a006"
"4","AI & Movement","efc705e0a","2017-05-20","Gemt","remove  maexxna webs from creature table","efc705e0aa287834f043bc92afd9f484e515e01d"
"4","AI & Movement","34238791c","2017-05-20","brotalnia","Script improvements for quest chain The Legend of Stalvan (#790)","34238791ceea4072e8ecc02e54e27f00f453b017"
"4","AI & Movement","6c463f365","2017-05-19","Gemt","maexxna: hp, armor and dmg updated to relfect picture found at http://www.kurai.com/wow/naxx/maexxna.jpg","6c463f365643cfcb1f1071b24dfab2e158b96edc"
"4","AI & Movement","0be04c9b5","2017-05-19","brotalnia","Fixed gossips for all class trainers (#775)","0be04c9b5951df72c53722f487920d6bdb4229f9"
"5","General Systems","c688d5ff9","2017-05-18","shmigy429","Correct Spectral Mob Immune Mask. Fixes #704 (#754)","c688d5ff95212e73872fab6233adcc549d6a4377"
"4","AI & Movement","e522195a7","2017-05-18","Staden","Despawn Pilot Xiggs after 5m rather than 2.5h Closes #468","e522195a7bef4174b6c442bce2cea87f573de559"
"5","General Systems","8b36dba52","2017-05-18","GuybrushGit","Fixes to the Anubisath mobs (#771)","8b36dba52db1e0dda5dceb18fa095a8d26611832"
"4","AI & Movement","53a405f04","2017-05-18","Staden","Fix quest text for 'Etched Note' Closes #770","53a405f044e19b4d9d06c7fa73fdc9da0b6c7e16"
"2","Combat & Spells","d00734c92","2017-05-18","Gemt","maexxna: a few spells and notes for further development","d00734c92dae4d56ee6e9ba771d1ec59c8608eb4"
"5","Encounters & World","c499b0527","2017-05-18","Gemt","naxx instance script: massive rewrite of GOs handling. Most doors should now function correctly. A few todonotes added regarding the doors. Teleporters now seem correct.","c499b0527987e0df6454c960e33ce66a647eb9fb"
"5","General Systems","6db0e9586","2017-05-18","Gemt","naxx GOs: doors can no longer be interracted with. Was not true for all doors in original naxx, but it seemed more like a bug than a feature. Makes dealing with locks easier as well. Portal flags now correct.","6db0e9586c4cc48b9bb462570cb87a3b869b1a0a"
"5","Encounters & World","46634e349","2017-05-18","Staden","Add missing fireworks vendor, Fizzlebang Booms, to Tinker Town","46634e349ee7feba124d58f616b7b1ee9848c7c8"
"5","General Systems","548dee68e","2017-05-18","Staden","Correct Fang of the Mystics DPS for pre-1.10","548dee68edb5bf2afc3b2a66fe4c469c210a2fc4"
"5","General Systems","bd80563c9","2017-05-18","Cephei","Corrected the weapon skill based hit/miss chance calculation","bd80563c9fba786c1f6fa478f081f16d3c34a4d5"
"4","AI & Movement","8acc855b7","2017-05-18","GuybrushGit","Fix to Buru Egg Explosion (#757)","8acc855b7e1f6f2b7cb5aa06d0f61d36a84d5f0f"
"5","Encounters & World","bcc751c7c","2017-05-17","Gemt","imported boss_thaddius from scriptdev2. Various modifications to suit our core, still wip. Removed my custom guid storages from naxxramas class, moved to scriptedInstance guid storages. WIP gameobject handling in instance_naxxramas","bcc751c7caba393b409ad6f0a6cd501e6b280733"
"4","AI & Movement","2c6b5ca85","2017-05-17","Gemt","added new tesla coil creatures to creature table","2c6b5ca8537e1329d51d43d4fea21a4fecf6691a"
"4","AI & Movement","92b5f1bca","2017-05-17","Gemt","thaddius sql: added tesla coil creature to creature_template","92b5f1bca8c46ccf2c4066fc9237894ce3cdb49c"
"4","AI & Movement","ff3d7c0b6","2017-05-17","Gemt","thaddius: update creature_template for feugen to have correct scriptname","ff3d7c0b6dd8f361f28bfdd09ecabdd719f0baca"
"5","Encounters & World","d4c92b76a","2017-05-17","Gemt","added .debug play scripttext as a chatcommand","d4c92b76afd193a3101f3e739ee23cc4c7d2128d"
"1","Crashes & Security","7842849f7","2017-05-17","Gemt","naxxscript: various gameobject activate/deactivate changes","7842849f7a1880e07c469056b4e0ec6176b4f17c"
"2","Combat & Spells","c6185cfd8","2017-05-17","Gemt","areatrigger to tp to frostwyrm lair removed from spell_target_position and added to scripted_areatrigger. Script will only TP the player when all 4 wing-endbosses area dead. Gave the spell that teleports players from end of wing to central hub its teleport location","c6185cfd8f90dff3b9f2a2a5427f0c2b1400b5a0"
"5","Encounters & World","5ee23f66e","2017-05-17","Gemt"," added thaddius script loading to src/scripts/ScriptLoader.cpp","5ee23f66ed787182ba643630e1178d970990f34d"
"5","Encounters & World","fcd1dfc21","2017-05-17","Gemt","four horsemen: added common baseclass. Setting instancedata on killed and reset","fcd1dfc21e561e430402b689f17da970c48e6caa"
"5","Encounters & World","45cec76de","2017-05-17","Gemt","added boss_thaddius script with some basic required stuff","45cec76de18736bd025d8de2a54182c8c4322ba1"
"2","Combat & Spells","146ee6122","2017-05-17","Gemt","sapphiron: a couple of spells added to sapphiron enum","146ee6122bd7e4a9d0fb4f6d35faf734f53c52b9"
"4","AI & Movement","d52c21039","2017-05-17","Gemt","naxx: cleanup gameobject and creature guids. Removed each variable holding a guid and placed them in unordered maps. Added utility functions for encounter gate-doors","d52c21039177d2443d25770d60494bd8b1a3cf01"
"5","Encounters & World","df958d338","2017-05-17","sipertruk","Uldaman altar event left broken after #541 (#745)","df958d338c9a7bd48679f7367717f39641a081cb"
"5","Encounters & World","c86d34f95","2017-05-17","StadenElysium","Merge pull request #744 from GuybrushGit/issue-591","c86d34f95ee672e7775fef70781d9300818ecbb1"
"5","Encounters & World","36c6d5dac","2017-05-17","GuybrushGit","Fixes to Rajaxx encounter","36c6d5dac911a5359011efb562c1a687873346a7"
"5","General Systems","ecbbee493","2017-05-16","GuybrushGit","Fixes to General Andorov and Kaldorei Elite","ecbbee493159be685a5a8dc5b320ba06e42ed96e"
"5","Encounters & World","b12112e78","2017-05-16","StadenElysium","Merge pull request #743 from WobLight/shutdown_deserter_fix","b12112e78e036a8a37ab23768ece9b461ba977b7"
"5","Core Architecture","2fcfe3ae5","2017-05-16","woblight","Shutdown: don't mark players as deserters","2fcfe3ae50b499803a9bf2352fad838451291cf4"
"4","AI & Movement","470db9370","2017-05-16","Staden","Don't close loot window upon player movement #689","470db9370bbf31518830039f7589eb59fa4e8774"
"5","Encounters & World","4a3dc10d9","2017-05-16","StadenElysium","Merge pull request #693 from WobLight/teleport_on_dced_fix","4a3dc10d9d7af66618a3dacf7543af97723293c2"
"5","Encounters & World","b4795959b","2017-05-16","StadenElysium","Merge pull request #734 from elysium-project/honor_mark_fix","b4795959b6358ad57fddd4c9e1648c018a41a805"
"5","Encounters & World","050266e77","2017-05-16","StadenElysium","Merge pull request #735 from GuybrushGit/issue-638","050266e77faef89b1630e004c832707e5b084a40"
"5","Encounters & World","3b30d391e","2017-05-16","StadenElysium","Merge pull request #740 from elysium-project/aqmerge","3b30d391ec5f6f528462611a3f789126c500c166"
"5","General Systems","554724f88","2017-05-16","Staden","Typo fix","554724f882080d3d7240d320f090221d27e6b105"
"5","General Systems","6301213a7","2017-05-15","eir","Update Honor Mark Expire time","6301213a7694e076b7634106f1f8dcbd32c8e0c0"
"5","General Systems","da69ef172","2017-05-15","GuybrushGit","Fix to ranged mobs attacking twice on agro","da69ef1727f44ac99208c03faca566f1ebfaf96b"
"4","AI & Movement","e49ec07e9","2017-05-15","eir","Make mailed Honor Marks expire","e49ec07e9e665a45e69aba93b218f586bfda45f6"
"5","General Systems","784bfed05","2017-05-15","Jonathanfy","Vanquished Tentacle fix + Timbermaw Ancestor  (#528)","784bfed05c7c6abb335d2afa89a5efc5ed43c765"
"5","Core Architecture","7f741c778","2017-05-15","woblight","Do not instantly kick players who get disconnected while they're teleported far","7f741c778b2df3256879c09d7fa777b38bdd0a37"
"5","Core Architecture","e7faf4bc8","2017-05-15","woblight","FindPlayerNotInWorld: remove check for player to be in world","e7faf4bc811d055ecca3b1359b5c4d2fa2bab5e7"
"5","Core Architecture","b3beba121","2017-05-15","woblight","Player::TeleportTo: use a more flexible approach to recover a teleport","b3beba12186f27713bcd455cbc015c17cbe18a03"
"4","AI & Movement","21102fe92","2017-05-15","Staden","Container abuse logging","21102fe92e6a6f3030c90ad605b8eb0a6f843ecc"
"1","Crashes & Security","2a70e7f57","2017-05-15","Staden","Replace assert with logging","2a70e7f57ccb67038c5c9690eca5603319f92e19"
"1","Crashes & Security","54aac1111","2017-05-15","Staden","Merge branch 'not_in_world_crashfix' of https://github.com/elysium-project/server into development","54aac1111932815c5840802e58278f234394662d"
"1","Crashes & Security","75cd37d70","2017-05-14","eir","Prevent Crashes on Player Invalid Map ID","75cd37d705941cec9352de0223f738f44885106f"
"2","Combat & Spells","fe12572fb","2017-05-15","brotalnia","Completely rewrote quest_end_script for How Big a Threat 2 (#714)","fe12572fbb7885086ca3035a9a4b0fa709ccbdc2"
"5","Encounters & World","c60d6bf10","2017-05-15","GuybrushGit","Trigger chest events when releasing loot (#722)","c60d6bf103eff4e33f0e9674f0f02cb3decf9e64"
"4","AI & Movement","b4ebde32b","2017-05-14","Gemt","added maexxna inner door and maexxna JustReachedHome function which sets data FAIL","b4ebde32b8c9327026eb85f41e1dc05798a5f97b"
"4","AI & Movement","385bc1f5f","2017-05-14","Gemt","Faerlina: web-door added. Pops up when she is engaged, dissapears when she resets or dies. Also, once again, more stable door handling of anubs door and gate","385bc1f5f15c724f0c3da4857e959a2dd440195a"
"2","Combat & Spells","fe6cf7ac3","2017-05-14","Gemt","Faerlina: Removed natureSilencedTimer, instead checking if we have aura from SPELL_WIDOWS_EMBRACE","fe6cf7ac3de7cfdd61472c981af6d28a0d032dfb"
"5","General Systems","39c6504b8","2017-05-14","Gemt","Faerlina: comment about enrage timers. Bugfix in nature silence mechanic","39c6504b81cc5127dad9ac2b8b4b5b3e5db74f88"
"5","Encounters & World","f7313001d","2017-05-14","Gemt","AnubRekhan: Checking instance pointer before using it","f7313001d55c77a9a7bfca781799f432c367381c"
"2","Combat & Spells","f20ac44fe","2017-05-14","Gemt","Faerlina: Worshippers and Followers removed from creature table. Instead spawned from Faerlinas script. creature_template for Worshippers now has widows embrace spell, allowing players who MC worshippers to use that ability. When Faerlina is hit by Widows Embrace, she stops casting poison volley for 30 seconds and removes enrage from herself. Various timer updates with research.","f20ac44fe754b358499e0ed146bfe4b81064d449"
"2","Combat & Spells","0f81e2fad","2017-05-14","Gemt","further contributing to hacky code: Creature::IsImmuneToSpell will now allow faerlina to be hit by Widows Embrace","0f81e2fade6d11359a7cfeb5c08217c2c89fefdf"
"5","Encounters & World","6bb26f37e","2017-05-14","Gemt","gave faerlina areatrigger scriptname. Using it to do her greet scripttext","6bb26f37ea9b4e12212fd37bb7500a96be9e1e0b"
"5","Core Architecture","698b1475e","2017-05-14","Gemt","slightly moved anubRekhans door to avoid depthbuffer fighting causing door be visible through the walls on the sides when player standing far away","698b1475e25c689c290231fac4d8f820b6d18c17"
"1","Crashes & Security","9e0243b72","2017-05-14","Gemt","AnubRekhan: Additional cryptfiends spawning during the fight now spawn together with locust swarm, on a fixed location, as it should. Locust swarm timers have had some changes based on research attatched in the boss-script file. Impale timers have also gotten some adjustments, with reserach attached.","9e0243b720b8c461f6e2a5891a56d862abd4f2a2"
"2","Combat & Spells","b4c4a878e","2017-05-14","Gemt","Anub'Rekhan: another attempt at handling the door to his entrance. Now making it clickable again if anubs state is not IN_PROGRESS, which will make it possible to get through the door if something goes wrong with automatic opening/closing","b4c4a878eb1330a2a7cd3a99acddc76b559c5615"
"2","Combat & Spells","0465f247e","2017-05-13","Gemt","AnubRekhan: moved cryptGuards inside the class where it belongs. Fixed anubs door open/close state bugs","0465f247e5523d4a6d0df69ef7946c7dea109e3d"
"5","Encounters & World","570375e56","2017-05-13","Gemt","AnubRekhan: Moved corpse scarab spawning logic for when a player dies from anubs script to the naxx instance script in instance_naxxramas::OnPlayerDeath. This will always trigger, unlike anubs own KilledUnit(), which would not trigger if player died from falldmg or an add","570375e56eede1b3f9c8c9fbc74f3db36bf552ac"
"5","Encounters & World","d928d1f61","2017-05-13","Gemt","Player::UpdateZone() now calls SetZoneScript(); which gives the Player objects a zoneScript ptr which is called when a player dies. This enable instanceScripts to use the onPlayerDeath callback, which previously was never called, as players never had a zoneScript pointer","d928d1f611bf95250523ddf07f51bc838a6962cb"
"5","Encounters & World","d03b21129","2017-05-13","Gemt","all TYPE_<bossname> enum entries in naxxramas.h have been updated to make sense. all hardcoded indexing of m_auiEncounter in instance_naxxxramas.cpp now uses the enum to index. WARNING: this may break some bugged old code that relied on the stupid old indexing","d03b2112903c12ae1bcf1757397d8b5287a64171"
"5","General Systems","1b1de4fe2","2017-05-13","Gemt","anubrekhan: Crypt guards now have their abilities. Timers needs work.","1b1de4fe230a8fabb9ce24fb6a74cefaa2c33f24"
"2","Combat & Spells","34753430c","2017-05-13","Gemt","anubrekhan: corpse scarabs now force 5k threat on their initial (random) target on spawn to focus them","34753430c131da4fbf43d6685633aeabcafc487f"
"4","AI & Movement","2c79e96c2","2017-05-13","Gemt","anubrekhan: Cryptguards now spawn 10 corpse scarabs on death, 15sec after the death. A player death will cause 5 corpse scarabs to instantly spawn. Corpse scarabs target a random player in the raid.","2c79e96c2646328f7ae2f04a4437aa2e247e28bd"
"4","AI & Movement","2376d7286","2017-05-13","Gemt","anubrekhan: removed anubs cryptguards from creature table. Summoning them manually from script instead. Boss and cryptguards will now chainpull eachother, regardless of which one is pulled first. Removed the corpse scarabs from creature table.","2376d7286dbb986e293c1c525b1eb37687f3a3f5"
"4","AI & Movement","0cca51468","2017-05-13","Gemt","AnubRekhan: door to anubs room now has a script that triggers the welcome-message when used first time of a (soft)reset of instance. Door closes on pull and opens on reset/death. Door is not clickable once intial opening has been done. Aggro radius increased.","0cca51468fc860d4c129bc6c16bb8c06080d0e64"
"2","Combat & Spells","0f5060e28","2017-05-13","Staden","Fix reputation rewards for Defusing the Threat Closes #703","0f5060e28b85d145755fccfb87e829f442f4a85d"
"2","Combat & Spells","901424736","2017-05-13","WobLight","Player: fixed death states (#692)","90142473634d5f8d839c7a64c888dcee7ea8a0d7"
"1","Crashes & Security","ba14ed225","2017-05-13","woblight","WorldSession::HandlePlayerLogin: if a player was being moved to a gy, repop him at nearest gy. In battlegrounds graveyards are subject to changes, so we can't assume the former teleport location is correct.","ba14ed2257b90920d02961e49aa329bf4ec3790a"
"5","Core Architecture","555d0f39c","2017-05-13","woblight","Player::TeleportTo: save options to allow teleport recover at login","555d0f39c3a2e055589bc8eca60859634756291c"
"5","Encounters & World","14e7f035f","2017-05-13","GuybrushGit","Misc quest and npc database fixes. (#685)","14e7f035f7fb1bc0e8177ea01cb2923ad6b395ac"
"5","General Systems","c1d888a7a","2017-05-13","brotalnia","Gubber Blump Fixes (#686)","c1d888a7aea8f2be784397ccc13ce15c44c51efb"
"5","Encounters & World","c69e0edcb","2017-05-13","brotalnia","Implemented quest Cave Mushrooms's start script (#697)","c69e0edcba3801beeae9fef2cad84f7d5918b295"
"4","AI & Movement","cb70809a3","2017-05-12","woblight","WorldSession::HandlePlayerLogin: redo pending teleport at login If teleport semaphores are set, the server will wait for a reply from the client, if the client just logged in, the teleport ACK was lost and no reply will be sent, This will cause the server to ignore client movements until semaphores are cleared.","cb70809a3bb2d605da46fc12fda9d9fbd44f77ce"
"2","Combat & Spells","3ccff442c","2017-05-12","sipertruk","fix SPELL_AURA_MOD_DETECT_RANGE (#683)","3ccff442c2a70fefffd46e8c277bf4c9bcb49d3b"
"5","General Systems","202bc85ce","2017-05-12","Prithu","Fixed Gnomish Cloaking Device being removed at the start of casts (#682)","202bc85ceacc567c6f9db234612b633b8fb62505"
"5","General Systems","1ecd67759","2017-05-11","Staden","Revert ""Fix ACE_TSS usage (#664)""","1ecd6775972203c787720ea37bbe572a4e23da2a"
"5","General Systems","0aa9df1fe","2017-05-11","GuybrushGit","Alterac Valley NPC fixes (#680)","0aa9df1fe6ef68d5afdb605f28479f967dda1c79"
"5","Core Architecture","4341a7538","2017-05-11","Faruk Ma┼íinovi─ç","Fixed some typos and give the players the possibility to create ticket without any confusion. (#678)","4341a75388b084710d89439d84a74cdee566a39d"
"4","AI & Movement","db12859dc","2017-05-11","KelNostralia","Fix bug that caused warriors to retain rage when switching stances. (#676)","db12859dc7b98f1f17e38b0cb176fd7785307bc0"
"5","General Systems","7c4bb6cf5","2017-05-11","Staden","Ensure bank slots are properly checked when looking for unique items The bank bags themselves weren't being checked, allowing multiple unique bags to be held","7c4bb6cf551e2eb5847039551d312cdcbd158348"
"2","Combat & Spells","e1abfac23","2017-05-11","Prithu","Now set PvP flag on NPCs with civilian flags regardless of faction status, so the civilian flag shows in client tooltips (#669)","e1abfac234603a5eb3cb0c5a42f9682aebdac76b"
"2","Combat & Spells","1abb1b24b","2017-05-11","brotalnia","Quest A Lost Master should require How Big A Threat part 1 (#674)","1abb1b24b84061cb72865e6dd4e3e963c3c1d35f"
"5","General Systems","093db8a33","2017-05-11","Staden","Add additional error checking to gold removal command","093db8a332329c92c997882b3ba5687e34ac477b"
"5","General Systems","fa4751ed7","2017-05-11","Staden","Minor formatting fix","fa4751ed7147ff195d918fece1fb2656a87ec146"
"5","Core Architecture","f743f496e","2017-05-11","Staden","Add gold removal command for offline players","f743f496eb74a202a4833decb05e85deaf8427a5"
"2","Combat & Spells","5b2eea44f","2017-05-11","Prithu","Prevent NPC backstab spells from being castable while the target is facing the creature (#671)","5b2eea44f534d7f095ee58ab65961c7793a84861"
"2","Combat & Spells","a4f4148c9","2017-05-10","Prithu","Fix spells that hit multiple targets proccing some auras more than once (#645)","a4f4148c9026e398e2a3d8cc7f53a8e7a9cb5170"
"5","General Systems","2ea863c27","2017-05-10","brotalnia","Fix ACE_TSS usage (#664)","2ea863c279426b91963994d392e48fb83f1c06e5"
"5","Encounters & World","2c5cf5e67","2017-05-10","Staden","Viscidus: Prevent Viscidus from dying during the glob phase","2c5cf5e67df9c74ea61c742929b0fe840b9de7c7"
"5","General Systems","7a1a1a47d","2017-05-10","GuybrushGit","Fix NPCs not moving home on evade (#550)","7a1a1a47de7d84cfd674efd35d38a6f7ea252ad2"
"2","Combat & Spells","f55e30257","2017-05-10","Prithu","No longer take ammo or proc ranged skillups when using blind (#532)","f55e3025789c418b0e3a1a5e7deabc83a76df20f"
"2","Combat & Spells","313dab078","2017-05-10","sipertruk","Fix warlock spell health funnel (#522)","313dab0789cf299b5bf93f77b456e37a9789bcd6"
"5","General Systems","27b0c6daf","2017-05-10","WobLight","Shapeshifting fixes 2 (#565)","27b0c6daf7d52aef6d98a4d68d5805ff496b4007"
"5","General Systems","e6a049c44","2017-05-10","GuybrushGit","Fix to improved gouge not stacking with gouge cd reduction (#562)","e6a049c44a05eb41781cefcc18ec7522f6addeb9"
"4","AI & Movement","2add70e6d","2017-05-10","Prithu","Fix creature movespline interrupt and improvements (#581)","2add70e6da3585caa8b3455e9967927ba14b8a3a"
"5","General Systems","52b9bed99","2017-05-10","GuybrushGit","Fix to some classes parrying when they shouldn't. (#663)","52b9bed9990b63baf31f1df8c0f45fe0f5cf61a4"
"2","Combat & Spells","9fb2a1822","2017-05-10","GuybrushGit","Added TargetAuraState support to the generic spell ai (#632)","9fb2a182215b7648f1869383deb971449d7cf6d6"
"2","Combat & Spells","cc4bc50d3","2017-05-10","GuybrushGit","Fix to Ignite dot damage (#647)","cc4bc50d3dc534331ecca6c713097ebd2d8fd9e5"
"5","Encounters & World","201947522","2017-05-10","WobLight","Player: move repop preparing actions from `HandleRepopRequestOpcode` to `BuildPlayerRepop` as is ought to be (#649)","2019475222ce5b308c0db2feeca5390114c8429b"
"4","AI & Movement","3c2a62f09","2017-05-07","GuybrushGit","Added missing WP to creature #10807 (Brumeran) in Winterspring (#612)","3c2a62f099e5b86533093a54fc2c8b37cd831189"
"5","General Systems","9eb006878","2017-05-06","sipertruk","fix iterator increment (#595)","9eb0068781f87b45aa222712abb97f96dfda63c4"
"2","Combat & Spells","6739a18b3","2017-05-06","GuybrushGit","Trigger proc flags for totems and flash of light (#597)","6739a18b3a14b7ca3b3afb00e86c538fe7827e76"
"2","Combat & Spells","9a72e56e8","2017-05-06","GuybrushGit","Fix Eye for an Eye not proccing Vengeance (#609)","9a72e56e87e0b97b8b600ebe99c5c9ca5bf77eb7"
"5","General Systems","55bc772cd","2017-05-06","GuybrushGit","Fix to Earth's Grasp talent (#626)","55bc772cd4c9fc7c1b38e0bbd02f9fe5884b7036"
"5","Core Architecture","2d968adf2","2017-05-05","Gemt","another attemt at improving stomach-acid removal logic. Now always removing stomach acid if player Z position > 0.0f, with the exception of the first 4seconds after being ported to the stomach.","2d968adf245b7e82cfe4a51597a33b141311ce2a"
"5","General Systems","22a9511d0","2017-05-03","GuybrushGit","Fixes to the PvP flag mechanics (#588)","22a9511d0fb12e0c24285d954700345f30b6ae97"
"2","Combat & Spells","451f7c0f7","2017-05-01","Staden","Fix lockbox dupe exploit Caused by lockstate stated not being saved correctly during logout when a player was no longer on a map","451f7c0f762dfada34c5f9b0a729e084991cd060"
"5","General Systems","1b76fc7ee","2017-05-01","GuybrushGit","Fixes to Ritual of Summoning. (#541)","1b76fc7ee7620a1cebe4607f9106e8a950e60fc6"
"2","Combat & Spells","88a1840b5","2017-05-01","GuybrushGit","Fix to SPELL_AURA_MOD_FLAT_SPELL_DAMAGE_VERSUS scaling. (#509)","88a1840b56583b08ac165be1f8d4229cc5334ffc"
"5","Core Architecture","28aec0e4f","2017-05-01","sipertruk","remove players from visibility list (#500)","28aec0e4f32a9bbcf1d7c40244c28193ee8f7d0e"
"5","General Systems","aad2f4262","2017-05-01","GuybrushGit","Fix to Swiftmend and Regrowth interaction (#569)","aad2f42628b78a0ff240f85db314298028ee3f9e"
"5","General Systems","b6590f9cf","2017-05-01","GuybrushGit","Fix to Mind Control interrupt (#570)","b6590f9cf8a133e114076cbd9a81b05383b1b485"
"5","Encounters & World","70beabeaf","2017-04-30","Staden","Update Silicate Feeder loot table","70beabeaf4748f28273487298d8d4719a326b339"
"5","Core Architecture","cea9844e1","2017-04-30","Staden","C'Thun: Fix immunities for various tenctacle spawns","cea9844e17fc95d45cbd23016e4afaac1de71756"
"5","General Systems","dfab3607c","2017-04-30","Staden","C'Thun: Update P1 claw timer based on new data","dfab3607c969e696be5e147f114065d9f27059a8"
"5","Core Architecture","784666b55","2017-04-30","WobLight","OutdoorPvP: avoid accessing dangling poiters to `Map`s (#564)","784666b55de81ffb38180cf7ca7f9b3f9b8156dc"
"3","Bounds & Exploits","27addfb5a","2017-04-30","Staden","Fix exploit where items weren't properly consumed if they were wrapped during the 'on use' cast","27addfb5ab54d4b4f668169e0f12f753992c9b79"
"2","Combat & Spells","4c06a3cc9","2017-04-30","GuybrushGit","Interrupt pet channeling spells on diminishing return breaks. (#530)","4c06a3cc9f381fcc4692811b87cda081e2a84d6a"
"2","Combat & Spells","0c00f99df","2017-04-30","GuybrushGit","Dismount NPCs on combat (#554)","0c00f99df19c6887c75fc0495b2dfbcbcb868cee"
"4","AI & Movement","ecdf467ff","2017-05-01","Prithu","Fixed normal dungeon reset time being set for raids, potentially causing incorrect resets (#559)","ecdf467ffaa6813a75a49f525a98b602a7b3f4ea"
"4","AI & Movement","5e3a5a99c","2017-04-30","Prithu","Players can now actually see the raid reset times in the raid info panel (#555)","5e3a5a99cffdc9d5f391822cb1442313054c7d81"
"5","General Systems","046b01266","2017-04-29","Gemt","setting respawntimer of trash between twins and cthun to 7days. Fixes issue #551 upstream","046b0126688dd46659cb795ede9346c4d052570b"
"5","General Systems","def4d2d98","2017-04-29","GuybrushGit","Fix to Rockwing Gargoyle summon (#511)","def4d2d98ac2f3ad61f757ad10a5f3e6b3011481"
"2","Combat & Spells","8f4f2e053","2017-04-29","GuybrushGit","Core Rager select targets from threat table (#544)","8f4f2e053625fe7420a884eea651befa3ccca88d"
"5","Encounters & World","980131079","2017-04-29","Gemt","removed useless debug-printing in boss_fankriss.cpp","980131079d94f6c1fb0584418483aff446fceb22"
"4","AI & Movement","5013ffc4c","2017-04-29","Gemt","small failsafe addition for the removal of players from stomach","5013ffc4cc386737a0c8c33c16d4377b1f3e8cde"
"5","General Systems","22ca2b162","2017-04-29","Gemt","re-enabled teleport to cthun from stomach trigger. It will not conflict with the additional manual check in UpdateStomachOfCthun","22ca2b16217f93c656f2701d323a63e92b44bd4f"
"4","AI & Movement","709ecb6c9","2017-04-29","Gemt","Replace qiraji mindslayers eventAI with scripted ai. This fixes the manaburn-fear effect to only happen on death, as well as targetting random players with mind flay instead of always current target.","709ecb6c9b5e8d2a66a49b55290aa06dd6382255"
"5","Encounters & World","e98a6b0d6","2017-04-28","Gemt","rewrite of logic that handles cthuns-knockback and acid-removal after being teleported from stomach. This does not rely on the area-trigger anymore, which should make it more reliable. In addition, players are not removed from the stomachList until 1.5sec after being TPed, preventing super-bad luck with a giant tentacle spawning on top of a player in the center of Cthun just as the player was ported out.","e98a6b0d6658b86e0cbe3217cc8101207c42dfaa"
"5","Encounters & World","3dbf54894","2017-04-28","Gemt","removed useless debug-printing in twins script","3dbf54894ce232f5151687cfba98bb47d89ceb2d"
"5","Encounters & World","739d22392","2017-04-28","Gemt","attempt fix at twins HP resetting to full when they should have died. This fix will prevent unsigned int being assigned a value < 0, and then used as the HP","739d22392c2439343363739ce053eedfbfeff5bc"
"5","General Systems","284fc3a85","2017-04-28","Gemt","fixed syntaxerror introduced in commit 5f527518af4fe4d898e59fe7d855a590520b7911","284fc3a8584e2232cbf5219eaa58d532439b55a8"
"5","Core Architecture","9cbe6dc8c","2017-04-28","Gemt","slightly reduced the STOMACH_GRAB_DURATION variable controlling how long a player is held before ported to cthuns stomach. Should reduce the chance of other players seeing the teleported player standing idle for a split second after the eating-tentacle dissapears","9cbe6dc8c41488bb51a18f2dfa858b8502550f27"
"5","Encounters & World","5f527518a","2017-04-28","Gemt","removed debugg logging from cthuns script","5f527518af4fe4d898e59fe7d855a590520b7911"
"5","General Systems","bcaa63c12","2017-04-28","Gemt","fix cthuns eye turning unexpectedly during dark glare. He was not taunt immune, and would turn towards taunter if taunted","bcaa63c12b1a379664403a39a56c5abf277069ee"
"2","Combat & Spells","73dbd6531","2017-04-27","GuybrushGit","Hunter spell coefficients (#523)","73dbd6531d5bbed58bbf166d79bef31b2a1cfb0f"
"5","General Systems","4d1ab27ee","2017-04-27","Staden","Fix GCC/Clang build","4d1ab27ee436dd418ea7d702d4f0b5d5e1cc6c0f"
"2","Combat & Spells","5d7519b50","2017-04-27","Staden","Fix auras when randomising creature spawn types in scripts","5d7519b50a74da3c889b8cd56d4febcb970da762"
"5","Core Architecture","d986d043c","2017-04-27","Staden","Trash: Add taunt immunity to Qiraji Mindslayers","d986d043cf5255ee4a9f5807528a59495ced3816"
"5","General Systems","a5a7e9a89","2017-04-27","GuybrushGit","Implemented Improved Fire Ward talent (#512)","a5a7e9a8915c1838be6270bf7eccc8519caccd39"
"5","General Systems","933a0857f","2017-04-27","GuybrushGit","Fix Magic Absorption talent. (#506)","933a0857f70c7f41ea9ee696d6c1d5cbbcc8131f"
"4","AI & Movement","6576b7dbb","2017-04-26","GuybrushGit","Fix to raid markers disappearing (#194) (#205)","6576b7dbb933236add5691ebb3535c2eac5f870e"
"5","Encounters & World","0e75ad5f6","2017-04-25","eir","Implement AQ Opening Event (#496)","0e75ad5f6088d014aa2bbd35bdf3f5362e52f159"
"2","Combat & Spells","b08893a24","2017-04-25","eir","Make AQ Stat Migration more Friendly","b08893a241219b658c6c000a5242616cb32ca0db"
"2","Combat & Spells","c0e48ad6a","2017-04-25","eir","DB/item_template: Add 2 Minute Global CD to Poison Resistance Elixir","c0e48ad6ad119f1ab22c9e550733928bc0203486"
"2","Combat & Spells","e1236c29e","2017-04-25","eir","DB/creature_template: Update AQ Armor and Resistance","e1236c29ef04eb51431a8d2ff83f8e037c8ca29b"
"4","AI & Movement","2fc767690","2017-04-25","Staden","Sartura: Don't edit the creature info for taunt immunity. Bad!","2fc767690f061ca338520f5614307de2f5b6cb8a"
"5","Encounters & World","4d73a5f76","2017-04-25","Gemt","correct respawn timer of 7days for all AQ40 bosses","4d73a5f7692d1856ff6a4b00759b045ec0787313"
"5","General Systems","c2ca5952f","2017-04-25","Gemt","regular coffer droprate of idols fix","c2ca5952f22052e975929efd2b8b2380573d6daa"
"5","Encounters & World","e8ed68978","2017-04-25","Gemt","scarab coffer loot updates","e8ed6897801aa45ef965afbd5d508b39ddf8fd42"
"5","General Systems","76febcf55","2017-04-25","Gemt","removed world db name from an sql update in reputation.sql","76febcf556c303d6cf4648ea94aa3ecadba55b66"
"5","General Systems","387be1b28","2017-04-25","Gemt","fix comment for fankriss snake spawns","387be1b28b124941d0ff26debb618a10a88b13f5"
"5","General Systems","ed3ee1571","2017-04-25","Gemt","slight buff to fankriss snakes. fixes #33. Also made it slightly less likely for entangles to overlap","ed3ee1571d6b2c3cda377c59120fafb693fb5881"
"1","Crashes & Security","22394daa8","2017-04-25","Staden","Viscidus: Forgot to uncomment scale change","22394daa8df335b9eca9042ce92dcf3aa6cdc3bf"
"5","General Systems","2cfe79b3f","2017-04-25","Gemt","fixes #37","2cfe79b3f3a3fa75f81e3610b965bc473bda5937"
"4","AI & Movement","d8aa691c7","2017-04-25","Gemt","Caelestrasz in aq can once again handle show cthuns head quest. Fixes #32","d8aa691c7a125e5fd0938ac8a57b7f1943506fd9"
"5","Encounters & World","f97346805","2017-04-25","brotalnia","Make chests for quest Grimtotem Spying drop different notes (#498)","f97346805ac6dd84a2b112046e802d01b01fca55"
"5","Encounters & World","0e108379f","2017-04-24","eir","Scripts/Silithus: Implement Ahn'Qiraj Opening Event (#486)","0e108379f760ba3177c0c146027781d794557d4c"
"1","Crashes & Security","4e2a78072","2017-04-24","Staden","Change socket log format specifier","4e2a78072f21a3272403cdbf41d1ba7d8bbf6e75"
"5","General Systems","6bc9a865a","2017-04-24","Martin Jesper Low Madsen","Uses a proper ACE_HANDLE type for logging (#403)","6bc9a865a56c3e82d40adca2e8a653fef8c47bb7"
"5","General Systems","05530a981","2017-04-24","Staden","Misc green scepter fixes","05530a981b61fbfe50a654974023c55614cdabae"
"2","Combat & Spells","76abf8a55","2017-04-24","Staden","Add AURA_INTERRUPT_FLAG_TELEPORTED support, based on CMaNGOS commit b6d5f1fb5594397fe1d4822258a0b7d7ad8daa5a","76abf8a55063446b9547f970891562658b9b569e"
"5","General Systems","9a9b7369d","2017-04-24","Staden","Fix HP regeneration when reviving","9a9b7369d9d0519f0d5eaa2e11de3d2f15dae817"
"2","Combat & Spells","b9c0b1508","2017-04-24","GuybrushGit","Spell coefficient overhaul (#447)","b9c0b150818e44ecdf0456320720a159900cc4c4"
"5","General Systems","0e8974f2b","2017-04-24","Jonathanfy","fix for sql name of file (forgot to check the specs) (#455)","0e8974f2b6d3240d0a4d85dac487014b756a03d9"
"2","Combat & Spells","9447a86fd","2017-04-23","Ryan Cheung","Core/SpellAura: Fix charm aura not removed from player when caster creature is removed from world before charm aura unapplying (#439)","9447a86fddf8c3d40b0c5863dd6e4438d57995ce"
"4","AI & Movement","277d86413","2017-04-24","sipertruk","Wailing caverns (#460)","277d86413239e60312e70b4840a77eba1faedf75"
"5","General Systems","f412a2709","2017-04-24","GuybrushGit","Fix to Dragonmaw Bonewarder abilities (#481)","f412a2709b637e5d0d90cc1a468182a4fefba8a3"
"2","Combat & Spells","86b209c63","2017-04-24","Prithu","Spells which have knockback effects are now considered binary (#483)","86b209c6331c81f111822fe7226751e28afc1d23"
"4","AI & Movement","9a701a5c0","2017-04-24","Prithu","Fix teleporting during move splines due to rooting effects and movesplines being incorrectly interrupted (possible DC fix) (#454)","9a701a5c04be197c31863fd6d4d84a1a540894f2"
"2","Combat & Spells","8cff21de6","2017-04-24","GuybrushGit","Fix to Darkmoon Card: Blue Dragon and periodic proc mechanics. (#479)","8cff21de6dc8bbfc764df58fe5f3e508f12ce5f5"
"5","Encounters & World","7ccee136b","2017-04-23","shmigy429","Fix for [Quest] A Hero's Reward #271 (#457)","7ccee136b82488a902b25abea8b97444a52d7a35"
"5","Encounters & World","9b88228a1","2017-04-23","sipertruk","Fix dungeons reset time after server restart (#452)","9b88228a1cceb9291e5255194650c7a7c449b219"
"5","General Systems","392a47ae0","2017-04-23","gearselysium","Update 20170417142406_world.sql (#476)","392a47ae02eeefbeb08de608f01f1b91456b4868"
"4","AI & Movement","821c3c0bf","2017-04-22","eir","Scripts/Blackwing Lair: Bind Players after Scepter Quest accept","821c3c0bf2df628b2c08f903c553c49486d4662b"
"4","AI & Movement","d2e2cc174","2017-04-22","eir","DB/creature_loot_template: Update Narain's Scrying Goggles droprate","d2e2cc174055e27aac40bff12a7fcc35e65e6321"
"2","Combat & Spells","7391678ca","2017-04-23","Prithu","Fixed being able to cast spells while sitting (allowed casting while drinking) (#458)","7391678ca83e4a61a3763d3160e4b93c5ea14fe7"
"2","Combat & Spells","449813f09","2017-04-22","eir","Scepter Line: Update Boss Stats","449813f097a4bdd2ed566f913a029c5c487af381"
"5","Encounters & World","a2c880f2f","2017-04-22","brotalnia","unregister unused scripts (#456)","a2c880f2fb6ef56a721c63fd6c04c99ff3e042ed"
"5","General Systems","6eee719a1","2017-04-22","Gemt","typofix twins in intro dialogue","6eee719a126cb8d681a81f4060606a11638a471b"
"4","AI & Movement","b78a6a602","2017-04-21","Staden","Viscidus: Update movement speed","b78a6a60219ed7bc72d8ba4c881baef29b6b6e53"
"4","AI & Movement","b984e44da","2017-04-21","Staden","Fix bug with creature HP regen introduced in last update","b984e44da479c610029d21b6a2c02ab2fe133ddc"
"1","Crashes & Security","c36197760","2017-04-21","Staden","Change dismount conditions","c36197760779ea03ca3b8495853b5c2bcc5604e3"
"5","Encounters & World","49d0e38e9","2017-04-21","Staden","Quests: Minor Scepter of the Shifting Sands fixes","49d0e38e90711ccc2a87b7d804d909f3f1af078e"
"5","General Systems","bb736ef88","2017-04-21","Staden","Update Silithid Carapace Fragment drop rates","bb736ef885cc4d8fd9b249c05b9fd16763cb78c0"
"5","General Systems","28f1177a5","2017-04-20","shmigy429","Fix Issue #394, correct page ordering (#414)","28f1177a5234d94a24bd97a64c477068424731ed"
"5","General Systems","7445eb3c0","2017-04-21","brotalnia","miscellaneous world database fixes 2 (#402)","7445eb3c0c0186fa177b81a2340404995343176e"
"5","General Systems","2097f1560","2017-04-20","WobLight","Fix tauren scaling when transforming (#440)","2097f1560fbea8cdf76fba73ef0b8c89e3bca74a"
"5","General Systems","5e93b3733","2017-04-20","DonkeyKongRacer","Fix for #391 - Add a Charge face target mechanic (#450)","5e93b3733f7ae4643a65a70479a2ae0ab76ff659"
"4","AI & Movement","71d620af0","2017-04-20","GuybrushGit","Prevents some pets from giving experience (#453)","71d620af0f91fe782c7ea59a247cf938bd8d8e10"
"3","Bounds & Exploits","ecdc6e789","2017-04-20","Gemt","added a manual range check to the port-out-of-stomach areatrigger on cthun. This because the areatrigger has, very rarely, not triggered when players are thrown into its proximity.","ecdc6e7892dcf754668307370dda369e50a2ad04"
"4","AI & Movement","3b97f2b75","2017-04-20","Gemt","attempt at stopping cthun from sometimes following a target in dark glare phase","3b97f2b75c198fc2a63ac235f020f5b6e06f2ef0"
"1","Crashes & Security","8f23defb3","2017-04-20","Gemt","enrage timers for worms changed such that 1st worm in a group has 15sec enrage, worm 2 and 3 gets 5 and 10 additional seconds respectively. Added setInCombatWithZone for worms. Reduced frequency of webs slightly. Increased delay between subsequent worms in a pack slightly.""","8f23defb34fe69ba63d2773b291c12b1443f03f2"
"5","General Systems","aee0debcd","2017-04-20","sipertruk","Proposal fix for Herod's savage Myrmidons spawn on aggro (#304)","aee0debcd61fe49b21e09da22618ac605787dd8c"
"5","General Systems","f27ecc296","2017-04-20","Kittnz","Core/Weather: Fix small weather system bug (#431)","f27ecc2963d8a1b6300a99afe49f7d8d7d40876b"
"5","Encounters & World","a0b508ee9","2017-04-20","shmigy429","Fix for #392 Remove children's week quest (#442)","a0b508ee9004197e8f1df59d55e5b056af4e59a7"
"5","Encounters & World","0036f00c9","2017-04-19","Gemt","increased cthuns lootrange by 800yd so anyone in instance gets rep and loot when it dies.","0036f00c97b18fcae5066eec5365dbbe9cf649e6"
"4","AI & Movement","62c695ef1","2017-04-19","Gemt","players now gain 90 rep for each of the helper npcs tht are alive after Rajaxx dies.","62c695ef1da518bac0ba31c1b3202c9ce8a70928"
"5","Encounters & World","d2d7ab2ce","2017-04-19","Gemt","updated reputation from aq20 bosses","d2d7ab2cef108a936650dc6a1670dc6bbc26eaca"
"1","Crashes & Security","3a5657333","2017-04-19","Gemt","sql changes to aq40 trashmob reputation. Full run with these values gives just under 9k rep from trash and bosses","3a5657333b8e013087cc1a6fd653c8d036f39fcb"
"4","AI & Movement","075e9945a","2017-04-19","Gemt","swapped event_param1 and event_param2 in creature_ai-scripts for Anubisath Defenders. Was incorrect","075e9945aa1423a250b518fc6c3b19c9ebe2cf98"
"2","Combat & Spells","02ebaaa45","2017-04-19","Gemt","made veknilash vulnerable to holy spells","02ebaaa45908e7902f931fcef179b4d07a3baa3f"
"4","AI & Movement","4df65b8f1","2017-04-16","GuybrushGit","Fix to NPC pets pull request (#410)","4df65b8f108552c6d03b736d48542b2d635e9436"
"3","Bounds & Exploits","999c73f5e","2017-04-16","Ryan Cheung","Fix a exploit on dupe items using WPE (#404)","999c73f5e7ebe81d04e38b08cd994bba5d5b5f75"
"5","Encounters & World","6068a5356","2017-04-17","eir","Scripts/Ahn'Qiraj: Possible Fix for Skeram's MC  (#417)","6068a5356c63fd76d8e515fe4f123c936eb45359"
"5","General Systems","3d0103776","2017-04-17","eir","Scepter Blue: Various Fixes (#419)","3d0103776caae093669ea22f3e59656641269420"
"4","AI & Movement","e89d6e5b0","2017-04-19","DonkeyKongRacer","Partial fix for #391 - Charge movement improvement (#433)","e89d6e5b015cf86d7218dc137806264ee49212e4"
"5","General Systems","a91dc6f19","2017-04-19","StadenElysium","Update Fankriss.sql","a91dc6f19e8531cc78d17e868ee878229e4ae498"
"1","Crashes & Security","fb287e38f","2017-04-19","Cgbd","Fix ground rupture crash","fb287e38f016e5076d2ac2a502dbd63b614ab350"
"2","Combat & Spells","1ddc362cb","2017-04-18","Gemt","added separate timer to handle the 10sec grace period of noone in melee range on ouro","1ddc362cba5e67542334c4988e2b94476392eb2b"
"5","Core Architecture","0aa82ec20","2017-04-18","Gemt","cthuns whispers now happen more frequent, at one player at a time, but the same player can only be whispered once every 10min","0aa82ec2072d91dbb845181bd6c3cc5e1d819b4b"
"4","AI & Movement","139b3dbd4","2017-04-18","Gemt","cleanups in instance_temple_of_ahnqiraj.cpp. Door handling should be more robust. Made sure SetData does something for all bosses. Reordered SetData switch to follow the boss order","139b3dbd478e196f20a5e1b19bb9d60d6ccd9bcc"
"2","Combat & Spells","c829cfd59","2017-04-19","Prithu","Fix being able to cast spells whilst under CC effects (#418)","c829cfd59a4c40ad661054b199c441fb8968e586"
"5","General Systems","400cb2d64","2017-04-18","GuybrushGit","Fixes to Seal of Righteousness (#406)","400cb2d64ed0c1c0598ce0867314d38e47fb2103"
"5","Core Architecture","d69a3104a","2017-04-18","shmigy429","Update more skeleton immunities (#412)","d69a3104a8d4693349b76fb1f4ccb34fdb0bdf3d"
"5","General Systems","6ff59adbb","2017-04-18","GuybrushGit","Fix to strat cannons instakill (#423)","6ff59adbb8737542c800916e48476a465eb8576a"
"5","Encounters & World","086d906e3","2017-04-18","Gemt","mangosify loot and xp modifier code","086d906e388bdb0c9ce27cf85e61c81980fdbbcd"
"5","Encounters & World","c3aa9b936","2017-04-18","Gemt","Merge pull request #25 from strudelkuchen/aq","c3aa9b9361bd271f9310a2b30ab1ec7b553ac0e3"
"5","General Systems","316a5fafd","2017-04-18","Dagobert Duck","fixes duplicate `const` made by 1144551f98980f8928862b127654645adb774bf4","316a5fafd152f4e8a161f60022f67662a2844a72"
"5","Core Architecture","530ae7b93","2017-04-18","sipertruk","add playervsneutral case to Unit::GetReactionTo (#337)","530ae7b933d29de6e1a26f34ef6d7910098a1fd6"
"5","Encounters & World","c2f00ee28","2017-04-18","DonkeyKongRacer","Fix quest ""Pyrewood Ambush"" and #413 (#421)","c2f00ee28912f8ef893ce142f631fc03e7ff23e2"
"5","General Systems","0c10cd2ad","2017-04-17","Staden","Core / mount: Fixes for Black Qiraji mount - not entirely perfect but seems to have some Blizzlike flaws","0c10cd2add05f10847e8b0ca57340d170b95579c"
"5","Encounters & World","1144551f9","2017-04-17","Gemt","added ability to override valid loot and xp distance on a worldObject","1144551f98980f8928862b127654645adb774bf4"
"5","Encounters & World","74551c381","2017-04-17","Gemt","veknilash loottable updates for alliance and horde only items","74551c381bb9eded782f988486c87fdb5fb38a8d"
"5","General Systems","90640ac94","2017-04-17","Gemt","fix hard-evade test on twins. Twins now pull any unkilled anubisath defenders","90640ac9436b7583d19e6bd846d5e374a66ad7c6"
"2","Combat & Spells","5535842b8","2017-04-17","Staden","Ouro: Fix spell effect target for base animation","5535842b82fde764a89994fe4ae51f0c63c07a48"
"5","General Systems","c7f33dc5a","2017-04-17","Staden","Ouro: Fix potential timer underflow (thanks to Etiakor for spotting it)","c7f33dc5ac8ced5050dd7609727e938fdc3cd15f"
"2","Combat & Spells","5e4f184e5","2017-04-17","Gemt","fix so both bug types will be potential targets of bug mutation and explosion spells","5e4f184e5f6d1db0778b74441fc7c05e0dd5686f"
"5","General Systems","505f55df0","2017-04-17","Staden","Core / Ouro: Fix EffectSummonObjectWild so the Ouro base is positioned correctly","505f55df02a8dd39db061831ca2c5df7ab44bb01"
"1","Crashes & Security","310e1b3a9","2017-04-16","Staden","Ouro: Missed one submerge timer change","310e1b3a96e1eeebb310bf30a70ceaf3967f5543"
"1","Crashes & Security","f3da1fa1a","2017-04-16","Ryan Cheung","Fix changes in commit e3d4dd5 cause player in combat auto dismount on change area (#398)","f3da1fa1ad730abd9da8cc89190237f2c7e75afb"
"2","Combat & Spells","4658c9168","2017-04-16","brotalnia","Make EffectHealMaxHealth affected by healing percent auras (#400)","4658c9168f75de1c3d315302142326e71271e77e"
"4","AI & Movement","667213711","2017-04-16","Kittnz","DB/Creature: Stormwind City Patroller has wrong speed_walk. (#390)","66721371162659d3de5613d2060a5cef939e6397"
"5","General Systems","4ddfcad21","2017-04-15","Staden","Update Quake, Enrage and Ground Rupture values to prenerf levels","4ddfcad2181490522e892d5cc1a3d09257730974"
"2","Combat & Spells","6309e954a","2017-04-15","Staden","Enrage: Replaced with current spell ID","6309e954aaa6731df46f860555b8a5b491600f50"
"1","Crashes & Security","a45121c82","2017-04-14","Staden","Viscidus: Fix teleport spell and changed it to be cast before reappearing, not after disappearing (boss still follows you, even if you can't see them, unless worked around some other way)","a45121c8219a487c62e5c4b6a27075a9b7a7edd7"
"5","Encounters & World","f67ee8379","2017-04-13","Staden","Viscidus: Prevent globs from being slowed or stunned","f67ee8379b13aeeeddf7636a6c207de344cf7a97"
"4","AI & Movement","f1549f289","2017-04-13","Staden","Viscidus: Fix aggro radius, based on videos. Note: Needs MaxCreaturesAttackRadius adjusted for this to work - will need some temporary AQ hack","f1549f28987cebd7b9085c37ba09d5e00cc78adf"
"5","Encounters & World","523957c8c","2017-04-13","Staden","Ouro: Prevent players from targetting dirt mounds","523957c8c22cd7d96dc6db2e5491ea1bc06e1986"
"4","AI & Movement","9c2fe6d25","2017-04-13","Staden","Ouro: Improve Sand Blast target selection, again","9c2fe6d257a41db4f0604c888043d3b9f249f7f2"
"5","General Systems","6717e3123","2017-04-13","Staden","Ouro: Fix Sand Blast target selection","6717e31233c33bdd87fbaf1f21f8585eb282dc41"
"2","Combat & Spells","546c19417","2017-04-13","Staden","Ouro: Reset threat on submerge","546c19417b3d144296707936b6b2f79f713c6c87"
"1","Crashes & Security","6ca7bfdf9","2017-04-13","Staden","Ouro: Change Sand Blast to clear the threat of all players hit by it (unless info indicating otherwise is found)","6ca7bfdf9f66522ad6fdc7f974bc1368d211b777"
"5","Encounters & World","a50a3369e","2017-04-13","Staden","Ouro: Fix submerge animation and prevent selection during submerge","a50a3369eccde95a7929c724b1127137f2786c4c"
"2","Combat & Spells","0a6f0050e","2017-04-13","Staden","Ouro: Extend aggro radius and combat reach","0a6f0050ea5398621236c93d38faada2899df8ff"
"4","AI & Movement","97d8e8d87","2017-04-12","Staden","Ouro: More aggressive Submerge - if it cannot be cast due to an existing cast, try again rather than skipping the phase","97d8e8d8751cdecb8e3afeaa28336118f5b44316"
"1","Crashes & Security","661f7cb3f","2017-04-14","Gemt","change enrage time for spawn of fankriss from 20 sec to random between 10 and 20 sec","661f7cb3fbcba43ec6298696c49879c50bb88b27"
"4","AI & Movement","ca3fd34cf","2017-04-14","Gemt","attempts at making sure twin emps both give loot to whole raid on death. Still not always working.","ca3fd34cf0f5c58248aafc00b741a713faccc10a"
"5","Core Architecture","4726f1c3b","2017-04-14","Gemt","evadeing twins if they run to players at entrance, copied logic from fankriss","4726f1c3b247ed5c8194eb3423134178f73eaaff"
"5","Encounters & World","e3d4dd5bb","2017-04-14","Staden","Dismount players when entering Booty Bay, transports or exiting an instance. Fix is primarily intended to prevent players exiting AQ with the rare qiraji mounts","e3d4dd5bb84f4a09cab9bb01ace5dc825b9f4294"
"5","Encounters & World","aa6001ad7","2017-04-13","Gemt","missing //m_auiEncounter[uiType] = uiData; call for viscidus, sartura and fankriss. Currently commented out for easier debugging, but now it's there at least","aa6001ad72fc2656e0196f8c9afa91b7dba614be"
"5","General Systems","a32c28d4e","2017-04-13","Gemt","checking z position before checking distance in fankriss' pull-check logic","a32c28d4e0ca9508941b40e493ed9f6753402854"
"5","General Systems","fbb63c532","2017-04-13","Gemt","more robust pull-logic for fankriss based on distance to fixed point, and checked in onUpdate which is always called rather than MoveInLineOfSight","fbb63c53244316cfa7b1b7d33574b9d0c970c30c"
"4","AI & Movement","7406bb259","2017-04-13","Gemt","pets will now also pull cthun","7406bb259b751d2f21f84f84738f78738f5e2598"
"2","Combat & Spells","a26a3e544","2017-04-13","Cgbd","Always cast the triggered spell","a26a3e544c01fc3003b452d82de625b7d7122e14"
"5","General Systems","9405f29d2","2017-04-13","henkethebenke","Some guards were giving wrong directions (POI) (#380)","9405f29d28df5ed7f9e3a78c6e9ca45560039740"
"2","Combat & Spells","71a084609","2017-04-13","Gemt","vek'lor will instantly cast new shadowbolt if target has left melee range and cd is > SHADOWBOLT_RANGED_MAX_CD","71a084609de92c37b82f23e08392a76eb038a746"
"2","Combat & Spells","91ed2d148","2017-04-13","Gemt","Cthun tentacle targeting rewrite (should only affect melee attacks, not casts). Tentacles will always attack topaggro in melee range. If current target leaves melee, that target loose all threat on the tentacle (more or less like how ragnaros works). If there are noone in melee range of the tentacle, the tentacle will not have anyone as its target.","91ed2d148459b51447055ffbc1d1ee656bbc994c"
"1","Crashes & Security","196d7f971","2017-04-13","Gemt","giant eye eyebeam cooldown changed to 2.5sec. That gives the end of cast animation the creature does time to finish","196d7f97132eb6ec23ad525c4369d37b36805c02"
"5","Encounters & World","4abe003f9","2017-04-13","brotalnia","Make gameobject Naga Brazier reset properly (#377)","4abe003f9b68fd4810d07591070c222a4649f11f"
"2","Combat & Spells","f25097a00","2017-04-13","Prithu","Fix druid feral form receiving a large damage boost to auto attacks when wielding multi-damage type weapons (#326)","f25097a00af3b2dc44aedff4567dae399f6ab137"
"2","Combat & Spells","2e07d9729","2017-04-12","Cgbd","Update Huhuran acid spit to ignore resistance","2e07d97293b3ccaa0ff51530d0538440c9695582"
"2","Combat & Spells","7e75bd6ba","2017-04-12","Cgbd","Use SPELL_ATTR_EX4_IGNORE_RESISTANCES on Unit::MagicSpellHitResult","7e75bd6ba8993f16a3978a6e81591171d511b53e"
"5","Encounters & World","6cc607038","2017-04-12","brotalnia","fix quest bodies not despawning (#374)","6cc607038243c74b1f76acba5a65ee87be92611e"
"5","General Systems","84c049db4","2017-04-12","brotalnia","fixed wrong column name (#373)","84c049db4191488f1eba99f03db534d0fd4f1faf"
"4","AI & Movement","9ad1b1186","2017-04-11","Gemt","Renamed CreatureAI::healBy to CreatureAI::HealedBy, as its called in cmanogs, and added call to the function in Unit::DealHeal as it was done in cmangos.","9ad1b11869b06d525874dabb6d2c371a7f7756aa"
"2","Combat & Spells","1f3e74765","2017-04-11","Gemt","twins code cleanup. Bugfix in rangecheck for potential blizzard targets. Replaced twins onDamage with cmangos version","1f3e747657efa5bdb562400259d35fe57b571f05"
"2","Combat & Spells","3d4195c1e","2017-04-11","Gemt","emperors can no longer attack back during teleport-idle period of 2 seconds. Veklor chasing working correctly. Veklors shadowbolt now has a slightly randomized cooldown also when on range","3d4195c1ec13686a995501e1c6461fd4312710a6"
"4","AI & Movement","b0776879b","2017-04-11","Gemt","attempted fix for veklor pathing and chasing. Seems much better during 2player test. Lots of temporary debugging code that will be cleaned later","b0776879b606cfb809e8bc24bd2a54276507c80b"
"2","Combat & Spells","88624aacb","2017-04-11","Cgbd","Implements ground rupture (hacky way atm, maybe to improve), rewrite emerge and add threat wipe on sand blast","88624aacbf61301ca42d9ad0c3435d019a85dbcf"
"5","Core Architecture","3bbe59114","2017-04-10","eir","Unit & NPCs Special: Fix Build","3bbe591146a9f6b79bc82fd30fa2bb5ade352e83"
"4","AI & Movement","f0ea47095","2017-04-11","sipertruk","gun hit and pet's owner reaction (#341)","f0ea47095f6db5920f5bef9067c69cdaa2c7257e"
"2","Combat & Spells","f16b2fe68","2017-04-11","Prithu","Fix persistent area aura (Blizzard/RoF/Volley/etc) being affected by the debuff limit (#323)","f16b2fe68fc9334a219f2d23173d8f82e1470fbf"
"2","Combat & Spells","8b7d13a4c","2017-04-11","GuybrushGit","Fix to spell resists taking off shadow vuln charges (#351)","8b7d13a4c15ad2498136d76f0a9f1882e7736aad"
"5","General Systems","e0b8af784","2017-04-11","brotalnia","Fix for the Elemental Charms from Arathi Highlands (#356)","e0b8af784b43f36cd2b0c1a85178b6ba2a596a80"
"5","General Systems","191eb7284","2017-04-11","brotalnia","fix touch of zanzil (#363)","191eb728401dfc51bc969d7f41de028500b25f43"
"5","General Systems","1a9b78faf","2017-04-11","GuybrushGit","Fix to health regen potions (#360)","1a9b78faf6aec131f2ef5c52dc9950439d388a6c"
"5","General Systems","62959f422","2017-04-11","Jonathanfy","Arcanite Dragongling fix (#309)","62959f4226716763bc0546dc844765087db53e9e"
"2","Combat & Spells","000ab430b","2017-04-11","brotalnia","allow environmental fire damage to be absorded or resisted (#342)","000ab430b14aff0ba665f5bec20f3a7b0f21c714"
"5","General Systems","444ec16e3","2017-04-10","shmigy429","Update emote (#359)","444ec16e3832c22dbeaab9eb9a4cde3be11a84bd"
"5","General Systems","ad809d98e","2017-04-11","GuybrushGit","Fixed shield spikes and elemental sharp stones being removed by death (#350)","ad809d98e0c2270d28bd9534d0835d16a5008b7a"
"5","Core Architecture","38dff082a","2017-04-11","GuybrushGit","Fix to Hellfire ignoring immunities (#353)","38dff082ae182f8527addf741dd4929d7b8222c2"
"2","Combat & Spells","417b93afb","2017-04-11","GuybrushGit","Fix to Garr adds resisting Massive Eruption (#364)","417b93afb9ff9a75eee564b3a40d5f6844f566a1"
"4","AI & Movement","5b5c39b6f","2017-04-10","Gemt","rewrite veklor updateai","5b5c39b6f0e19d847eff785b6e003937277d2d26"
"5","General Systems","86bc369f2","2017-04-10","GuybrushGit","Warchief Blessing fix to timers reset (#343)","86bc369f2d40a0546de74c06ca3b6a618626f86b"
"5","Core Architecture","5c58eba53","2017-04-10","Cgbd","Huhuran should cast her wyvern sting effect, not the player","5c58eba53e2a8a94cc4d90f3c76b92dcd5d8ee15"
"5","Encounters & World","107162ebb","2017-04-10","Cgbd","Smalls corrections to Ouro script","107162ebb4e1ecc618a19045579b831e536c6c36"
"5","General Systems","87e30914e","2017-04-10","Cgbd","Update sql files","87e30914e716d220f3233602b3c77575cfdbfa00"
"5","Encounters & World","f741bf9ef","2017-04-10","sipertruk","Deadmines end door event (#355)","f741bf9efd69c9deb04ca146d5c40f99bb3c1ce5"
"5","Core Architecture","27fd93f97","2017-04-09","Gemt","merge aq and upstream development branch. Note a fixed conflict in Unit.cppL4589","27fd93f9727cd8ff7cb7a725a7c6c0f37dbb7d7f"
"5","Encounters & World","4c11b74cc","2017-04-08","GuybrushGit","Fixed Lucifron events (#240) (#338)","4c11b74ccf046c50a73d3117fe87d76f20b8a070"
"5","General Systems","4fb6a0185","2017-04-08","Gemt","update viscidus trigger faction=14","4fb6a018564e85109cb89d7eea2f40d97ea6a982"
"5","Encounters & World","4fd1de4e0","2017-04-08","Gemt","Merge pull request #17 from StadenElysium/patch-1","4fd1de4e05b66d60c3d239de53f2b2e1886c172a"
"1","Crashes & Security","bb8aecb52","2017-04-08","Gemt","caelestrasz in aq now has a gossip menu, with a script that changes the text based on if cthun is dead or not.","bb8aecb52c387691041af625e55409ac2efc3561"
"4","AI & Movement","5d14c93e2","2017-04-08","GuybrushGit","Fixes to NPC pets (#319)","5d14c93e2c8d907a1ffdc0ec39b3ca24fa546661"
"5","General Systems","3a1a005dc","2017-04-08","StadenElysium","Update CThun.sql","3a1a005dc79d24a4fa250f13a67842fac32cf850"
"2","Combat & Spells","313544d13","2017-04-08","Gemt","reduced delayed combat entry to 9 sec. Cleanup eye of cthun::CastGreenBeam","313544d1348d5f2c87e55dfbc4441389938611da"
"5","Encounters & World","19eeb76b9","2017-04-07","eir","Core/Unit: Make Bosses see through Invisibility","19eeb76b9d1e99a19fe43b951f288cf0f9e94ef8"
"2","Combat & Spells","6c600e3c9","2017-04-08","Gemt","Added optional setInCombatWithZone logic to Cthun. Its now possible to delay when everyone, except the initial puller, is put in combat with cthun","6c600e3c968f38db3c5e8746622121b91ac7dd58"
"4","AI & Movement","e586d7d4a","2017-04-08","sipertruk","properly set pet pvp flag at loading (#301)","e586d7d4ac4f25108ff68cca36008a9cf970d048"
"2","Combat & Spells","237d92470","2017-04-08","brotalnia","Fix incorrect Mana Spring spellid used by Ancient Mana Spring Totem (#315)","237d9247030bb991e8d19a2bdb60d4ff83243ab6"
"5","General Systems","0cd04fceb","2017-04-07","eir","Chat: Fix Build (#316)","0cd04fcebc6c9d72b4eac740ec5054e5fe0521eb"
"4","AI & Movement","7d842a3d0","2017-04-08","brotalnia","remove gnoll aggro text from non-gnoll creatures (#317)","7d842a3d0d71612575f0a75ec8cc5da6e5b94b09"
"5","General Systems","04250ace6","2017-04-07","Staden","Fix bad migrations","04250ace68395c8e28bacf02d60444d05a2693ab"
"4","AI & Movement","40657fb09","2017-04-07","Gemt","removed unused code in flesh tentacle ai","40657fb093fa54c4cf946e5f6271385dcbfc0611"
"4","AI & Movement","93665f460","2017-04-07","Gemt","improved eye of cthun phase timers. Now closer to correct duration on green beam and dark glare phases. Still a little of, wip.","93665f4605a66aef944e80e29f51100c9842ddbe"
"5","Core Architecture","48f74ee85","2017-04-07","Gemt"," cthun no longer kills .god players that are in stomach while noone is outside","48f74ee8567de1b8c9e8168affa33e0e5ce2920a"
"4","AI & Movement","cb855707f","2017-04-07","eir","NPCHandler: Prevent NPCs From Fleeing an Active Conversation","cb855707f6109b11c7fae3978b438a8ebd325630"
"2","Combat & Spells","d3931afe1","2017-04-07","WobLight","Unit::SetDeathState: remove UNIT_FLAG_SKINNABLE when setting to ALIVE (#311)","d3931afe1306dc7d3135903bc315ecabe3bfb19b"
"4","AI & Movement","556114422","2017-04-07","Staden","Polymorph: Reduce creature regeneration to 10%","556114422e08a00381aa7031c73ea7afa63902cf"
"2","Combat & Spells","a44b3ea30","2017-04-07","Neo2003","Make general channels multi-language v2 (#79)","a44b3ea307ca90a00a5c51061ab0c37b34bd1d11"
"5","Core Architecture","e33cce187","2017-04-07","WobLight","[Battleground] fix player death handling (#302)","e33cce1873faeb1c5f7b1f0cb2c68cddb8cdd05d"
"4","AI & Movement","0d23e6d95","2017-04-07","eir","DB/creature_loot_template: Repair table for Feralas and Hinterlands Distress Beacons","0d23e6d9513c204cb5671019b5689519faf69b53"
"3","Bounds & Exploits","1055a3822","2017-04-07","WobLight","Player::RemovedInsignia: set packet size to 0 (#300)","1055a3822b6d0eb2fb23103e90097333bf13777a"
"5","General Systems","9defd8a80","2017-04-07","Gemt","minor fixes to wipe respawn animation","9defd8a80ed5742e00a772d823cbc3ad0eb86a53"
"5","General Systems","855e38ea3","2017-04-06","Gemt","tentacle and portal despawning semems good now. Some reset bugs fixed too","855e38ea353dc34dcfddc14e0e4ba11bee500caa"
"5","Core Architecture","2954d055c","2017-04-06","WobLight","Player::RemovedInsignia: notify the client when the insigna is removed. (#299)","2954d055c046b098b314506176c289350baaf20e"
"5","General Systems","a00436f0e","2017-04-06","Cgbd","Best handle of Ouro reset","a00436f0ee4eaa98bd99d41aa20826ee94c93c63"
"4","AI & Movement","4b1533279","2017-04-06","Gemt","huge refactoring. Finished moving all of cthuns eye logic to cthuns body, except beam and dark glare. The eye should now be spawned by the body and not be preset in the creature database table.","4b153327962aff832cbb339736a4c21847f57ff5"
"2","Combat & Spells","178c204da","2017-04-06","Cgbd","Viscidus can't by killed by damages","178c204dab679dca422442afb4dc3619934015f3"
"4","AI & Movement","3e0fb6fe5","2017-04-06","Gemt","added GetCreatureListWithEntryInGrid override for finding multiple creatures at once. Added new GetGameObjectListWithEntryInGrid as check class","3e0fb6fe5f2f944134ca046f78c69729784baaab"
"5","Encounters & World","b449cd73f","2017-04-06","WobLight","HandleAutoStoreBankItemOpcode: do not add quest items there were never removed when withdrawing. (#287)","b449cd73fae6bb9fecddda6e53649fa552b67117"
"5","Encounters & World","2ec386e6c","2017-04-06","StadenElysium","Loot simulation: Improve the loot table debug command to allow the user to specify the number of simulations to run (#294)","2ec386e6c541da79dcd45dfbc0b2c79a1c031ca5"
"5","General Systems","cc3db65c1","2017-04-06","StadenElysium","Improve regen accuracy (#290)","cc3db65c178dde95f8b28d9e855e190924ecb177"
"4","AI & Movement","f86e13921","2017-04-06","Cgbd","Improve Ouro script, better handle of base, scarabs now have a basic AI and despawn on evade","f86e1392196e1857c3cc158ebd4b9ca026c0d23c"
"5","Encounters & World","c838ceb2a","2017-04-06","GuybrushGit","Fixed some repeatable quests not being acceptable (#88) (#284)","c838ceb2ad5d5e8b05729fc52b609ca95d360c4d"
"5","General Systems","d25c0fd12","2017-04-05","GuybrushGit","Fix to uninitialized variables (#283)","d25c0fd1203b2c2db4a5c321ad3420c96c0635b1"
"4","AI & Movement","68514ad80","2017-04-05","Gemt","moved all logic from cthuns eye to cthuns body, with the exception of beam and dark glare. This includes p1 tentacle spawns, pulling and all resetting. Cthuns eye is no longer in the creature database table, but rather spawned by cthuns body on reset. STILL WIP - currently several bugs","68514ad80f11b5003d6b57908fc74e9c78105051"
"1","Crashes & Security","38e87624b","2017-04-05","Gemt","changed despawn flag of tentacle portals from TEMPSUMMON_DEAD_DESPAWN to TEMPSUMMON_TIMED_DESPAWN_OUT_OF_COMBAT","38e87624b38750fc60808513ed7a15f66ef168dc"
"2","Combat & Spells","b91ed819b","2017-04-05","Gemt","flesh tentacles reset threat when no aggro in melee range","b91ed819b7038aef79758e84d0a375aacc4c0e62"
"5","Core Architecture","7a019baed","2017-04-05","WobLight","BuildListAuctionItems: handle INVTYPE_ROBE when filtering by auctionSlotID) (#279)","7a019baedfb2fe8f24d05ec54dd0d6cbfbaa3efe"
"5","General Systems","393aaf3ef","2017-04-05","shmigy429","Update stock and restock (#280)","393aaf3ef31cfd787a0f00657aa3af5c74e255c0"
"5","General Systems","b3a50d709","2017-04-05","brotalnia","fixed some db errors (#76)","b3a50d70972e027188cb6f15aa8e6793e03037ee"
"2","Combat & Spells","f7f09b4d5","2017-04-05","WobLight","SpellAuras: fixing shapeshifting + transform and stacked transforms (#245) (#217)","f7f09b4d56368e9a883766cb025df6e4da6646ee"
"5","General Systems","8dca0a87c","2017-04-05","GuybrushGit","Fix to the dispel mechanics (#253) (#270)","8dca0a87c1c4a9204c13042ac13c0071a5230cde"
"2","Combat & Spells","8fcf4d9c6","2017-04-06","Prithu","Now check custom spell category if spell is the result of an item cast (#276)","8fcf4d9c6e6b723c465702cd26e39dd1796e5565"
"5","Encounters & World","60af7a5ab","2017-04-05","Gemt","const fixing and improving in boss_cthunc","60af7a5ab535f3f4f1e8b48c621b1a9f4db32d30"
"5","Encounters & World","facaf0c3b","2017-04-05","Gemt","moved last define in boss_cthun to enum scope","facaf0c3bdc136ad04bc42c4b0f6bc1d265a2274"
"2","Combat & Spells","59d0c604c","2017-04-05","Cgbd","Fix number of melee attacks needed to explode Viscidus","59d0c604cc9116f156b8734711ec47a70acb48ef"
"4","AI & Movement","8113b60c8","2017-04-05","eir","DB/creature_loot_template: Repair Bad Silithid Carapace Patch","8113b60c86e43f6698459924540264ede2ac91f6"
"2","Combat & Spells","240e1d405","2017-04-05","Cgbd","Remove Huhuran poison bolt from script, the spell is called via Berserk/Frenzy spells","240e1d4052724aa134093463f39da020cb5291da"
"5","Encounters & World","afacd904c","2017-04-05","Cgbd","Rewrite Huhuran script","afacd904c29a19d5d8e48be717140aba54ba6750"
"2","Combat & Spells","1928ecfa9","2017-04-05","Cgbd","Wand shot can't crack Viscidus, Viscidus doesn't handle toxin aura, Viscidus globs speed implemented","1928ecfa97dd85129c279c210920de230139d712"
"4","AI & Movement","b2bade544","2017-04-04","eir","DB/creature_loot_template: Update Silithid Carapace Fragment Droprate","b2bade54497689c965a8e7081c83bf5d5db45a0c"
"2","Combat & Spells","e18aef1b8","2017-04-05","WobLight","SpellMgr.h trivial cleanup (#258)","e18aef1b80ec1b1c050ff71141ec1e69c28ba889"
"4","AI & Movement","e942b2dd4","2017-04-04","eir","DB/quest_template: Update Path/Hand of the Righteous","e942b2dd4cfdb1de1ebea0c17849e3b54f8c213d"
"5","Encounters & World","e2bfaa7a8","2017-04-04","eir","Scepter Blue: Implement Azuregos' Ledger Quest (#272)","e2bfaa7a822704cee127b4b8c6274d57f09067e2"
"5","General Systems","74facb367","2017-04-05","Cgbd","Fix Huhuran's wyvern sting and poison bolt target selection","74facb367c45addee5b7ea16ffcedf4e8fe8f1be"
"2","Combat & Spells","9de64e998","2017-04-04","Gemt","emerge (birth) animation for cthun tentacles working. Added some more spells and comments for cthun to be used, hopefully","9de64e998c97040bed9b35a8b71b457ba15e074a"
"4","AI & Movement","25fc9838f","2017-04-04","Gemt","calling correct virtual function in giant_eye_tentacleAI ctor","25fc9838fb48e32b8435a99a777975a0a2cab3cc"
"5","General Systems","64c86537b","2017-04-04","Gemt","added missing return in UpdateCthunTentacle","64c86537bfdab94d6d49ed428f860de6f3ff4040"
"2","Combat & Spells","cda96ee39","2017-04-04","Gemt","Cthuns tentacles now follow an inheritance hierarchy to share as much code as possible. Moved some of the global static functions into these classes. fixes issue #1","cda96ee394ab9712bf032cbae36fa068244b4974"
"5","Encounters & World","681edc8f8","2017-04-04","Gemt","fix livelock in instance_temple_of_ahnqiraj::KillPlayersInStomach()","681edc8f874654e51c7e6263693198f4f4da6d56"
"2","Combat & Spells","bf3df0926","2017-04-04","Staden","Hand of Justice: Remove 1s internal cooldown based on research","bf3df0926620b90655bfe40e1f767e759f264621"
"1","Crashes & Security","7f7860583","2017-04-04","Staden","Fix crash in groupinfo command","7f7860583bec142b73f1fc2851121d03d657eea0"
"2","Combat & Spells","9d92f540c","2017-04-03","WobLight","RemoveSpellAuraHolder: check for target congruence instead of spell type to interrupt channeling (#244) (#252)","9d92f540c52f3c24c967ec424f4a9e675870b2aa"
"5","Core Architecture","f940c7bb4","2017-04-03","shmigy429","Fix skeletons without immunities (#254)","f940c7bb4d5cd331fca444d85903ffedcdef9a29"
"5","General Systems","33876e121","2017-04-03","GuybrushGit","Target Dummy fixes (#230)","33876e12109e02730c133ea9879327f2357d26ad"
"5","Encounters & World","8c48587bf","2017-04-03","Staden","Shift-click loot fix for quest items","8c48587bf60eabc3a277812b17e6e29e6fbdcd63"
"5","General Systems","c7b171a03","2017-04-02","GuybrushGit","Fix for flurry not re-applying on last charge (#117) (#249)","c7b171a0354c5d0f8ceeb05e67359613758d8edd"
"5","General Systems","1028fdb22","2017-04-02","StadenElysium","Update 20170402093309_world.sql","1028fdb22611777a5a42d23a33d191d155997c3f"
"1","Crashes & Security","d8a293ef2","2017-04-02","Gemt","changed twin teleport spell duration from 1.5 to 2sec","d8a293ef2ec33113d1acbe17c2026b41a1841518"
"1","Crashes & Security","895804926","2017-04-02","Staden","Change error messagee used for IP banned players","8958049265bb6c7d2023a18ef139e8257736c5d5"
"2","Combat & Spells","095bd19c6","2017-04-02","Staden","Linken's Boomrang proc rate adjustments","095bd19c6a521e0b928e43da1e09a1b0e432b086"
"1","Crashes & Security","3a77051e0","2017-04-02","Gemt","debugging commands for changing combat_reach and bounding_radius","3a77051e0179ab395d50ae38bc9bd848cef35971"
"2","Combat & Spells","7b69c261b","2017-04-02","Gemt","twins - increased ranged shadowbolt cooldown to 2sec","7b69c261bd4812dcd64243fbe34e25bf18dc7010"
"2","Combat & Spells","2752cc04b","2017-04-02","StadenElysium","Extend pinfo to display 2FA status, gold in mail inbox and gold in mail outbox (#233)","2752cc04be3d2e68c62ceb8e960245dcb99b8f9a"
"5","Encounters & World","048978b86","2017-04-02","GuybrushGit","Fix for blasted lands quest completion (#110) (#231)","048978b86c4fa834d5eeea07712fc7ed989d93b9"
"5","Encounters & World","917fc1c59","2017-04-02","Martin Jesper Low Madsen","Fixes transportation issues on MacOS #2 (#232)","917fc1c59f6d01ecc87273a48f93445d6d4c2852"
"1","Crashes & Security","c4f83db55","2017-04-02","Gemt","screw it, i changed Creature::GetNearestVictimInRange to use (currRange <= bestRange && currRange >= min)","c4f83db55eec3f2dc7d75bf8166a0d1ad6a708f3"
"1","Crashes & Security","bce889564","2017-04-02","Gemt","change 0 to -1 for min dist when choosing new target after tp because GetNearestVictimInRange is stupid","bce889564842f0a4e89d729c0d37236d5b0c8e10"
"1","Crashes & Security","c7c0622e8","2017-04-02","Gemt","gave twins bugs their own ai for more reliable adds stuff. hitbox changes to twins. Veklor can now melee. Completely rewritten veklors spell priorities for this purpose. Full overhaul of all twins cooldowns.","c7c0622e8028ea0ff43bf59b35e4110bc142beb5"
"4","AI & Movement","4509b328d","2017-04-01","eir","Scripts/Blackwing Lair: Fix Build","4509b328dc67682900bd03c8ba37b866257983d4"
"5","General Systems","dd872f8c0","2017-04-01","Gemt","fixed iterators out of range","dd872f8c040ed9590c62354a3691aea6c0f564ac"
"1","Crashes & Security","b3477af33","2017-04-01","Gemt","spell_mod change twins teleport stun duration to 1.5sec","b3477af33c883ba64fd952319a07640a0511a88c"
"5","Encounters & World","d6126fc5f","2017-04-01","shmigy429","Update quest factons (#220)","d6126fc5f6f1b9eb90bc743e46449ae4c27da749"
"2","Combat & Spells","cba1c9496","2017-04-01","GuybrushGit","Set blackout to only proc on shadow damage spells (#208)","cba1c9496cc250108b1c084f503d36a62d36b961"
"2","Combat & Spells","c89f236b6","2017-04-01","brotalnia","fix bloodfang proc buff being parried or dodged (#188)","c89f236b64d529ffe0855c32907a0aa4c9843bcc"
"4","AI & Movement","8d91ecbe0","2017-03-31","eir","Scripts/Blackwing Lair: Implement Scepter Red Shard Event (#224)","8d91ecbe024867b1c0c1a4c3a13c5e583eb47ecb"
"4","AI & Movement","738a89be8","2017-03-31","Cory Parsons","DB/gameobject: Move Gromsblood Above Terrain (#222)","738a89be86ae412ca00d7bf2d8446e1614cb246f"
"5","Encounters & World","6a0fc3811","2017-03-31","eir","DB: Add April Fools Event","6a0fc3811515975954fba16d0be42ce69bc93712"
"5","Encounters & World","62dedf0d4","2017-03-31","GuybrushGit","Implemented the Warchief's Blessing event (#179)","62dedf0d47ad4ad4023cb5a7a61bed16b580372e"
"1","Crashes & Security","bfba7d07a","2017-03-31","Ehli","Changed the npcflag to include gossip for Archmage Xylem, also connected the npc_text gossip script to the actual npc_gossip table. (#133)","bfba7d07affa72b67054c7c498bece57ddcfdc86"
"1","Crashes & Security","b76c5c4d0","2017-03-31","Henrik","Change quest text to write <name> instead of ""Mac"" (#209)","b76c5c4d0e9e5010698dc3d79376cb04381a4b70"
"5","Encounters & World","7f9f4f32c","2017-03-31","brotalnia","Make quest ""Letter to Stormpike"" require ""Encrypted Letter"" to be completed first. (#202)","7f9f4f32c92e2064bc4b0dc9dbccd83ce5e2f8fe"
"5","General Systems","bbe29034f","2017-03-31","Gemt","timed update of flight logic of masters eye to not spam it every update","bbe29034f783336a11450413ef2120ab544ce1ef"
"4","AI & Movement","8c598ebdc","2017-03-31","Gemt","failed attempt at despawning grasps of cthun.","8c598ebdc07d2ad9e07208d70ba5bf9dc638a4f4"
"5","Encounters & World","88c7f0776","2017-03-31","Gemt","finished twin emps intro dialogue, with a floating and turning masters eye. Various cleanups in instance-of-aq script.","88c7f07768cf79561aec4b6ae010bba7ded40e61"
"5","Encounters & World","922a9d964","2017-03-31","Gemt","huhuran now calls ScriptedInstance::SetData(TYPE_HUHURAN, DEAD) on death","922a9d96448df55a5d71c8ff1a1dc752f2da3504"
"5","Encounters & World","257a4a834","2017-03-31","Gemt","moved masters eye and added script to it to hackfix the hovering","257a4a834bcb557a504159b1c16b518555e629a8"
"5","Encounters & World","e64ca2ad7","2017-03-30","Gemt","moved DialogueHelper::m_pInstance from private to protected so its accecible by child-classes who use the virtual methods","e64ca2ad7d904230f302cde8b112bc1eae06ecd1"
"5","Encounters & World","aa144bcba","2017-03-30","brotalnia","fix typo in quest beer basted boar ribs (#203)","aa144bcba026900a909abcfcbaa25507dd94d7b3"
"4","AI & Movement","4c25d4a2c","2017-03-30","Gemt","added how-to for the twins intro event in DoHandleTempleTrigger. Attempt at putting the twins in kneel position if encounter not started from AI script.","4c25d4a2c7b92ad54e4521dd3f7b47d55d64a8bb"
"5","General Systems","caeddc608","2017-03-30","Gemt","corrected text of veklor -like a fly to the web- yell","caeddc6087145551ff938b451e6f1b18ff5df87a"
"2","Combat & Spells","2874b800c","2017-03-30","Gemt","moved defined spells to an enum. Removed old, now unused, sound defines","2874b800c56b328b98ae30f853e9f2f897a9563d"
"4","AI & Movement","d6bdab02e","2017-03-30","Gemt","replaced DONE with FAILED in JustReachedHome for boss_twinemperorsAI","d6bdab02e49d3b7ac77921e26a4fbbd79a6429ea"
"1","Crashes & Security","5539f4ea7","2017-03-30","Gemt","improved pull dialogue between twin emperors so they dont speak on top of eachother. Slight change to logic on killed player","5539f4ea73722134ede5a26e460807faaa259232"
"5","Core Architecture","423972b44","2017-03-29","Gemt","added improved tentacle offset logic to evade teleport as well. Getting z distance for tentacles during spawn and evade by checking height of map instead of player Z, in case player  is jumping","423972b44fc2573cc6519722110457971b4a7b16"
"5","Encounters & World","586c129d9","2017-03-29","Gemt","removed script_text updates in Twins.sql, and put them in aq_script_texts.sql instead. Also added a bunch new script_texts to the new sql file. Info inside file.","586c129d9305078ffd725c98ee390ba3e7f6dca4"
"5","Core Architecture","4df92a8ba","2017-03-29","Gemt","improved random offset of tentacle position when they spawn on player","4df92a8ba95f4108262f495718521d08d22b9511"
"2","Combat & Spells","6fc11c8b1","2017-03-29","eir","Fix SQL statements from #176","6fc11c8b1ed19c2416ca53c2367d95e501bdb1fa"
"5","Core Architecture","6149daa10","2017-03-29","Tenarie","Fixed Skeleton Immunities & Removed Hillsbrad Lion Stealth (#124)","6149daa106a2a70176ef17ba36cd0a333f5cf6ad"
"5","Encounters & World","56d67f996","2017-03-28","Gemt","complete rewrite of cthun stomach logic. Using triggers for porting, and moved the logic to aq instance script.","56d67f9964865ea6a8803f29e5d3e877bc2dfde0"
"5","Encounters & World","60afbecf1","2017-03-28","Ehli","Corrects the errors in quest relating to Fandral Staghelm, also known as the Arch Druid. This fixes quests: 933, 934, 940, 952 and 3785. (#176)","60afbecf18605386cbd56abb0f5c5b6770cefa1c"
"5","General Systems","96a7aa1d4","2017-03-28","GuybrushGit","Fix to ghost water walking. (#134)","96a7aa1d4b09005b7f645fc25490019c631c0294"
"5","Encounters & World","3f849b689","2017-03-28","Gemt","wip moving stomach of cthun logic to instance script. Fixed initalpull bug. Misc cleanup","3f849b689fe3b4ffdad574779bfb4fe1b18ee53f"
"5","General Systems","cc665997e","2017-03-28","Gemt","added cthun stomach areatriggers to db, updated small claw dmg and chealup in cthun sql","cc665997e21abf37fff373e854b74ff9f49d2945"
"5","General Systems","ae53a22d7","2017-03-27","Gemt","finished improved portal spawining function and added its use to all tentacles Added configurable delay from eye tentacle spawn until first mind flay","ae53a22d7bde9ba405f1d6892c4c4f32c1a68ce5"
"1","Crashes & Security","9190f2562","2017-03-27","Gemt","changed single mask to uint32 frm enum","9190f2562e03853c83547ebf0b1d0f0876aba3a9"
"5","Encounters & World","2d79d453a","2017-03-27","Ehli","Corrected the Quest text for the Woodland Protector. (#131)","2d79d453ad48b8543ffd90515a827196a14f2ac5"
"2","Combat & Spells","d1265d0c7","2017-03-26","GuybrushGit","Fix to item set bonus removing auras (#125)","d1265d0c78610231fa90bf43b3f25f4a13bc1f44"
"2","Combat & Spells","417535b40","2017-03-26","Gemt","added previousTarget logic to checkForMelee in cthun to avoid spam-retargeting same player, which makes the mob look weird","417535b40a245ba4c8564aa005f4efc702c587a6"
"2","Combat & Spells","0198fa6f4","2017-03-26","Gemt","final melee range fix for cthun tentacles after finally figuring it out.","0198fa6f44ff67b95f606a5e3146f7243ff91839"
"2","Combat & Spells","58a381f77","2017-03-26","Gemt","corrected combat_reach of giant eye and claw tentacle - they were swapped","58a381f77914944a6dda0b8cdc2d553cbd03cd86"
"2","Combat & Spells","9b8cdc4d2","2017-03-26","Gemt","Made the nature version of ground rupture a binary spell, and added explanation of what the spell IDs are in SpellEntry::ComputeBinary","9b8cdc4d227655f000ec25cfdbf0e9b7ab37da12"
"2","Combat & Spells","23e3f85ec","2017-03-26","Gemt","removed now unused paramters from CheckForMelee","23e3f85ec931ccabb51cd5d94c33672681ad42b9"
"2","Combat & Spells","9a4020200","2017-03-26","Gemt","readded manual melee range check to CheckFormelee","9a40202001a2f2c38ec4f5e8010e98329c095165"
"2","Combat & Spells","d985b0698","2017-03-26","Gemt","hardcoded the eye tentacles mind flay to be binary resist in SpellEntry::ComputeBinary, and added a (configurable) 1.5sec gcd to the mind flay when it gets resisted.","d985b0698de846f829f101de072badbc744cea9e"
"2","Combat & Spells","9f6977a2b","2017-03-26","Gemt","targetting and threat handling for tentacles on cthun done. Was really just about setting boundingradius to the correct value.... Misc related cleanup","9f6977a2b3f0fa8a409b6a983e99322a28353659"
"2","Combat & Spells","b27618ced","2017-03-25","Gemt","melee range fixes for cthun tentacles in sql","b27618cedfe5787fb68d96a64161f3dcae6a255a"
"5","General Systems","bf0ef0840","2017-03-25","GuybrushGit","Improvements to the despawn mechanics. (#114)","bf0ef084086462aeecdbc5499b49cbbcfb3557cd"
"5","General Systems","014fe1906","2017-03-25","GuybrushGit","Removed item check between different types of healthstones. (#101)","014fe1906d3967b1402687209f4bd6270472ab36"
"4","AI & Movement","d217e2726","2017-03-25","StadenElysium","Attempt reconnection after a failed OpenConnection (#80)","d217e2726ff11f960f1a0118afb6527a94538cdc"
"2","Combat & Spells","8d3917ed9","2017-03-25","Gemt","CheckForMelee now returns ptr of target, and only optionally resets threat and defaults to current target","8d3917ed97da4c60b6cdc34a0570ce2971557e9e"
"2","Combat & Spells","d63cd60b1","2017-03-25","Gemt","added unitState UNIT_STAT_ROOT to all cthun tentacles","d63cd60b1db06141890d4310784b4634973c0791"
"5","General Systems","bdac5403a","2017-03-25","Gemt","experimental fix for eye tentacles targetting","bdac5403aa0cfbb0b4f8cb97a95fcc440f56d90a"
"2","Combat & Spells","89bdfadd0","2017-03-25","Gemt","returning from CheckForMelee if current target does not exist","89bdfadd0ce3bd0023f06d95effe31358c4977df"
"2","Combat & Spells","9927591e4","2017-03-25","Gemt","screwed up amend. hpe this works. Using UpdateClawEvade for target selection for melee tentacles","9927591e4b53407c3d4a3d2561e37a24b755f31d"
"2","Combat & Spells","e9d48596e","2017-03-25","Gemt","stole ragnaros CheckForMelee function for giant claw, it seems to work great.","e9d48596e3eb99b9488b0eb4267ba5b96f60a0a0"
"2","Combat & Spells","78f83ce4b","2017-03-24","Gemt","major cleanup of unused functions and added more usage of new SpellTimer class. Cleaned up placement of constant cooldown and timer values so its easier to configure the fight timers","78f83ce4b09ffc5421360d61895f93b5cd802ce2"
"2","Combat & Spells","47bf27141","2017-03-24","GuybrushGit","Fix for flee prevention aura not removing flee effects (#100)","47bf271411269abdcf0a035996265ed85c75877f"
"5","General Systems","be05ce634","2017-03-24","Cgbd","Improve Ouro","be05ce6343f9fa318b53c0aeb7c80b7492b26889"
"2","Combat & Spells","7a0ad98e7","2017-03-24","Cgbd","Huhuran-s wyvernsting can only be casted on melees","7a0ad98e7477e3f01dbcf082103de9be49a34671"
"5","General Systems","a3d875a26","2017-03-24","Cgbd","Update Viscidus sql","a3d875a26ae92246b6733b0de8268941e10b4723"
"2","Combat & Spells","1e36b1fc9","2017-03-24","Cgbd42","Handle Viscidus frost weakness on script, allow Viscidus freeze to proc on melee attacks","1e36b1fc967f0ca70f7033bed14560bc1a4e6160"
"2","Combat & Spells","a94697d87","2017-03-23","Gemt","wip replacing old ability timings with new SpellTimer class","a94697d87f2d5362740631de6fdd26b9c2d4531b"
"2","Combat & Spells","02f1c33bc","2017-03-23","Gemt","using correct ground rupture spells for eye tentacles. WIP and experimenting with a wrapper class for general spells","02f1c33bc7a73f99e9bc27d1a43ef8a2fecbaee0"
"2","Combat & Spells","58fde7beb","2017-03-23","Gemt","removed unused spells and sorted spells enum slightly","58fde7beb6908a7ae1c01a38724a89fbee1f964f"
"5","General Systems","68c4f6a7d","2017-03-23","Gemt","removed some unused code. Minor improvement to resetting logic","68c4f6a7d574804658089e557272fc2d1d479473"
"4","AI & Movement","d7ce0ddff","2017-03-23","Gemt","improved pull logic to primarily use los and distance check. Works for everything except players hiding behind pillars in cthuns room","d7ce0ddffc6f79f896bd4974b5b9ef15698a7ec2"
"1","Crashes & Security","e07dcf5b9","2017-03-23","Gemt","changed all mob and spell defines in boss_cthun to enums","e07dcf5b9a237712a796ab50394dd2dfc8732ca5"
"5","General Systems","d2e6e8d30","2017-03-23","Tenarie","Fix Sweeping Strike with Execute","d2e6e8d30494717cb4fd1f5b55efd37b0b7ddbf2"
"5","General Systems","66918733f","2017-03-22","Gemt","updatec cthun position","66918733f92564b182fffc7bff2bd816e2a359c8"
"5","General Systems","f3cf78dcd","2017-03-22","Gemt","final reverts from phase transitioning debugging","f3cf78dcdc4f625e631b98f5db42f00befa81e54"
"5","General Systems","60bf24ae1","2017-03-22","Gemt","found a hackfix for bugged p1-2 transition. Re-adding code removed for debugging purposes","60bf24ae1898f0ef10238b6a7ccace1cf9a02cb6"
"5","Encounters & World","a89fe053c","2017-03-22","eir","Merge pull request #93 from brotalnia/rfd_ritual","a89fe053c60d19b59acb9e7e6b248080ccfc7241"
"5","Encounters & World","4393c0b20","2017-03-22","eir","Merge pull request #96 from elysium-project/eternal_board","4393c0b20a088ecce17a2548917251b701e268f0"
"4","AI & Movement","716cbbba1","2017-03-22","brotalnia","fixes for rfd escort ritual","716cbbba19ee3407aab5a5a924c1f97d90646f85"
"2","Combat & Spells","a3e06d371","2017-03-22","Cgbd","Add spell target position for summon glob of Viscidus spell","a3e06d3711c6f4b948e4d33c8cde3509eb364ef9"
"5","General Systems","376f46348","2017-03-22","Cgbd","Fix doors flag","376f463482292b58c2fea82de9492f05a7893e91"
"5","General Systems","2c792d56c","2017-03-22","Cgbd","Fix CThunGrasp untargettable","2c792d56cc9d84f8be0defad023bf5afbda7e77e"
"3","Bounds & Exploits","1ff58e58d","2017-03-22","EinBaum","Permissions on .bg command (#86)","1ff58e58d21f07e3c81754ecdaa0d664f80d73fd"
"2","Combat & Spells","37522e107","2017-03-22","Gemt","experimenting with p1-2 transition animation. Found carapace of cthun spell which is now used instead of custom logic in DamageTaken. DONT USE THIS COMMIT OTHER THAN FOR DEBUGGING","37522e10775921afb24734d102d95c39ced8722c"
"5","Encounters & World","0c7560001","2017-03-21","Eir","Script/Silithus: Improve Eternal Board scene","0c756000167bd6dbfe4360efdf4876317d8b710c"
"5","Core Architecture","b4804d22b","2017-03-22","Gemt","fix cthun pulling from entire map. Attempt fix for cthun p2 not resetting properly","b4804d22bfe0673a59e0896d8187054601f50232"
"3","Bounds & Exploits","c9a4c17e5","2017-03-21","Gemt","removed polygon range check.","c9a4c17e5d098bb2aab3fb27b7e0f612050e0f23"
"2","Combat & Spells","8327cf309","2017-03-21","Gemt","Moved playerInStomach vector to instance to make it available for all cthun mobs. Tuned p1 timers. Added use of correct dark glare spells through a cast sequence. Created helper class EyeBeam to handle Eye beam casting (need to reuse for giant eye tentacles). Removed logic that does not port tanks to stomach.","8327cf309d860add3a69827c0b241310d0915018"
"5","General Systems","c49ab210f","2017-03-21","Henrik Adolfsson","Aqua form fix","c49ab210f53a2c79ef52f54914b9f5cf180b8380"
"2","Combat & Spells","4171e3e68","2017-03-20","Gemt","hard-setting combat_radius and combat_reach for giant claw, small and big eye until i get a better understanding of how the values are handled","4171e3e6850d905c1d7b5c2ed1a37ec5ff6535fa"
"2","Combat & Spells","f962651b7","2017-03-20","Gemt","removed code scaling of small eyes, claws and portals. Added helper class to handle ground rupture for eye tentacles (small and big). Added ground rupture to small and big eye tentacles. Added melee dmg use on giant eye tentacle when casting is not possible","f962651b736d0fd140ccfa52cfd52254c323c34c"
"4","AI & Movement","cfcd4234e","2017-03-20","Gemt","made a helper function to spawn small eye tentacles out of class scope to reuse in both cthun and eye_of_cthun ai classes","cfcd4234e9292ac0157246a386d018e77dfe449d"
"5","General Systems","a913f9aea","2017-03-20","Gemt","fix double to float warning","a913f9aeae35847e804f05e6c387fba213d6c349"
"4","AI & Movement","db6c1794e","2017-03-20","Gemt","misc cthun sql updates. Dmg on giant tentacles, proper scaling on small claw and eye tentacle so code scaling is not necessary. Moved cthun slightly towards the door to reflect retail vanilla position","db6c1794e8ba9640b8adabdfcdb00d2a006655aa"
"2","Combat & Spells","b6f7b8804","2017-03-20","Henrik Adolfsson","Simplifying if statement (#52)","b6f7b88045eff808727badcab0e850dc087620ec"
"5","General Systems","4f6220541","2017-03-20","EinBaum","Fix build: ObjectGuid.h hash (#77)","4f6220541dbee63de63333245756da34f8fd9f3e"
"2","Combat & Spells","dda6a4893","2017-03-20","Fr4nsson","fix for issue 34 - ah-humanoid spells (#37)","dda6a4893a24b554a5983889acb1831af96a821a"
"5","Core Architecture","9004dd428","2017-03-19","EinBaum",".lookup player name command (#51)","9004dd4288f2557b3147f3c5240cc9e8e5e4b4c7"
"4","AI & Movement","d64e6169a","2017-03-19","Ehli","The m_leaderLastOnline was only intitialized and never updated, this is one of the causes for the bug, the other fix implemented will ensure to check not only the leaders game object pointer, but also check the session and if the leader is in fact loading. This should prevent the leader being replaced by the next eligible party member. This also in effect stops multiple people in the party from having the party leader portrait added to them. (#60)","d64e6169a83a22756fca44ccc378909beb4f7396"
"2","Combat & Spells","f2cdc4891","2017-03-19","Gemt","EventProcessor::GetEvents should return const reference instead of value (#61)","f2cdc489129567418bbc5136eba49ee8dc29888f"
"5","Encounters & World","2f67a2503","2017-03-19","Ehli","Trade window glitch: The scam prevention system prevented players from accepting (#56)","2f67a25038afa3f4f32d38ad5325adad03ce36ba"
"5","General Systems","b6b420a83","2017-03-19","Fr4nsson","fix for issue 33 - trash abuse fix (#36)","b6b420a83ac803f037a89ecd1c956ad537ead559"
"2","Combat & Spells","c22121751","2017-03-19","EinBaum","Bugtracker #1887 and other level up stat fixes (#45)","c22121751d9a518b463d101d3a0eacc988539964"
"2","Combat & Spells","6482f1159","2017-03-19","GuybrushGit","Add PROC_EX_NO_PERIODIC flag to Shadow Vulnerability (#55)","6482f1159065938721406d5f1546a3fb24bb0647"
"5","General Systems","5f36518af","2017-03-19","Duks","Debian Jessie - Potential Fix (#59)","5f36518aff93a4ca922692c470ac58557d41332b"
"1","Crashes & Security","b89b87abd","2017-03-19","Gemt","cheaper check to cancel mindflay for eye tentacle if target is ported to stomach. Stoping cast of giant eye tentacle if current target is ported to stomach","b89b87abd998109bc162f545a13939db0cc06084"
"5","Core Architecture","d3dfeef24","2017-03-19","Gemt","players tanking giant tentacles can no longer be ported to stomach","d3dfeef2480c6d4ed5c0f289107ec3f9d6e1263a"
"5","General Systems","e569d2a11","2017-03-19","Cgbd","correct faction for npc after C'Thun, C'Thun grasps are now untargettables","e569d2a11955fcb12bae035c30ec3f97f46d032d"
"5","Core Architecture","09b575a13","2017-03-19","Gemt","Delayed removal from playersInStomach. WIP tank of giant tentacles cant be ported to stomach (need another function than JustSpawned).","09b575a1330b94ce4ab314e35b4e5997490e8eff"
"4","AI & Movement","5935c7c61","2017-03-19","Gemt","one timer for punting im stomach that affects all players, and is triggered by a player going close to punt area","5935c7c6133e70986165d87928a3e806a9517637"
"2","Combat & Spells","b92b86d25","2017-03-19","Gemt","EventProcesssor::GetEvents should return reference instead of copy","b92b86d255b30325c5a4a2f9a7a2557e5121b6ca"
"5","Encounters & World","d92984d8e","2017-03-19","Gemt","fix infinite loop if player in stomachList leaves instance","d92984d8e63da310c2d5507b5e1755824e58883c"
"5","Core Architecture","bf062077a","2017-03-19","Gemt","fixed random player not in stomach selection. It was always ignoring player 0 in temp list","bf062077a2175864d2b3fd0b8f0980d670d09bae"
"2","Combat & Spells","8e5987a54","2017-03-18","Gemt","minor cleanup. Added spell SPELL_DIGESTIVE_ACID_TELEPORT which im currently experimenting with, but something is missing in db. P1->p2 transition still bugged and unerliable.","8e5987a546bb874fd9d2e3751cb645d18d698db1"
"5","General Systems","d1866657f","2017-03-18","Gemt","possible fix for buggy reset when wiping in p2","d1866657ffa7e576b7d7fe573c4101e4b5590438"
"4","AI & Movement","01f33e6c3","2017-03-18","Gemt","cthun back to functioning almost correctly. Lots of cleanup. Green beam p1 now cast every 2 sec. No LOS check on green beam, but always target initial target 3 times (configurable) before random target. Bunch of experimental code to check if player is in cthun room using a polygon","01f33e6c350b212affd044cab14d34e9cc2e96c1"
"2","Combat & Spells","ce1693938","2017-03-18","Gemt","new spell, not used yet but should be used to kill players in stomach when noone alive outside","ce16939383f9791b9eec9c6662a09a76dff2bd55"
"5","Core Architecture","be13b5ddd","2017-03-18","Gemt","wip functionality to properly see if player is in cthuns room","be13b5ddda67c55818daf6073467344125e12d19"
"2","Combat & Spells","07a777d68","2017-03-17","Gemt","fixed spellid for vulnerable phase on cthun. experimenting with more stable animation p1->2. Still bugged aparently","07a777d6891c4a27325a4ee34cfce5986241a721"
"5","General Systems","092f00357","2017-03-17","Cgbd","Spawn C'Thun grasps, update npc after C'Thun positions","092f0035707b3ff9719f7631952291a4d5289f7f"
"5","General Systems","eba1a9ab0","2017-03-17","Gemt","fixed emerge animation.","eba1a9ab056ea8108fb522263b41eac70937c08b"
"4","AI & Movement","fd2fca22b","2017-03-17","Gemt","pull logic for cthun seems stable. Fixed body rotating in p1 by removing selecthostileTarget from updateAi of cthun","fd2fca22bdc14e9cd31afa44354cc296b7940631"
"1","Crashes & Security","ded5c51e0","2017-03-17","Gemt","merged cthun_new branch and added combat reach changes to CThun.sql","ded5c51e081854ae54cb5176f3795854a9a89f10"
"1","Crashes & Security","8fab7a6bd","2017-03-17","Cgbd","Few changes to Ouro, reworks submerge, despawn dirt mounds when fight resets, add few untargettable flags","8fab7a6bd71714e79e5cdbacc34e07753225ef1a"
"5","General Systems","209c36fee","2017-03-17","Cgbd","Add CThun sql corrections","209c36feefd6576ac864639c97a4648f60c69fba"
"5","General Systems","dd207dcf9","2017-03-17","Cgbd","Some corrections to twins, still need more works","dd207dcf98912a8dd3a8d0046925b7fb22eb3c3b"
"5","Encounters & World","119960655","2017-03-17","Cgbd","Rewrite Viscidus script, poison cloud should be improved","11996065512e5c6205fc8e1756cc71f65df65bc2"
"5","Encounters & World","fd6adf4bd","2017-03-17","Cgbd","Rewrite instance file, cleaner handle of areatrigger, implements Twins intro and C'Thun random whispers","fd6adf4bd58fba330c5493a92b68b83a59be6d0d"
"5","General Systems","54ba11fbc","2017-03-17","Cgbd","Update AQ40 header file","54ba11fbcb43cf7e13f41e07eeaa177891fc0775"
"5","General Systems","082b61579","2017-03-17","sidsukana","Fixed insertion WrongPassBan for account","082b615797db5e1087733a989459f31027f38c8a"
"5","General Systems","c75dc07b8","2017-03-16","Gemt","cleanup of cthun phases. Slightly better resetting, but still not 100%. Figured out why giant claw and eye could spawn in stomach and fixed.","c75dc07b8aec52ea66a8a5b335021bf3b318cd07"
"4","AI & Movement","d3a8532f6","2017-03-16","Staden","Add option to require email verification before accepting login attempts","d3a8532f67447aead654d3863c9564cf790022e6"
"1","Crashes & Security","05a7cb8f5","2017-03-16","Henrik Adolfsson","Small changes to Majordomo's texts (#49)","05a7cb8f592e73bf127ecdcad1b11bcc0b99661e"
"5","General Systems","aee6b8e5c","2017-03-16","Staden","Duels: Improve duel handling logic","aee6b8e5cb9d08993a7c188208d45f4b2d71c885"
"5","Encounters & World","287fdec16","2017-03-16","Zerix","[Core/Scripts]: Implement Event Based Timers (#43)","287fdec16db13f6af50554c9ad62863146e9e5a4"
"1","Crashes & Security","d1f6c369d","2017-03-16","EinBaum",".quest command changes (#46)","d1f6c369d078ada801bd27b5687bb36b851e5117"
"5","Core Architecture","962b4d860","2017-03-15","Gemt","WIP handling of players in stomach. Not done or tested, but compiles.","962b4d8605533df4eb2c11d7a1e02a330c7db0c2"
"4","AI & Movement","5f2dee272","2017-03-15","Gemt","logger functions for script library and several additions to ScriptInstance for handling AI dialogues, taken from cmangos","5f2dee2727a1e4ea9b94130242ad74641bfcd7c5"
"5","General Systems","6b3a95aa2","2017-03-15","Crogge","Fixed compiling issue on Linux caused by reinterpret_cast","6b3a95aa2e321fdf7b147f05d4194d538b32af1c"
"2","Combat & Spells","d746978fa","2017-03-15","Gemt","cthun can only target people in line of sight with green beam. Setting EcounterState on Cthun. Added cthun portal","d746978faf57312113c5581e5492bb0ee22d70eb"
"2","Combat & Spells","a4ce28732","2017-03-15","Gemt","TrashTiimer initialized and reset to cooldown properly","a4ce28732190a5813cbca3e1ac12f503a312b8a7"
"5","General Systems","43452c0d9","2017-03-15","StadenElysium","License update (#27)","43452c0d9cdce841bef71c592a381c38fb68d37a"
"5","Core Architecture","6954830d7","2017-03-14","Gemt","Im assuming a player thats jumping should be portable to the stomach","6954830d7b5058834cb398c9b2d82128c0498ede"
"1","Crashes & Security","29be6c57c","2017-03-14","Gemt","sometimes, presumably when encounter reset was buggy, AggroRadius would be called every update for a second or two AFTER the encounter had been started, causing cthun to chain several green eyebeams. This slightly ugly change to the is pulled logic fixes that.","29be6c57c02c448ac5f9c7530f6fef387070bf36"
"4","AI & Movement","18a3d141d","2017-03-14","Gemt","Improved timers p1->p2 transition and p2 tentacles. TransitionLogic has been completely rewritten. The timing is now much closer to what can be seen from retail vanilla videos. BeginEmergePhase() is removed, as it is unnecessary. My sources for timers can be found here: http://pastebin.com/PKKVEPqm","18a3d141d5f7e700cf9c23e0d23a4e2367445777"
"4","AI & Movement","19e6c496d","2017-03-14","Gemt","moved UnitInStomach out of cthunAI to reuse in giant_eye_tentacleAi","19e6c496d5884fc4418215de0e655fefa92c5f83"
"4","AI & Movement","9022666e9","2017-03-14","brotalnia","Quest Compendium of the Fallen should be unavailable to Undead (#24)","9022666e9814b2b19737eb18c095b6e4aec89490"
"5","Encounters & World","8ab8b9e32","2017-03-13","Gemt","StomachAcidTimer was 5 seconds judging from multiple videos from vanilla (Loot FTW, Curse, etc). Wowwiki says every 4 seconds, but I find these videos to be better sources.","8ab8b9e321cc269287852fa353178b7e5eb72d8e"
"5","General Systems","ba5e184ca","2017-03-13","Gemt","correct initial eyeTentacleTimer in p2 C'thun","ba5e184cad6947c7b653b174d264dfcafa99ee06"
"5","Core Architecture","2bda321ac","2017-03-13","Gemt","dead player can no longer be ported to stomach","2bda321aceb66996478aac7b08cfbadeff9d2dcc"
"1","Crashes & Security","87ea0b8f9","2017-03-13","Henrik Adolfsson","Bug 3688. Change damage school from frost to nature on Noxxion and his adds (#19)","87ea0b8f96eff48cc42a5ab668a5b4c1bc26987a"
"5","General Systems","c4e32e23c","2017-03-13","EinBaum","Fix level up health text (#18)","c4e32e23c01db0b9f89fbe240115fb677fb9f166"
"5","Core Architecture","782698d76","2017-03-12","Staden","Fix incorrect arguments to SpawnNewPlayer","782698d76970177a115f56fc700c8acb2edb1129"
"1","Crashes & Security","641e6a564","2017-03-12","sidsukana","* FIX: Nightmare Dragons spawn crash has been fixed","641e6a564c6f9f6c6695296666e530e460ac563d"
"2","Combat & Spells","d8e4a5bbe","2017-03-12","sidsukana","* FIX: melee attack-range leeway mechanic close #12 with corrections","d8e4a5bbe3d04051844a3c764202b95c4a23ca9a"
"2","Combat & Spells","a10772dbe","2017-03-11","Connor Mulqueen","Fixed a spelling error in a comment (#9)","a10772dbe9d061129f9d7ecef3ca5f5ebf1109c6"
"1","Crashes & Security","d08ab2e53","2017-03-11","sidsukana","* FIX: Fixed little static memleak","d08ab2e537b7206178b1c5ec67323eb03a9e0412"
"5","Encounters & World","3f3ad1028","2017-03-10","Henrik Adolfsson","* EDIT: English translations for BWL scripts","3f3ad102802f63057569f08ce00d49131a8558ce"
